{"type":"Topology","arcs":[[[23950,76754],[44,93],[30,23],[-1,29],[24,110],[-9,29],[49,49],[28,-25],[52,77],[29,20]],[[24196,77159],[21,-84],[-4,-37],[53,-48],[13,-47],[27,-42],[26,6],[27,-51],[44,-25],[6,-40],[31,-22],[67,-104],[36,-91],[19,-124],[-18,-16],[18,-44],[-5,-78],[14,-80],[44,-33],[8,-46],[28,-53],[39,-5],[-15,-40],[17,-76],[-10,-45],[-9,-112],[14,-103],[69,-108]],[[24756,75611],[1,-78],[33,-25],[10,-60],[21,-58],[5,-59],[17,-53],[24,-27],[-1,-55],[29,-30],[22,3],[-4,-63],[68,-87],[12,-49],[23,-15],[76,15],[50,-53],[59,17],[33,-19],[21,-32],[38,-18],[45,7],[18,-16],[25,-62],[53,-46],[55,-17],[29,9],[10,-33],[42,-31],[16,-28],[47,-12],[27,-63],[32,-31],[63,-19],[35,-21],[23,-87],[76,-94],[-2,-47],[48,-84],[-3,-64],[38,-62],[11,-48],[24,-26],[49,-9],[40,9],[26,37],[44,-2],[37,18],[19,-9],[64,29],[11,20],[40,-54],[47,-5],[103,14],[41,-52],[16,-54],[49,-70],[48,-22],[41,-70],[85,-41],[47,18],[83,15],[47,66],[51,46],[79,58],[22,31],[1272,1282]],[[28366,75245],[153,3],[33,11],[110,-38],[35,-18],[56,-10],[48,-44],[33,-10],[32,-31],[53,-29],[35,-37],[89,-30],[29,0],[83,-30]],[[29155,74982],[-26,-87],[-21,-24],[-1,-60],[-23,2],[-22,-71],[8,-40],[-14,-83],[13,-23],[8,-98],[-11,-52],[-107,-23],[-76,-54],[6,-74],[-27,-71],[-49,-152],[-24,-34],[-8,-51],[10,-111],[-48,-13],[-18,-32],[9,-80],[-84,-41],[-23,-51],[15,-121],[15,-23],[0,-52],[-73,-101],[6,-95],[-21,-16],[-31,-124],[-1,-118],[-11,-72],[14,-50],[-35,-66],[8,-79],[-7,-66],[-22,-33],[28,-74],[-13,-33],[-2,-64],[18,-42],[0,-61],[-14,-87],[13,-113],[-51,-81]],[[28463,72088],[-6,-33],[-52,-54],[-52,1],[-11,-18],[-73,14],[-45,-20],[-40,-35],[-23,-38],[-34,-5],[-33,-46],[-11,30],[-53,-24],[-5,-65],[-49,-34],[-14,-83],[-24,-13],[-50,-75],[-41,-4],[-27,-103],[-52,-62],[-41,-35],[-36,-87],[-39,-47],[-5,-34],[-60,-86],[19,-117],[-14,-58],[11,-26],[-52,-129],[13,-60],[-30,-72],[-22,-22],[-37,-67],[-5,-48],[-23,-48],[-39,-21],[-48,-52],[-60,-138],[-35,-38],[-28,-68],[-53,-28],[-57,-64],[-58,-86],[-18,-3],[-44,-67],[-138,-63],[-64,-3],[-63,7],[-69,-50],[-38,-53],[-29,-11],[-79,-64],[-81,-40],[-67,-76],[-6,-53],[7,-45],[8,-247],[-465,219],[-42,-26],[-39,-4],[-57,40],[-23,2],[-108,100],[-81,45],[-27,49],[-55,42],[-38,12],[-27,31],[-93,56],[-21,1],[-74,-32],[-34,0],[-39,30]],[[25165,69787],[20,77],[60,28],[26,69],[19,25],[-12,37],[-96,163],[-152,238],[31,25],[51,136],[13,62],[48,136],[12,18],[-186,810],[-80,4],[-49,-32],[-24,11],[-42,-23],[-35,39],[-83,-28],[-63,28],[-39,40],[-32,13],[-18,67],[-45,78],[-44,35],[-29,69],[-32,41],[-24,57],[-10,64],[-45,58],[0,71],[-53,138],[18,74],[-18,70],[-10,74],[6,100],[10,24],[-11,88],[12,94],[20,37],[9,60],[-17,31],[4,82],[40,43],[20,54],[-54,106],[-5,94],[7,61],[19,53],[-22,73],[42,153],[-13,65],[-12,160],[-33,47],[-26,13],[-9,33],[1,82],[-15,12],[5,70],[-33,35],[-7,44],[-33,28],[36,35],[5,36],[-48,58],[-33,-13],[-12,21],[-3,64],[-32,24],[-1,123],[-59,85],[-31,-9],[-8,64],[2,88],[-13,49],[-29,36],[1,88],[-8,53],[6,40],[-65,69],[-20,49],[33,5],[-4,106],[-21,22],[-11,64],[17,55],[-26,61],[3,94],[41,42],[-35,134],[4,79],[31,29],[-17,87],[32,66],[-23,54],[2,52],[29,74],[-10,91],[28,96],[0,47],[25,83],[8,75],[13,16],[-4,61]],[[23950,76754],[-39,-46],[-62,-33],[-93,10],[-33,-21],[-78,-25],[-29,-28],[-61,26],[-94,13],[-35,44],[-50,-8],[-57,-28],[-42,-48],[-108,-42],[-33,0],[-26,-21],[-74,-1],[-36,-13],[-68,-3],[-53,25],[-125,-43],[-13,3]],[[22741,76515],[4,52],[39,718]],[[22784,77285],[21,340],[27,314],[47,601],[35,474],[40,454],[32,818],[29,52],[20,-2],[63,-47],[52,-50],[42,-66],[178,-20],[255,-38],[243,-30],[254,-36]],[[24122,80049],[6,-20],[-30,-92],[1,-49],[-18,-42],[19,-41],[-4,-64],[-26,-79],[-20,-128],[-52,-80],[2,-89],[41,-21],[50,-57],[1,-70],[-26,-57],[-24,-79],[18,-78],[26,-41],[2,-56],[47,-41],[-5,-62],[2,-127],[9,-26],[-8,-65],[-27,-67],[-21,-20],[-20,-105],[14,-56],[-3,-85],[20,-81],[0,-70],[-17,-17],[-26,-100],[1,-37],[28,-62],[54,-61],[3,-21],[-29,-94],[-40,-74],[21,-30],[7,-51],[32,-45],[43,3],[15,-107],[-34,-44],[-3,-97],[45,-105]],[[29547,75680],[-22,124],[20,38],[-12,33],[7,83],[50,25],[60,109],[7,46],[19,18],[20,57],[38,46],[26,63],[18,90],[49,89],[38,26],[25,63],[22,18],[19,52],[36,56],[24,3],[70,95],[60,-36],[55,22],[37,1],[6,72],[17,62],[47,60],[20,47],[30,-12],[11,41],[30,-10],[34,36],[42,9],[18,23],[26,-35],[27,-72],[20,-6],[24,31],[-15,35],[55,53]],[[30605,77135],[102,-163],[210,-328],[163,-260],[52,57],[181,59],[37,30],[19,34],[258,-59],[230,-48],[159,247],[155,191],[194,297],[293,458]],[[32658,77650],[64,47],[90,18],[35,-4],[110,-111],[78,-34],[51,-42],[80,-105],[109,-78],[34,-30]],[[33309,77311],[56,-70],[35,-86],[10,-115],[-18,-204],[-5,-148],[23,-69],[17,-17],[116,-17],[70,11],[62,-32],[45,-74],[77,-167],[-1,-47],[-33,-43],[-75,-63],[-104,-68],[-43,-57],[-24,-74],[14,-70],[102,-145]],[[33633,75756],[-55,-61],[-53,46],[-110,1],[-4,-61],[18,-43],[40,-39],[-18,-26],[-39,-5],[-58,9],[-35,88],[-39,-27],[-3,-97],[24,-56],[-25,-41],[-52,19],[-20,38],[14,94],[-34,-6],[-10,-138],[-30,-26],[-59,19],[-41,65],[-27,-26],[13,-47],[25,-38],[-58,-43],[-20,63],[-36,-48],[-28,-2],[-58,51]],[[32855,75419],[-20,83],[-50,165],[-486,435],[-15,-45],[-35,-21],[-46,-131],[-14,-60],[-51,-110],[-43,-25],[-35,-45],[-23,-59],[-59,-39],[-5,-27],[14,-59],[-32,-37],[-69,-19],[-60,-39],[-13,-26],[-47,-34],[6,-37],[-16,-90],[-23,-63],[-87,-164],[-42,-103],[-66,-98],[-58,-47],[-17,-42],[-38,-29],[6,-90],[11,-10],[-618,-97],[-30,-124],[-74,65],[-132,98],[-90,101],[-302,126],[-183,50],[2,51],[-16,96],[-41,136],[-49,123],[-51,67],[-14,45],[-28,44],[-26,78],[-63,75],[-27,48],[-62,56],[-51,66],[-40,23]],[[30605,77135],[10,40],[-31,52],[13,50],[49,22],[8,42],[21,21],[10,59],[-52,20],[28,80],[-18,46],[-61,10],[-41,30],[32,63],[1,35],[30,66],[-63,52],[10,46],[-7,63],[-44,75],[-5,39],[-35,33],[1,59],[20,68],[-63,71],[-1,44],[14,38],[-11,34],[-43,56],[-8,53],[33,27],[-21,60],[1,30]],[[30382,78619],[-7,48],[-37,13],[-21,53],[33,73],[-6,44],[23,39],[25,4],[49,67],[3,55],[61,-35],[52,49],[24,-2],[74,97],[62,-89],[47,0],[77,165],[86,73],[12,21],[82,-45],[31,22],[34,1],[31,38],[23,-23],[61,36],[34,-3],[-3,38],[29,38],[22,-65],[27,26],[42,-16],[53,34],[43,93],[35,23],[-12,69],[51,12],[23,37],[-26,27],[21,72],[-6,51]],[[31534,79759],[58,-27],[36,12],[61,48],[58,-14],[30,-40],[76,-133],[34,-86],[106,-144],[50,-58],[49,-34],[109,-42],[40,-2],[50,13],[49,-27],[105,-200],[46,-135],[23,-46],[12,-60],[7,-137],[18,-99],[-10,-80],[-29,-91],[2,-151],[9,-60],[22,-276],[10,-168],[15,-43],[24,-20],[64,-9]],[[45908,78342],[-57,-2],[-3,-70],[-26,-86],[-22,-36],[-62,8],[-24,42],[37,93],[10,59],[-17,41],[2,61],[-43,0],[-17,-54],[-56,-88],[-18,6],[-2,67],[18,31],[-25,46],[-4,35],[-27,35],[-102,4],[-18,-45],[26,-69],[-22,-104],[-41,-13],[-30,44]],[[45385,78347],[4,21],[-15,84],[5,32],[-32,67],[40,52],[-10,39],[15,52],[-6,33],[-31,42],[-76,35],[-46,5],[-24,43],[-23,98],[-25,2],[-10,-34],[-36,-13],[-41,74],[-18,96],[20,62],[-35,75],[-41,-43],[-35,-82],[-5,-50],[-21,-74],[-57,-106],[-17,-64],[-24,-2],[-4,57],[-39,-3],[-11,45],[37,75],[8,38],[27,49],[-34,93],[-30,12],[-86,-1],[-42,16],[8,67],[21,70],[-35,50],[-32,18],[-33,-25],[-52,-59],[-32,24],[-28,49],[-15,107],[-39,24],[-25,-14]],[[44405,79483],[21,65],[-10,45],[25,31],[96,-68],[57,9],[31,31],[35,93],[44,91],[79,10],[1,60],[32,50],[14,86],[30,89],[55,71],[40,36],[48,59],[4,25],[33,36],[15,69],[26,23],[-10,40],[34,97],[32,21],[8,27],[35,17],[24,31],[4,36],[27,14],[58,150],[30,53],[62,40],[58,106],[88,235],[21,90],[44,119],[19,21],[12,60],[52,170]],[[45679,81721],[184,-104],[102,270],[147,-165],[51,135],[40,120],[28,4],[79,-58],[23,-5],[31,-45],[30,26],[35,5],[22,36],[49,4],[27,-17],[105,155],[22,50],[40,25],[24,48]],[[46718,82205],[41,29],[41,-22],[26,-49],[3,-49],[51,-82],[3,-49],[47,-82],[16,-8],[7,-72],[33,-36],[0,-33],[39,-50],[-4,-130],[6,-46],[30,-74],[14,-84],[35,-81],[24,-34],[0,-102],[-27,-73],[-16,-95],[2,-53],[69,-72],[41,-124],[77,-72],[59,-74],[-49,-247]],[[47286,80341],[-86,-219],[-73,-85],[-46,-41],[-89,-125],[-13,-75],[-59,-88],[-100,-50],[-26,-48],[-5,-46],[-22,-59],[-49,-89],[-69,-86],[-51,-34],[-37,15],[-46,-11],[-19,-37],[-8,-113],[-24,-58],[4,-37],[-23,-100],[-40,-51],[-54,-101],[-62,-83],[-20,-8],[-3,-46],[-18,-12],[-44,36],[-16,-6],[-50,-121],[-58,-165],[-24,12],[-57,-34],[-45,-57],[-46,23]],[[36319,76034],[-35,41],[25,80],[-27,0],[-21,106],[31,117],[20,32],[7,50],[39,54],[-14,15],[9,94],[-15,35],[4,44],[28,12],[-12,55],[49,71],[24,72],[48,63],[-13,62],[61,37],[29,58],[59,15],[58,45],[28,10],[24,53],[27,2],[89,104],[-16,33],[21,56],[-18,53],[-20,16],[-8,54],[13,47],[-3,42],[50,102],[5,44],[35,-12],[39,42],[16,40],[50,30],[14,37],[31,24],[-8,68],[69,167],[14,78],[20,2],[33,105],[94,37],[59,62],[29,-2],[39,60],[31,91],[18,2]],[[37448,78639],[43,-38],[35,-52],[51,-3],[78,36],[85,127],[27,53],[76,57],[37,77],[48,25],[41,-17],[32,-34],[56,-23],[52,11],[96,89],[65,21]],[[38270,78968],[43,-35],[47,-10],[32,-41],[32,-15],[52,-44],[42,-7],[48,-35],[21,-44],[291,-169],[34,-64],[64,-61],[4,-135],[12,-84],[-4,-80],[12,-84],[-4,-26],[643,-394],[-85,-25],[-55,-60],[-28,-54],[-42,-50],[-150,-112],[-108,33],[-43,6],[-44,-13],[-43,-30],[-73,-89],[-65,-32],[-70,-51],[-76,-79],[-69,-96],[-46,-33],[-59,-100],[-16,-68],[-46,-80],[-29,-28],[-34,-56],[-51,-164],[-13,-20],[-12,-129],[35,-64],[11,-40],[-35,-48],[-27,20],[-16,-24],[-40,6],[-26,-52],[-41,-15],[-31,37],[-18,-13]],[[38194,76117],[-14,-2],[-639,47],[-42,16],[-67,45],[-69,-19],[-60,14],[-110,47],[-60,-10],[-64,-43],[-46,-3],[-57,18],[-46,38],[-90,-23],[-34,19],[-3,-51],[-27,-48],[-35,-9],[-15,63],[-18,31],[9,36],[-54,20],[-33,-17],[-32,28],[-27,-74],[-54,-3],[-29,-49],[0,-64],[-30,0],[-15,-41],[-39,-2],[-75,-47]],[[36319,76034],[-49,-26],[9,-34],[-22,-67],[-42,-12],[-23,35],[-39,-19],[-2,-65],[-29,-52],[23,-40],[-24,-21],[-49,-8],[20,-43],[-50,-72],[-71,-4],[-45,-25],[0,-93],[-21,-45],[-50,28],[-45,3],[13,-71],[-6,-39],[-33,-14],[-53,18],[-10,-76],[-48,-19],[-12,29],[-28,-11],[-34,32],[-26,-36],[4,-65],[-40,-49],[30,-79],[-53,-27],[-14,29],[6,40],[-50,4],[-27,56],[-39,13],[-10,-23],[-4,-85],[21,-68],[-45,1],[-17,-44],[-2,-54],[-30,-11],[-22,26],[-19,-53],[-25,-6],[-24,90],[-26,-7],[-37,-65],[-6,-47],[-46,-35]],[[35098,74828],[-43,110],[-28,53],[-94,115],[-95,151],[-36,46]],[[34802,75303],[34,46],[0,33],[25,51],[22,91],[33,1],[27,26],[-14,52],[31,50],[51,5],[39,62],[13,58],[-20,26],[24,32],[41,-9],[39,46],[-27,117],[43,35],[32,-8],[55,67],[-7,55],[20,26],[-6,46],[-27,81],[13,33],[-35,38],[-8,60],[21,21],[-12,118],[33,33],[29,2],[24,44],[-1,40],[34,15],[20,72],[-8,45],[9,42],[31,28],[4,54],[27,66],[-5,59],[23,35],[3,63],[27,56],[1,51],[63,55],[14,68],[30,70],[6,114],[-65,73],[16,101],[-20,91],[35,57],[-7,44],[11,110],[18,7],[16,74],[30,5],[24,107],[49,80],[35,-13],[56,43],[9,29],[37,36],[-3,54],[23,8],[17,92],[29,51],[28,6],[34,37],[7,38],[27,19],[3,117],[54,97],[43,14],[20,31],[30,-15],[20,72],[17,-2],[51,75],[32,61],[65,-12],[41,70],[88,-51],[28,69],[25,8],[39,86],[69,67],[82,153],[9,31],[45,49],[16,46],[7,114],[34,54],[16,68],[48,49],[44,102],[51,53],[38,6],[2,24]],[[36996,80159],[11,19]],[[37007,80178],[27,-12],[110,-149],[32,-69],[18,-71],[39,-71],[115,-49],[115,-36],[-26,-42],[-13,-71],[-1,-113],[61,-131],[37,-119],[-4,-44],[8,-90],[-11,-64],[-27,-84],[-31,-178],[-11,-24],[3,-122]],[[24122,80049],[-4,92],[-21,32],[-5,106],[23,39],[52,3],[-11,104],[-22,95],[12,102],[15,25],[-15,49],[2,41],[-30,36],[27,96],[-5,91],[-39,28],[3,45],[93,86],[26,46],[-28,48],[26,45],[9,68],[-11,60],[-17,24],[5,49],[-37,91],[-1,51],[19,79],[31,56],[-1,23],[39,89],[13,102],[24,81],[16,85],[62,102],[0,72],[48,65],[14,49],[-3,80],[61,24],[-7,43],[-22,35],[6,61],[37,-11],[17,-33],[20,85],[37,41],[-2,68],[18,38],[-20,40]],[[24576,82875],[97,-38],[96,-5],[28,17],[73,99],[45,27],[43,12],[162,28],[68,23],[44,25],[29,36],[114,116],[30,47],[30,75],[26,110],[3,104],[26,42],[44,-16],[39,-50],[33,-67],[34,-98],[39,-92],[50,-50],[13,-42],[-13,-85],[-21,-61],[-52,-116],[-51,-145]],[[25605,82771],[-117,-283],[-6,-125],[16,-48],[50,-59]],[[25548,82256],[-13,-25],[-57,-46],[18,-41],[36,2],[14,-163],[13,-62],[-13,-32],[38,-66],[-5,-37],[18,-64],[-7,-61],[27,-67],[-6,-52],[20,-59],[-12,-53],[48,-117],[20,-24],[24,-129],[-16,-8],[83,-352],[16,-25],[15,-81],[301,-73],[260,-76],[12,-39],[-2,-91],[52,-101],[12,-58],[28,-34],[3,-53],[35,-89],[-6,-47],[9,-61],[31,-63],[27,-17],[31,-83],[37,-67],[-4,-41],[18,-46],[-7,-69],[5,-73],[16,-78],[-9,-46],[28,-193]],[[26686,79196],[34,-58],[29,-130],[30,-87],[14,-98],[44,-169],[42,-43],[40,-10],[137,-52],[59,-50],[-931,-156],[1,-54],[18,-8],[-4,-170],[28,-39],[4,-97],[-16,-114],[0,-144],[-34,-38],[-128,-25],[-63,-27],[-22,-27],[-68,-168],[-77,-94],[-69,-108],[-16,-49],[-33,-60],[-28,-30],[-112,-46],[-55,-47],[-13,-712],[3,-51],[37,-172],[-24,-120],[-6,-74],[-22,-70],[-26,-7],[-44,-50],[-160,-26],[-83,-49],[-36,-37],[-73,-6],[-128,-33],[-91,28],[-88,-8]],[[47286,80341],[84,-56],[91,-164],[67,-91],[149,-88],[233,-430],[79,-140],[180,470],[81,-23],[105,124],[65,45],[67,33],[21,20],[333,-113],[27,-14],[18,-67],[28,-61],[63,-47],[62,-77],[20,-49],[57,22],[54,-66],[4,-39],[70,-106],[43,-33],[16,-73],[17,-38],[13,-113],[25,-64],[56,-14],[59,43],[39,9],[25,-18],[25,72],[23,21],[52,13],[74,-16],[14,-61],[52,54],[68,-59],[32,16],[14,51],[41,26],[48,-37],[40,15],[18,58],[28,-56],[27,10],[2,58],[-15,61],[70,-14],[25,27]],[[50175,79362],[-27,-83],[-31,-166],[-68,-453],[-18,-89],[17,-203],[30,-112],[-45,-35],[-31,-9],[41,-375],[-12,-19],[-2,-146],[21,-24],[3,-47],[21,-76],[60,1],[28,-44],[8,-51],[-15,-58],[40,-57],[-8,-46],[44,-517],[84,-1325]],[[50315,75428],[-35,8],[-93,71],[-48,9],[-87,-38],[-1,-38],[-25,-25],[-42,100],[-40,67],[-39,6],[-24,-45],[-19,-63],[-40,43],[-47,-10],[-12,83],[-39,7],[-19,28],[-53,37],[-36,91],[-51,81],[5,61],[-16,64],[-87,55],[-76,-28],[-66,8],[-56,34],[-24,-15],[-59,15],[-83,67],[-38,10],[-28,35],[-36,16],[-33,-11],[-27,19],[-75,-12],[-13,14],[-60,13],[-28,30],[-56,7],[-68,52],[-40,52],[-61,31],[-9,28],[-41,50],[-255,-203],[-1,60],[-19,24],[-11,93],[-4,142],[-55,107],[-73,55],[-55,-36],[-54,-18],[-14,-33],[-31,-12],[-26,-35],[-39,1],[-12,-43],[-80,39],[-42,-37],[-46,-14],[-72,18],[-47,55],[-24,52],[-45,-11],[-16,37],[-24,-8],[-33,64],[-35,45],[-29,-29],[-4,-48],[-30,15],[-68,0],[-36,73],[-45,33],[2,32],[-33,56],[52,70],[6,41],[-63,-30],[-75,87],[-15,39],[-37,33],[2,37],[28,52],[-47,80],[-68,37],[-51,12],[-47,24],[-14,43],[5,72],[-24,24],[23,42],[-54,149],[-15,-8],[-32,-70],[-45,17],[-33,52],[5,35],[-20,34],[-31,-16],[-8,-61],[-41,19],[-61,-33],[-28,1],[-31,50],[-8,44],[65,94],[24,66],[-58,49],[-34,-57],[-48,33],[-9,-21],[-69,-58],[-54,65],[-30,-12],[-1,-46],[-39,0],[-54,57],[-32,10],[-42,67],[-33,-22],[-7,114],[-24,5],[-36,-27],[-81,-40],[16,96],[10,107],[43,52],[-6,25]],[[46718,82205],[5,74],[-52,32],[28,77],[39,35],[16,46],[-37,89],[13,27],[33,-9],[37,10],[29,109],[40,122],[-14,130],[16,47],[-17,14],[25,49],[32,29],[-13,98],[23,2],[33,37],[19,74],[-56,61],[-12,27],[14,73],[21,42],[65,68],[-27,57],[-9,80],[31,51],[-18,67]],[[46982,83823],[31,18],[38,-14],[13,58],[23,-31],[15,33],[57,-43],[-7,-58],[-35,-53],[13,-52],[33,8],[9,-68],[-34,-11],[-33,-31],[49,-41],[-3,-110],[66,-17],[18,20],[3,55],[76,59],[27,54],[58,26],[2,49],[16,54],[45,86],[39,97],[21,23],[27,66],[1,65],[23,74],[7,69],[-12,75],[4,46],[43,98],[72,1],[815,-8]],[[48502,84420],[1703,-20],[72,-7],[-2,-32],[-46,-55],[1,-80],[20,-52],[37,-60],[14,-48],[24,-34],[13,-120],[-8,-153],[-24,-8],[-8,-51],[-45,-83],[34,-80],[0,-66],[-25,-32],[-11,-54],[7,-43],[-52,4],[12,-46],[-1,-64],[17,-65],[23,-25],[3,-116],[-58,-55],[-32,-59],[-9,-131],[12,-22],[-16,-59],[-38,-1],[-14,-79],[-31,-30],[-70,-29],[-47,-50],[-28,-72],[-36,-53],[1,-156],[-5,-59],[-16,-37],[-15,-98],[-2,-99],[10,-64],[-1,-84],[-25,-24],[-26,-71],[-9,-59],[0,-99],[33,-98],[128,-198],[27,-79],[20,-105],[20,-32],[53,-32],[43,1],[102,-26],[30,-29],[30,-70],[21,-98],[14,-21],[58,-19],[23,-23],[67,-39],[-1,-82],[-116,-261],[-20,-56],[-37,-162],[-65,-219],[-18,-49],[-57,-234],[20,-118],[-18,-103],[13,-26]],[[45385,78347],[-62,-60],[-28,-48],[18,-20],[62,-146],[-2,-76],[-30,-96],[0,-47],[-63,-74],[8,-39],[77,62],[23,-4],[-12,-57],[26,-34],[40,-21],[52,-6],[37,-34],[30,-58],[-33,-25],[-44,48],[-25,7],[-9,-71],[-19,-50],[15,-25],[50,21],[79,2],[22,-35],[-53,-54],[-43,-3],[9,-41],[50,-56],[-10,-42],[-28,-24],[-43,10],[-17,-18],[6,-68],[19,-7],[36,-64],[34,-25],[51,0],[21,67],[30,4],[17,-48],[6,-121],[-10,-15],[-52,14]],[[45620,76970],[-42,29],[-36,0],[-7,-24],[16,-66],[35,-69],[-21,-34],[-36,-4],[-50,61],[-30,-16],[-10,-57],[27,-79],[38,-44],[7,-69],[-24,-12],[-64,-2],[-45,-55],[12,-52],[-39,-84],[-4,-52],[26,-29],[-32,-105],[74,-36],[14,-33],[-59,-98],[-30,-86],[15,-55],[-52,-79],[38,-145],[3,-49],[72,-65],[11,-28],[-16,-55],[9,-20],[-24,-57]],[[45396,75401],[-12,-27],[-130,-160],[-38,-68],[-36,-48],[-17,-75],[-38,-89],[-33,-165],[-55,-33],[-26,0],[-138,25],[-110,-22],[-99,-1],[-17,16],[-55,8],[-46,-60],[-16,17],[-43,-39],[-52,24],[-39,65],[-54,-24],[-40,72],[-34,-7],[-50,19],[-14,31],[-37,9],[-26,-42],[2,-88],[-53,6],[-26,-79],[-40,11],[-26,-12],[-8,-57],[-21,14],[-48,-94],[-14,41],[-143,27],[-13,57],[-49,5],[3,-60],[-21,-41],[-7,-60],[-24,-24],[-44,-9],[-61,58],[-4,-36],[-51,-58],[3,-67],[-30,11],[-8,-83],[-33,-40],[4,-24],[-61,-71],[-47,32],[-14,-12],[-37,55],[-35,-17],[-19,-67],[-57,-49],[-23,-4],[-63,63],[-23,-57],[13,-53],[-38,-8],[-49,-33],[-4,94],[-59,-21],[-75,-39],[16,-64],[-2,-71],[25,-28],[6,-42],[-23,-78],[16,-47],[-7,-40],[-52,16],[-39,54],[-19,-36],[-4,-68],[26,-65],[7,-53],[30,-72]],[[42818,73444],[-19,-9],[-27,29],[-35,4],[-17,-35],[-28,4],[-33,-25],[20,-41],[25,-16],[31,12],[7,-44],[-22,-39],[41,-37],[7,-48],[-37,-3],[-36,-38],[-37,70],[-14,60],[-33,45],[-32,17],[-37,-48],[7,-49],[-10,-55],[-50,-28],[-31,-49],[-15,-78],[-38,107],[14,53],[26,42],[-1,31],[-27,53],[1,54],[-21,29],[-21,-47],[-38,-33],[1,-53],[-19,-31],[15,-91],[-45,-5],[-14,28],[-51,44],[-33,-4],[3,83],[28,68],[-23,61]],[[42200,73432],[1,55],[13,60],[47,16],[31,37],[-9,61],[8,37],[-6,60],[30,48],[6,57],[33,30],[25,118],[56,49],[69,-18],[30,31],[46,-40],[70,19],[54,72],[23,72],[12,75],[19,61],[36,47],[-3,75],[26,66],[58,27],[20,46],[31,31],[10,43],[36,49],[52,29],[50,83],[17,57],[-3,78],[-12,101],[13,39],[73,96],[19,47],[30,116],[907,1117],[-24,95],[-3,54],[-39,114],[-19,25],[-116,0],[-61,7],[-24,-23],[-49,6],[-75,-19],[-40,-21],[-67,15],[-65,-23],[-40,30],[-55,-1],[-48,89],[-36,19],[-45,61],[0,44],[47,77],[0,86],[-18,40],[8,47],[1,151],[-32,49],[7,33],[-37,52],[-30,-10],[-23,34],[16,88],[-25,29],[-6,44],[23,42],[35,18],[2,119],[-24,55],[-34,23],[-7,28],[51,54],[15,78],[23,47],[-5,70],[-54,-14],[-75,-4],[8,66],[52,59],[32,49],[-43,21],[-51,46],[40,49],[64,-15],[18,102],[-23,16],[-44,-26],[-23,53],[-34,32],[17,90],[35,58],[-6,92],[-89,69],[30,26],[16,36],[41,-1],[14,43],[-28,130],[-23,9],[5,65],[38,16],[6,44],[-98,170],[34,64],[23,14],[62,-9],[41,41],[4,28],[-53,24],[-34,-11],[-25,37],[6,33],[-19,49],[7,28],[45,23],[16,100],[-31,19],[13,89],[-36,-19],[-32,26],[-1,120],[-58,-32],[-13,37],[-26,-3],[-5,56],[11,48],[35,70],[-12,17],[29,63],[30,25],[-14,65],[-23,20]],[[43098,80508],[20,41],[67,78],[28,11],[28,-32],[35,-122],[27,-64],[3,-48],[-44,-120],[7,-31],[40,-28],[38,-52],[34,20],[42,-7],[8,-20],[45,49],[53,98],[81,59],[59,-24],[6,-34],[-32,-78],[-17,-82],[104,-9],[59,61],[59,37],[25,-36],[-38,-57],[33,-43],[29,-83],[60,1],[14,32],[78,52],[35,-3],[4,-51],[-10,-47],[-39,-7],[-24,-23],[-70,-3],[-6,-36],[78,-44],[-27,-38],[-12,-98],[15,-32],[76,84],[64,10],[13,-25],[15,-97],[42,1],[28,-15],[30,-51],[-9,-22],[-50,2],[-23,-23],[-18,-54],[9,-25],[72,20],[-8,-121],[24,-104],[47,5],[58,83],[8,58],[34,62]],[[13731,81731],[-8,55],[4,54],[21,60],[74,133],[40,162],[11,85],[19,73],[-47,61],[-63,121],[-21,69],[-30,207],[2,104],[24,238],[24,122],[44,96],[120,155],[60,144],[36,111],[75,292],[39,84],[92,174],[33,85],[28,107],[60,168],[68,151],[17,47],[19,101],[23,202],[32,251],[35,135],[32,83],[31,59],[90,118],[61,131],[31,119],[32,219],[10,107],[46,285],[43,325],[22,259],[5,556],[25,232],[-13,114],[-51,102],[-13,93],[-5,125],[11,59],[117,214],[29,91],[87,210],[26,133],[-1,64],[-29,85],[-15,124],[4,71],[42,174],[33,175],[23,334],[13,82],[29,111],[30,84],[96,194],[33,31],[123,64],[50,44],[45,54],[32,57],[40,51],[77,68],[138,105],[107,124],[37,59],[43,100],[31,48],[62,75],[83,46],[103,20],[124,59],[74,52],[95,100],[50,89],[20,59],[39,154],[78,182],[47,72],[130,99],[83,55],[108,81],[103,63],[100,32],[114,22],[158,55],[108,134],[88,88],[168,115],[86,55],[79,68]],[[18259,93290],[38,-128],[121,-436],[40,-129],[22,-32],[19,-63],[3,-44],[24,-46],[26,-81],[85,-119],[61,-24],[63,-73],[31,-2],[146,-66],[-21,-189],[-109,-759],[157,-167],[495,-541],[47,60],[65,106],[61,62],[37,4],[30,28],[49,-60]],[[19749,90591],[-888,-1820],[-130,-291],[-36,-88],[-84,-186],[-160,-373],[-88,-197],[-118,-274],[-114,-253],[-301,-693],[-177,-433],[-38,-167],[-43,-169],[-34,-115],[6,-55],[31,-497],[-2,-73],[-29,-26],[-13,-48],[-30,-57],[-2,-52],[19,-41],[-1,-57],[-36,-80],[20,-72],[-3,-35],[-31,-72],[-6,-80],[-36,-53],[-115,-32],[-79,-42],[-97,-103],[-48,-119],[-17,-86],[-2,-55],[-24,-36],[-27,-10],[-73,43],[-24,-20],[-45,8],[-72,-24],[-61,12]],[[16741,83770],[-19,61],[-46,82],[-45,51],[-91,75],[-79,41],[-34,0],[-39,-22],[-42,-92],[-14,-55],[-58,-165],[-38,-153],[-19,-44],[-124,-187]],[[16093,83362],[-72,-97],[-72,-49],[-177,-68],[-49,-12],[-45,6],[-158,78],[-50,53],[-54,94],[-41,51],[-130,69],[-44,9],[-42,-12],[-61,-62],[-32,-61],[-16,-53],[-7,-76],[23,-157],[1,-85],[-17,-45],[-30,-38],[-82,-81],[-19,-34],[-2,-68],[19,-85],[0,-35],[-18,-117],[6,-126],[22,-110],[37,-140],[-10,-62],[-20,-38],[-64,-71],[-103,-155],[-74,-94],[-41,-32],[-91,-8],[-67,8],[-69,-5],[-56,-14],[-80,-36],[-121,-133],[-68,-80],[-85,-114],[-78,-70],[-2,143],[-19,120],[-163,168],[-41,93]],[[55163,80327],[1,110],[-29,126],[9,108],[-8,86],[-39,53],[-101,54],[-30,65],[-20,172],[44,38],[154,-71],[66,-3],[77,49],[55,17],[59,49],[16,62]],[[55417,81242],[91,-32],[27,-118],[23,-18],[57,13],[62,-11],[38,-57],[29,25],[21,-31],[37,-86],[46,-27],[39,-69],[32,-2],[35,-63],[37,-30],[15,-31],[24,23],[23,-27],[21,-60],[42,-53],[2,-42],[83,-95],[48,-22],[17,19],[68,-84],[57,-32],[-7,-100],[39,-69],[69,-19],[55,22],[18,27],[47,24],[26,-4],[84,12],[21,-27],[46,-17],[0,407],[66,40],[32,54],[-9,187],[11,44],[25,40],[22,101],[-25,56],[4,76],[40,-13],[26,15],[18,50],[88,80],[30,60],[54,80],[12,31],[-10,75],[29,49],[-2,67],[13,68]],[[57213,81748],[105,1],[25,24],[22,-22],[39,14],[69,-30],[51,-38],[44,-20],[57,-72],[34,-71],[62,-33],[8,-62],[94,-170],[46,-45],[55,20],[79,52],[17,22],[15,99],[30,31],[92,42],[60,-1],[15,37],[-33,81],[29,32],[19,-10],[28,-59],[22,-5],[36,42],[64,28],[75,-38],[30,58]],[[58502,81655],[17,-25],[33,-5],[69,13],[18,-29],[-65,-68],[-62,-33],[47,-83],[4,-195],[15,-5],[10,-91],[-33,-43],[-10,-80],[-5,-108],[16,-44],[11,-95],[-3,-38],[-41,0],[-16,-48],[-47,-57],[40,-44],[-3,-38],[49,-137],[-20,-65],[-64,-38],[-28,4],[-32,-29],[-4,-70]],[[58398,80204],[-7,-104],[-56,-117],[1,-97],[10,-41],[-12,-123],[-31,-89],[-8,-84],[7,-18],[-35,-53],[-21,-58],[-14,-85],[-57,-44],[-266,-54],[-86,-288],[53,-109],[-1,-95],[-42,-127],[-9,-61],[-7,-216],[27,-69],[119,-50],[35,-42],[133,-276],[18,-66],[8,-90],[-8,-175],[-38,-190],[-54,-99],[2,-64],[67,-153],[-9,-72],[-33,-51],[-33,-98],[-52,-5],[1,-35],[-32,-42]],[[57968,76764],[-30,-42],[-74,-4],[-30,26],[-18,54],[-40,2],[-38,61],[-6,40],[-31,-26],[-46,-103],[-17,-82],[-75,-47],[-17,-38],[11,-56],[54,-38],[12,-100],[-64,-31],[-17,23],[-108,73],[-57,-18],[-33,-141],[-43,0],[-18,-29],[-1,-42],[36,-41],[2,-28],[-67,-16],[-32,24],[-26,-2],[-36,-29],[-45,-7],[-14,-45],[-33,6],[19,-219],[-24,-69],[-34,-7],[-57,57],[-29,52],[-61,-37],[-86,-4],[-39,53],[-7,-99],[28,-43],[15,-48],[-4,-44],[-71,-78],[-58,68],[-27,-14],[22,-52],[-5,-78]],[[56649,75546],[-24,-117],[-37,10],[-23,26],[-43,4],[-27,21],[-9,167],[-27,52],[-30,16],[-38,-3],[-15,-104],[1,-179],[24,-102],[-10,-45],[-42,14],[-21,26],[-44,137],[-55,-6],[-27,-19],[-31,33],[30,58],[-15,120],[24,48],[46,3],[48,-51],[26,40],[-23,42],[-54,-2],[-89,48],[-21,36],[-37,13],[-46,-37],[-50,-139],[-3,-113],[-45,-3],[-42,52],[9,66],[-3,85],[28,102],[44,104],[8,60],[33,80],[-6,38],[-44,-50],[-27,-12],[-104,34],[-65,-25],[-51,-6],[-43,34],[-52,8]],[[55647,76110],[27,119],[12,192],[-5,117],[-8,59],[11,162],[43,69],[32,27],[90,38],[49,37],[59,87],[13,60],[12,203],[-4,115],[52,213],[5,68],[-28,99],[-42,46],[-67,20],[-70,-40],[-62,-124],[-66,-79],[-35,-31],[-128,-60],[-88,-15],[-66,74],[-15,74],[14,72],[20,57],[72,117],[57,125],[19,67],[7,58],[3,126],[22,125],[12,110],[-5,46],[-28,99],[-27,38],[-49,15],[-53,-40],[-86,-128],[-54,-23],[-127,29],[-40,18],[-60,45],[-23,72],[-66,47],[-14,56],[60,54],[6,46],[-10,45],[-83,179],[14,63],[36,45],[12,70],[-11,122],[-15,67],[-42,76],[-77,112],[-130,118],[-31,69],[-12,109],[11,66],[65,57],[50,68],[40,23],[52,1],[29,-20],[55,-146],[26,-42],[59,-18],[44,42],[42,124],[13,82],[-2,144]],[[22784,77285],[-19,-21],[-92,-25],[-27,1],[-64,-76],[-58,-8],[-49,-40],[-89,-41],[-67,-68],[-52,76],[-31,29],[-56,11],[-25,-16],[-25,14],[-23,-21],[-22,32],[-46,38],[-26,65],[-87,26],[-13,47],[-36,3],[-19,-30],[-23,7],[-6,49],[-38,-10],[-32,30],[-50,3],[-21,33],[-94,21],[-16,18],[-63,21],[-119,13],[-8,-33],[-39,20],[-19,46],[-21,3],[10,74],[-6,48],[-43,67]],[[21270,77691],[1,79],[-39,185],[22,53],[-20,57],[-19,5],[-72,68],[-23,48],[-6,55],[17,104],[-11,49],[14,73],[-23,30],[20,38],[30,113],[19,41],[-10,69],[-33,5],[-6,-61],[-43,25],[-34,95],[9,34],[-11,41],[27,117],[-45,98],[-36,27],[53,65],[-11,47],[25,65],[30,33],[16,110],[50,59],[31,10],[32,111],[-11,76],[-43,100],[-69,123],[-15,50],[34,88],[62,110],[4,49],[-12,112],[-17,39],[3,57],[-52,-17],[-7,54],[-28,82],[68,56],[115,120],[51,87],[6,33],[-14,52],[-20,232],[53,38],[45,11],[53,56],[-45,45],[20,46],[-15,92],[10,37],[49,52],[76,67],[66,67],[1,41],[-47,97],[46,110],[-43,-15],[-27,36],[2,103],[-8,17],[-1,101],[-15,83],[-25,-40],[-24,-12],[-34,41],[-3,133],[28,82],[30,49],[15,48],[-1,83],[9,19],[46,-13],[27,59],[-59,84]],[[21508,82759],[63,46],[4,47],[-11,39],[-54,76],[-46,29],[-132,63],[-103,70],[-59,52],[-19,43],[-18,190],[6,94],[25,79],[93,164],[33,32],[51,24],[69,20],[60,36],[15,-4]],[[21485,83859],[33,-66],[-26,-97],[-100,-142],[14,-77],[42,-36],[44,-8],[62,17],[65,-19],[58,-53],[56,-40],[55,-15],[64,2],[66,32],[149,4],[53,15],[63,48],[25,0],[142,-68],[147,-4],[59,-39],[32,-53],[20,-70],[0,-33],[-19,-217],[-20,-104],[19,-67],[36,-42],[40,-29],[91,-10],[135,27],[181,-24],[57,4],[100,66],[146,72],[24,17],[133,63],[186,58],[103,19],[56,41],[15,90],[-26,205],[-37,115],[-83,160],[-37,31],[-52,112],[-6,33],[17,54],[35,30],[46,19],[83,-3],[76,-14],[91,6],[103,-5],[50,-15]],[[24151,83849],[82,-52],[40,-11],[15,-52],[-34,-48],[-50,-52],[-107,-41],[-37,-25],[-23,-45],[-2,-65],[26,-94],[71,-127],[54,-72],[140,-152],[48,-41],[101,-45],[101,-52]],[[31422,84229],[-33,-19],[0,-120],[-34,-18],[-45,34],[-36,-29],[-8,-50],[4,-63],[-31,-23],[-17,-57],[-37,-64],[-8,-46],[-31,10],[-41,-58],[-68,-35],[-17,-30],[-43,-24],[-47,-109],[-7,-36],[-51,-36],[-57,-85],[4,-23],[-49,-49],[-37,-55],[-70,-51],[-6,-30],[-37,15],[-46,-29],[-37,-57],[-45,-1],[-40,-38],[-24,-68],[-21,3],[-78,50],[-114,107],[-65,14],[-40,37],[-87,-25],[-42,0],[-77,230],[-73,-58],[-56,15],[-16,-8],[-68,14],[-46,24],[-64,58],[-59,23],[-58,6],[-51,-25],[-123,-100],[-54,-10],[-41,-57],[-35,68],[-45,36],[-37,79]],[[29078,83466],[49,9],[8,35],[67,97],[15,-24],[26,13],[17,45],[3,53],[-21,17],[47,84],[70,2],[15,49],[0,45],[37,121],[43,24],[-7,40],[16,58],[40,42],[30,-15],[29,12],[25,49],[25,94],[3,52],[30,-31],[58,46],[65,182],[26,10],[56,47],[-8,463],[0,415],[2,217]],[[29844,85717],[55,3],[218,-1],[92,84],[98,-28],[180,80],[72,42],[79,-25],[321,-111],[46,-88],[348,-81],[71,3],[-2,-214]],[[31422,85381],[1,-115],[-2,-599],[1,-438]],[[62929,83534],[143,-19],[28,-26],[17,-56],[42,-18],[34,32],[-13,32],[36,26],[46,-63],[29,-70],[-7,-81],[55,-39],[60,23],[42,-33],[8,-25],[38,-37],[34,-50],[27,-8],[18,54],[53,-22],[44,-60],[-5,-83],[61,-102],[16,-47],[22,37],[40,-12],[41,-35],[58,3],[35,-56],[9,-62],[66,-50],[20,-51],[53,-44],[68,-20],[34,4],[8,31],[54,27],[107,0],[82,34],[28,27],[24,-21],[45,2],[89,-93],[10,-31],[7,-94],[69,-69],[36,-74],[15,-49],[7,-129],[-4,-58],[131,-152],[46,-9],[97,11],[22,9],[33,47],[51,112],[58,14],[70,68],[12,45],[27,24],[23,57],[37,20],[57,-10]],[[65422,82315],[-16,-95],[-18,-43],[-38,-51],[-30,-21],[-33,-91],[-31,-26],[-22,-132],[-19,-22],[-18,-65],[-55,-68],[-48,-23],[-57,-75],[-45,-30],[-28,-107],[8,-76],[-180,-42],[0,50],[-21,41],[-33,23],[-65,70],[-65,135],[-7,28],[-62,36],[-12,21],[-73,28],[-11,-14],[-52,11],[-21,43],[-22,-4],[-90,48],[-132,-81],[-48,-3],[-9,-23],[-64,-58],[-55,22],[-45,0],[-50,-35],[-56,-4],[-40,64],[-28,13],[-27,64],[-34,6],[-36,-63],[-25,-24],[-78,-41],[-35,18],[-15,52],[-86,20],[-26,26],[2,-116],[-7,-16],[20,-100],[-21,-3],[-32,48],[-39,7],[-46,34],[-37,-9],[-4,-168],[-35,20],[-46,-4],[-55,50],[-6,106],[-49,24],[-31,-30],[-13,51],[-25,31],[4,39],[49,5],[5,25],[-14,67],[30,34],[-56,75],[-14,58],[-67,-20],[-7,28],[53,25],[11,63],[36,-7],[8,30],[-32,132]],[[62951,82296],[32,52],[-6,91],[-13,58],[-41,73],[-47,36],[-17,66],[26,95],[-13,64],[-32,16],[-31,47],[5,35],[31,10],[40,50],[40,17],[22,26],[6,134],[-5,77],[-17,71],[-21,39],[-33,14],[-9,32],[12,49],[51,26],[-2,60]],[[19749,90591],[110,-134],[127,-145],[250,-276]],[[20236,90036],[372,-403],[161,-176],[302,-325]],[[21071,89132],[-39,-84],[-38,-110],[-47,-85],[-48,-32],[-54,-50],[-18,-85],[-50,-62],[-14,-62],[19,-82],[-3,-39],[-33,-74],[-16,-61],[0,-86],[22,-162],[-13,-111],[-55,-123],[9,-23],[-41,-41],[-2,-35],[-27,-54],[5,-45],[-26,-140],[-23,-41],[-28,2],[-37,-37],[-18,-45],[-23,-13],[-47,-61],[-9,-67],[-73,-85],[-26,-65],[-21,2],[-23,-36],[-66,-56],[-37,-45],[-6,-37],[-33,-48],[-65,-45],[-34,-1],[-53,-82],[-38,-24],[-29,-59],[9,-44],[63,-56],[-38,-65],[-34,-25],[-36,-49],[-68,-74],[-18,-57],[-33,-50],[8,-32],[-9,-74],[-21,-32],[-40,-108],[5,-40],[-22,-153],[-26,-62],[2,-119],[13,-62],[8,-87],[-20,-75],[8,-39],[-27,-30],[-46,-19],[-24,-32],[-11,-111],[-12,-36],[0,-58],[-30,-67],[11,-58],[-17,-86],[-14,-34],[10,-74],[-20,-40],[-6,-73],[-13,-40],[13,-142],[-6,-33],[24,-36],[23,-188],[-7,-36],[10,-57],[-7,-40],[-93,-121],[-12,-43],[-57,-81],[-5,-69],[-107,-141],[20,-231],[33,-57],[5,-52],[23,-18],[11,-69],[-26,-26],[4,-82],[-29,-39],[9,-49],[-6,-39]],[[19285,82933],[-127,-26],[-152,-49],[-125,-51],[-64,-33]],[[18817,82774],[-43,-22],[-128,-84],[-81,-91],[-80,-45],[-69,4],[-118,122],[-115,37],[-46,38],[-18,39],[-13,90],[5,183],[16,61],[48,46],[88,-8],[43,9],[159,55],[70,45],[54,82],[33,80],[22,123],[32,76],[9,79],[-13,32],[-96,45],[-74,19],[-61,41],[-100,105],[-45,17],[-140,-48],[-144,-78],[-86,-74],[-101,-132],[-100,-116],[-105,-109],[-51,-78],[-45,-117],[-38,-117],[-55,-88],[-45,-12],[-80,116],[-48,52],[-63,50],[-86,91],[-81,72],[-57,63],[-70,64],[-113,58],[-31,36],[-9,46],[3,90],[-10,49]],[[45679,81721],[5,88],[218,-51],[-36,38],[-39,19],[-20,53],[-22,116],[-58,78],[-28,145],[-15,118],[2,55],[-15,75],[-33,74],[-3,33],[-31,89],[-7,44],[-43,88],[-85,199],[-30,-16],[-12,23],[11,57],[41,77],[-5,43],[74,107],[-10,63],[0,78],[23,97],[-4,38],[26,29],[-31,140],[4,61],[24,25],[-10,73],[-24,42],[11,41],[-6,54],[43,70],[-32,47],[-8,47],[30,44],[20,78],[-12,41],[50,88],[7,47],[-14,69],[15,72],[-29,78],[16,12],[2,50],[-28,55],[16,59],[31,9],[22,63],[30,19],[35,61],[-29,43],[31,34],[11,103],[13,5],[12,103],[48,-6],[7,74],[14,49],[34,-28]],[[45886,85400],[11,-25],[39,-27],[18,-64],[49,27],[26,-28],[63,-16],[21,-56],[37,-20],[-1,-35],[39,2],[46,24],[31,38],[25,-12],[90,9],[42,62],[14,-40],[29,-2],[-56,-105],[32,-46],[-3,-78],[28,-15],[-1,-88],[20,-49],[-30,-59],[-28,-2],[-11,-55],[39,-56],[39,14],[11,24],[54,-19],[36,-64],[41,43],[14,-29],[44,-46],[20,-4],[32,-84],[-37,-89],[-2,-67],[51,-5],[58,-22],[52,14],[15,-37],[55,-48],[-2,-56],[22,-11],[6,-100],[-6,-29],[18,-47],[4,-78],[-43,3],[-24,-45],[24,-41],[45,-38]],[[71683,80516],[22,20],[41,-36],[9,47],[44,-7],[-8,-59],[6,-57],[-23,-50],[10,-80],[81,-78],[10,21],[-17,114],[50,-1],[73,-54],[-48,-39],[19,-61],[31,11],[41,-8],[20,-51],[46,-41],[-13,-83],[43,-52],[12,-36],[36,-3],[15,-53],[-85,-1],[-50,49],[-42,-75],[20,-27],[23,26],[18,-33],[-16,-49],[30,-98],[19,-39],[-35,-10],[-35,9],[-16,-77],[-17,-39],[21,-52],[23,-24],[-12,-47],[51,-54],[-17,-28],[84,-28],[37,-44],[31,30],[33,-12],[-18,-40],[10,-32],[-3,-64],[44,-8],[-18,-167],[53,-52],[64,16],[5,-39],[-31,-39],[22,-33],[3,-61],[-40,-10],[-47,-71],[-13,-34],[71,-75],[18,-37],[-2,-97],[-12,-36],[26,-33],[-13,-46],[49,-32],[20,-54],[11,-67]],[[72447,78146],[-6,-27],[-34,-12],[-7,-47],[-25,-43],[9,-30],[-28,-34],[-21,-76],[-37,-42],[-19,27],[-33,-46],[-72,-24],[-39,-74],[-31,-31],[-17,-83],[-26,-53],[-28,-30],[11,-41],[61,-58],[43,-3],[21,-32],[58,-45],[20,-31],[57,-22],[37,-33],[74,1],[123,-37],[28,-17],[21,-43],[15,-109],[31,11],[30,-11],[9,-29],[6,-95],[35,-56],[26,-89],[17,-34],[60,-43],[60,-78],[8,-43],[-17,-21],[-46,-95],[-40,-30],[19,-84],[-10,-83],[-40,-101],[-9,-128],[-29,-97],[-45,-102],[25,-75],[28,-38],[42,-88],[-1,-53],[-49,-79],[24,-145],[38,-79],[15,-83]],[[72789,75203],[-480,-300]],[[72309,74903],[10,41],[26,39],[-43,43],[20,85],[-29,20],[-9,85],[-16,39],[-36,-5],[-18,50],[37,34],[21,49],[-16,25],[15,41],[36,7],[5,50],[28,91],[28,26],[-59,86],[4,32],[-70,-20],[-85,17],[-54,65],[23,45],[45,56],[-12,21],[9,57],[-54,13],[-27,29],[-6,65],[-51,10],[6,-86],[-20,-12],[-37,74],[-40,56],[-17,112],[18,30],[38,11],[-36,64],[3,59],[-19,30],[-47,3],[-74,23],[-32,-108],[-62,-44],[-17,-56],[0,-65],[-44,-57],[-29,-75],[-113,-195],[2,-74],[-12,-59],[-32,-36],[-7,-53],[-48,-42],[-75,-135],[-23,-9],[-36,23],[-30,-16],[-51,-140],[0,-78],[-257,239],[-34,4],[-63,54],[-22,54],[-36,53],[-92,3],[-41,22],[-93,90],[-32,-4],[-46,33],[-21,-1],[-36,48],[7,38],[-67,55],[-99,-84],[-17,-29],[-43,12],[-69,-46],[-34,-1],[-46,25],[-32,-27],[-46,16]],[[69978,75798],[69,113],[21,12],[11,73],[32,22],[11,135],[17,1],[21,136],[26,43],[7,69],[35,19],[-1,86],[24,67],[5,58],[28,44],[-49,5],[-23,24],[-42,9],[-50,-35],[-79,29],[-24,35],[-6,135],[-28,80],[-102,50],[-44,6],[-79,53],[-35,47],[23,70],[-76,153],[-24,31],[-18,273],[73,28],[91,80],[161,105],[24,30]],[[69977,77884],[53,-97],[75,-5],[25,-38],[33,-25],[33,0],[38,129],[34,86],[37,15],[59,72],[38,31],[38,-26],[36,3],[33,69],[55,11],[26,-9],[34,24],[21,42],[61,-8],[26,56],[53,-25],[18,24],[-1,51],[28,5],[5,-51],[30,-33],[26,28],[-21,71],[-18,26],[15,84],[38,-21],[8,60],[34,-3],[19,-49],[25,42],[-30,49],[8,60],[31,-7],[20,44],[10,71],[24,39],[11,49],[-23,37],[14,81],[38,3],[20,31],[-42,49],[19,42],[24,-5],[18,57],[-21,65],[-42,-1],[4,58],[42,-23],[48,11],[7,37],[-88,9],[-37,54],[23,80],[48,25],[3,65],[-68,28],[-37,64],[-20,-15],[-12,-51],[-30,13],[-11,73],[4,37],[43,25],[30,37],[-29,46],[-48,45],[30,16],[21,-14],[30,13],[-8,91],[-13,38],[14,33],[-13,30],[-38,33],[13,196],[38,33],[-55,73],[4,35],[55,28],[31,-8],[15,-58],[38,80],[5,108],[-10,84],[-69,1],[-8,29],[29,50],[-3,35],[-75,38],[73,38],[-1,76],[29,67],[42,58],[-9,37],[-29,-3],[-73,18],[-67,-5],[20,42],[61,84],[12,-13],[11,-78],[24,4],[30,110],[-47,30],[4,39],[-26,50],[13,18]],[[71040,81241],[34,-51],[23,39],[53,-13],[1,-33],[-23,-40],[45,-18],[23,14],[1,63],[35,-7],[-9,-52],[47,-6],[16,-20],[22,-78],[44,-29],[37,-5],[1,-35],[-86,27],[-22,-1],[-9,-43],[22,-62],[-5,-30],[-44,-44],[15,-87],[51,-14],[28,-76],[25,62],[68,1],[12,31],[90,-89],[-4,90],[62,21],[19,22],[63,-39],[22,-39],[-40,-20],[-48,16],[-16,-30],[37,-57],[-14,-90],[38,-13],[29,10]],[[71683,80516],[-6,57],[52,64],[14,49],[47,9],[124,-69],[36,-7],[32,25],[45,-25],[53,-53],[28,-10],[72,36],[18,32],[61,21],[15,63],[172,-118],[20,99],[45,-13],[36,36],[24,50],[3,42],[25,44],[-10,39],[11,59],[48,98],[16,104],[27,16],[13,71],[24,28],[14,65],[-5,42],[-38,26],[-24,75],[8,77],[-19,100],[16,15],[-3,162],[-26,35],[-24,-65],[-79,-80],[-54,-22],[-76,-4],[-26,-13],[-43,59],[-10,42],[12,111],[-74,31],[-32,-15],[-15,-45],[-70,-43],[-36,2],[-41,-17],[-104,133],[-22,105],[-78,-4],[-79,38],[-1,40],[-84,124],[-24,45],[27,34],[23,60],[-22,49],[-6,69],[7,85],[-30,33],[-9,55],[18,42],[-23,145],[12,48],[49,48],[60,21],[52,5],[108,126],[60,103],[62,58],[35,62],[42,6],[-17,50],[-32,41],[-32,72],[-46,45],[-6,52],[58,116],[44,43],[10,108],[28,37],[52,16],[28,35],[54,27],[0,23],[-39,69],[-43,25],[-31,45],[-7,94],[-37,101],[-4,62],[23,35],[27,80],[58,31],[31,34],[5,60],[23,141],[51,106],[56,55],[44,11],[38,-43],[19,36],[-5,58],[20,42],[81,89],[-63,52],[-47,62],[-24,81],[37,231],[112,25],[49,20],[77,67],[84,26],[54,-51],[13,50],[40,51],[-6,28],[-66,131],[-57,196],[47,101],[28,100],[31,86]],[[72916,86383],[35,-138],[35,-1],[74,44],[19,-4],[58,-52],[37,-60],[15,-89],[20,-26],[160,17],[60,14],[84,-34],[43,-45],[49,-20],[37,12],[46,43],[51,4],[37,46],[20,59],[24,27],[84,-44],[46,8],[35,-9],[65,-119],[73,-30],[56,-53],[23,-49],[-2,-106],[-13,-69],[-26,-60],[-33,-175],[-16,-23],[-52,-121],[1,-29],[37,-127],[49,-99],[52,-9],[39,-22],[30,-45],[56,-46],[34,-133],[42,-55],[27,-12],[53,18],[28,25],[25,45],[32,15],[0,-46],[-37,-59],[21,-67],[42,-43],[2,-63],[49,-35],[151,14],[63,28],[59,-38],[-5,-73],[-59,-91],[6,-54],[50,-1],[45,-53],[32,-96],[57,-111],[61,-76],[18,-82],[24,-20],[25,-86],[-6,-18],[12,-96],[37,-87],[71,-129],[23,-93],[10,-95],[-25,-80],[-21,-127],[26,-120],[6,-72],[29,-47],[97,-57],[5,-25],[-29,-75],[-2,-76],[-21,-72],[4,-24],[80,-62],[26,-52],[22,-88],[27,-63],[2,-66],[41,-89],[-16,-62],[30,-58],[63,-72],[17,-34],[2,-48],[31,-92],[6,-62],[-67,-254],[-27,-124],[10,-90],[37,-73],[3,-71],[54,-66],[15,-33],[14,-86],[5,-80],[-11,-91],[29,-102],[-18,-98],[-59,-76],[-10,-71],[-48,-47],[-34,21],[-41,89],[-37,-71],[-7,-68],[8,-123]],[[75532,80149],[-40,-104],[11,-78],[-13,-55],[-44,-74],[-82,21],[-44,28],[-44,-17],[-59,60],[-28,9],[-53,47],[-48,-40],[-85,-15],[-40,37],[-22,-13],[-32,115],[-19,8],[-23,58],[-62,12],[-48,-4],[-19,-112],[-28,-12],[-8,-77],[-19,-44],[-50,19],[-1,-52],[-26,-49],[-24,23],[-21,-23],[-24,13],[-49,-6],[-19,-46],[-28,9],[-50,-35],[-16,-41],[-37,-21],[-27,34],[-27,-16],[-55,1],[-16,-41],[-21,81],[-52,2],[-14,53],[-49,-6],[-16,35],[-73,35],[-31,-14],[-6,-28],[-42,-51],[-31,-62],[-50,-25],[-41,-91],[-13,-122],[7,-62],[46,-34],[17,-34],[-13,-53],[15,-56],[-7,-31],[-35,-17],[-22,-46],[-74,41],[-29,-8],[-14,26],[-63,9],[7,-80],[-14,-18],[-83,-4],[-62,9],[-68,75],[-49,13],[-13,-35],[-63,17],[-48,33],[-42,-63],[-62,-54],[-26,-69],[-108,-126],[-71,-52],[-65,-9],[-74,-51],[12,-46],[1,-93],[-22,-82],[12,-104],[19,-26],[45,-23],[51,24],[29,-1],[61,-43],[35,-13],[24,-74],[-10,-63],[23,-72],[30,-46],[-63,-58],[-54,-11],[-54,-54],[-26,-2],[-14,29],[-38,13],[-30,56],[-20,-37],[-30,22],[-13,-21],[10,-55],[-36,-32],[-32,49],[-27,-26],[-53,46],[-29,-29],[-57,75],[-15,33],[-43,14]],[[36996,80159],[-22,25],[-34,92],[-18,158],[9,54],[-54,91],[10,11],[-289,90],[-25,2],[-127,46],[-29,-63],[-222,268],[-100,77]],[[36095,81010],[21,10],[37,74],[8,37],[31,55],[23,70],[38,88],[25,20],[116,259],[-45,51],[-32,5],[-86,68],[-120,179],[-49,56],[-2,33],[-49,89]],[[36011,82104],[46,50],[47,26],[31,91],[39,41],[38,64],[67,47],[22,36],[63,64],[33,56],[41,23],[44,-72],[44,-47],[81,-39],[89,-53],[9,-21],[55,-53],[105,-65],[79,39],[61,22],[42,107],[90,129],[-30,97],[124,-3],[27,22],[45,-21],[50,48],[-62,66],[-23,49],[1,40],[-42,82],[33,44],[114,199],[99,196],[76,87],[40,27],[82,22],[55,69],[15,45],[71,112],[16,16],[91,41],[70,58],[68,38],[22,36],[0,56]],[[38079,83975],[-4,121],[31,49],[66,33],[123,5],[49,28],[47,53],[137,-204],[76,-104],[27,20]],[[38631,83976],[215,-339],[-35,-5],[-26,-28],[-7,-125],[-20,-72],[-58,-90],[-21,-89],[-29,-84],[-5,-107],[-20,-33],[-66,3],[-49,23],[-20,-32],[12,-46],[-9,-38],[-41,-82],[-40,-124],[2,-27],[36,-87],[14,-191],[-28,-98],[-80,-50],[-26,-35],[-10,-103],[-35,-113],[-29,-52],[-99,-151],[-31,-68],[-28,-21],[-89,-14],[-37,-23],[-34,-126],[45,-85],[5,-75],[-151,-37],[-35,17],[-114,-35],[-34,-22],[-102,-34],[-49,-47],[-46,-205],[-8,-63],[-18,-18],[-29,-77],[-45,-85],[-58,-61],[-25,-99],[-52,-38],[-52,-80],[-14,-60],[-72,-159],[-77,-108]],[[38079,83975],[-210,-116],[3,92],[13,63],[-27,293],[7,98],[-5,63],[-25,43],[113,125],[35,48],[80,89],[21,44],[27,11],[58,62],[40,112],[-21,20],[-118,17],[-58,-3],[-127,44],[-37,-20],[-36,-38],[-16,6],[-42,-32],[-43,61],[-61,71],[-54,81],[-39,74],[-57,148],[-19,125],[-19,77],[-57,156],[-19,229]],[[37386,86018],[118,-62],[77,13],[88,-8],[26,-16],[25,33],[47,105],[37,26],[82,36],[82,49],[25,-5],[65,40],[43,15],[49,-2],[72,19],[40,-2],[95,47],[34,5],[77,32],[58,36],[50,78],[31,10],[54,98],[23,-4],[93,66],[66,11],[28,37],[56,29],[45,77],[63,38],[14,30],[31,19],[32,64],[29,-11],[52,11],[38,37],[29,49],[26,5],[9,53]],[[39295,87076],[29,-10],[-21,-113],[25,-65],[-14,-120],[-35,17],[-23,-15],[11,-65],[39,-13],[52,86],[58,83],[41,0],[33,31],[32,9],[6,-52],[-17,-84],[33,-76],[-8,-32]],[[39536,86657],[-14,-105],[5,-145],[34,-28],[-33,-91],[-23,-27],[-5,-53],[23,-54],[-49,-27],[-46,-3],[-4,-20],[32,-64],[32,-16],[19,-41],[119,-98],[29,-92],[-12,-93],[-75,-102],[16,-45],[8,-132],[19,-53],[20,-1],[31,35],[39,10],[57,78],[34,33],[47,102],[50,-61],[49,-27],[14,-40],[-63,-124],[-10,-55],[5,-76],[-35,-44],[0,-59],[42,14],[87,0],[76,-16],[27,-23],[18,-91],[0,-99],[14,-45],[36,23],[13,-21],[2,-75],[-9,-22],[-49,-1]],[[40106,84783],[-23,20],[-96,-33],[-7,-35],[-26,-33],[-82,-14],[-18,30],[-31,9],[-19,-18],[-15,48],[-63,17],[-79,-29],[-29,8],[-39,-18],[-12,-50],[-76,22],[-21,25],[-38,10],[-36,36],[-40,-53],[-73,27],[-16,-29],[-78,-27],[-29,-51],[-52,8],[-39,-57],[-42,-2],[-6,-30],[-50,-62],[-11,-35],[-42,-41],[-35,-71],[-29,-31],[-27,-60],[-3,-44],[-37,-43],[-19,-3],[-25,-47],[-22,-8],[-27,-85],[-54,-65],[-9,7]],[[40106,84783],[-1,-43],[30,-32],[22,4],[62,41],[23,-26],[36,-82]],[[40278,84645],[-26,-85],[5,-100],[10,-46],[32,-19],[26,6],[29,-60],[-15,-102],[-70,-96],[-44,9],[47,-77],[-2,-31],[-28,-72],[-4,-49],[-38,-24],[-75,8],[-50,-68],[-2,-29],[34,-9],[15,-58],[-35,-67],[41,-53],[61,39],[21,-25],[17,-79],[-27,-10],[1,-70],[25,-152],[45,-6],[41,-32],[-38,-50],[-11,-37],[-66,-114],[37,-80],[58,-14],[62,15],[-12,-45],[7,-73],[23,-48],[-36,-21],[-33,6],[-38,-73],[-34,-1],[-26,45],[-33,-34],[15,-62],[71,-12],[7,-46],[-59,-22],[-9,-36],[55,-39],[27,1],[-8,-77],[-23,16],[-13,-44]],[[40235,82443],[-11,-28],[-47,1],[-28,-60],[19,-20],[11,-95],[20,-8],[1,-73],[32,-106],[-26,-97],[-30,-10],[-27,13],[-41,-53],[6,-48],[-38,-28],[-25,-50],[-7,-68],[8,-52],[1,-93],[9,-63],[-17,-74],[-44,12],[-24,38],[-18,-35],[-29,-12],[-37,-67],[4,-27],[-30,-58],[-17,-88],[-19,-44],[-25,-3],[-61,-64],[-37,10],[-22,-18],[-22,34],[-47,-7],[-24,-53],[-26,8],[-8,-37],[-60,-52],[-52,37],[-73,-36],[-13,-43],[-47,-72],[-19,-13],[-26,-80],[-42,-10],[-62,12],[-34,-11],[-40,13],[-37,-53],[-33,-78],[-22,-128],[-12,-41],[-38,-47],[-47,-2],[-55,34],[-44,-26],[-77,-1],[-43,-109],[-73,-29],[-61,-54],[-27,-208],[1,-32],[-40,-67],[55,-127],[71,-124],[-10,-98],[-37,-113],[-41,-72],[-19,-49],[-22,-106],[-55,-18],[-68,-44],[-29,-49],[-31,-112],[-27,-44]],[[39536,86657],[40,-66],[42,13],[5,47],[17,26],[50,-21],[38,6],[21,-31],[56,-3],[41,-51],[46,-13],[72,22],[76,44],[46,60],[28,0],[82,61],[32,48],[96,41],[91,47],[72,56],[38,66],[19,76],[61,76],[32,67],[56,17],[88,55],[74,4],[156,43]],[[41011,87347],[-2,-250],[2,-323],[-2,-401],[3,-21],[-5,-323],[3,-145],[-2,-518],[3,-133]],[[41011,85233],[-85,-6],[-48,-26],[-70,-52],[-77,-89],[-37,-97],[-26,-35],[-20,-95],[-72,-49],[-38,-8],[-79,-37],[-28,-91],[-25,12],[-37,-21],[-91,6]],[[52287,83819],[8,565]],[[52295,84384],[18,1091],[2,242]],[[52315,85717],[3,340],[1,332],[4,359],[-1,78],[5,666],[4,1167],[8,902],[1,240]],[[52340,89801],[39,-77],[33,-91],[55,-74],[117,-435],[0,53],[16,76],[47,83],[85,43],[69,-22],[76,44],[33,67],[17,64],[80,55],[79,36],[27,35],[34,13],[30,31],[-6,36],[28,25],[23,-14],[54,15],[23,37],[66,-21],[49,-35],[33,-6],[21,20],[81,-75],[32,16],[28,38],[16,47],[41,3],[13,21],[79,-47],[24,-2],[1,49],[61,7],[7,42],[44,-8],[71,-38],[37,12],[71,-5],[20,-36],[34,7],[16,44],[-27,59],[-2,39],[29,27],[1,43],[34,14],[10,28],[71,21],[31,-11],[60,32],[19,-60],[18,-12],[3,-73],[35,29],[55,-50],[13,-58],[80,-27],[68,20],[45,-42],[23,5],[36,39],[77,102],[86,88],[65,34],[55,19],[57,-3],[49,-56],[51,-15]],[[55186,90026],[-48,-289],[-19,-163],[18,-141],[36,-63],[55,-32],[189,-7],[142,-22],[103,-30],[33,-65],[7,-148],[-8,-104]],[[55694,88962],[-12,-83],[-55,-183],[-21,-103],[-9,-117],[-12,-66],[-43,-146],[2,-64],[17,-54],[28,-47],[99,-97],[45,-90],[19,-111],[0,-54],[-17,-89],[-28,-83],[-43,-32],[-163,-89],[-113,-52],[-68,1],[-129,58],[-87,66],[-66,-68],[-2,-21],[40,-189],[11,-72],[22,-213],[24,-47],[37,-35],[40,-70],[15,-112],[-11,-55],[6,-56],[-17,-43],[-22,-104],[-2,-82],[7,-48],[27,-69],[51,-66],[61,-51],[79,-38],[165,-39],[35,-18],[52,-52],[10,-23]],[[55666,85956],[-69,-16],[-49,-54],[-68,31],[-37,-3],[-47,-32],[-95,-97],[-34,-77],[-80,-36],[-46,-3],[-50,12],[-34,-17],[-29,-43],[-97,-76],[-59,-12],[-58,-98],[-51,-56],[-71,-132],[-151,-63],[-86,-152],[-25,-30],[-61,26],[-30,-24],[-19,-41],[3,-51],[-9,-86],[2,-72],[-28,-38],[-50,-16],[-27,-23],[-47,-92],[-31,-14],[-39,9],[-21,30],[-15,-95],[-23,-26],[-62,31],[-14,-21],[-60,-145],[-71,-76],[-66,2],[-43,-49],[-63,9],[-69,23],[-50,-14],[-22,-29],[-44,-13],[-41,18],[-30,-53],[-46,-23],[-23,-71],[-43,-50],[-54,-14],[-23,-62],[-16,11],[-67,-30],[-83,-9],[-53,-55],[-57,-18],[-52,-59],[-71,-3],[-91,30],[-45,-63],[-79,-32],[-51,-29],[-40,46],[-62,-11],[-32,55],[-48,21],[-34,-4],[-43,17]],[[48502,84420],[31,57],[40,41],[23,89],[-7,90],[12,42],[-1,53],[14,43],[-6,55],[72,73],[44,131],[21,4],[34,104],[13,95],[28,19],[45,110],[9,103],[-20,59],[21,70],[-10,51],[-27,33],[35,51],[9,45],[-20,36],[15,75],[-10,63],[-40,81],[1,68],[51,105],[0,20],[-59,73]],[[48820,86359],[-6,46],[52,21],[12,23],[66,20],[26,29],[14,79],[47,-27],[34,-1],[49,85],[23,69],[-58,106],[-12,40],[22,72],[54,2],[50,-49],[88,58],[-35,34],[16,44],[39,28],[58,-56],[32,41],[-17,80],[21,31],[8,55],[71,60],[-5,55],[27,23],[-14,63],[-23,46],[9,38],[33,14],[61,3],[33,30],[28,-5],[-63,109],[-21,97],[12,16],[57,-13],[27,-69],[33,-25],[24,10],[23,-69],[32,38],[26,77],[-32,88],[-22,-12],[-44,89],[4,32],[49,31],[48,-43],[26,68],[46,64],[-11,40],[36,15],[25,-12],[37,46],[23,10],[30,94],[21,-11]],[[50009,88186],[33,-38],[29,22],[89,-42],[39,5],[35,-28],[62,-21],[27,-68],[-35,-61],[-83,-71],[-32,-60],[-25,-19],[-30,-69],[19,-24],[7,-76],[19,-51],[65,-34],[-6,78],[-15,57],[36,77],[34,-6],[41,15],[24,-12],[29,33],[45,-33],[-52,-71],[11,-33],[-18,-45],[34,-8],[56,28],[35,79],[43,63],[15,-8],[15,-76],[-57,-79],[-8,-73],[39,-20],[61,-86],[49,16],[30,-9],[43,56],[157,-20],[53,2],[48,-58],[36,-4],[47,-37],[66,-25],[57,-6],[45,14],[20,-26],[44,-13],[56,-60],[20,-7],[5,-182],[-2,-250],[6,-1115],[945,10]],[[52295,84384],[-347,7],[-206,-3],[-67,-73],[11,-90],[37,-55],[0,-71],[-15,-32],[9,-58],[-17,-35],[33,-22],[14,-38],[44,-42],[44,-120],[6,-78],[50,-32],[24,-29],[32,-71],[-4,-37],[-41,-68],[-5,-124],[14,-70],[6,-86],[11,-39],[30,-48],[34,-31],[9,-31],[46,-61],[2,-35],[39,-65],[57,-54],[-18,-36],[-62,12],[-79,-59],[-34,0],[-21,37],[-60,31],[-69,-17],[-45,-37],[-39,14],[-15,61],[-32,-44],[-29,21],[-28,-25],[-53,-16],[-69,-67],[-22,-49],[-44,-36],[-59,-76],[-48,-44],[-66,-96],[-60,-42],[-58,-101],[-23,-66],[4,-26],[216,-446],[2,-21],[70,-130],[41,-90],[40,-37],[47,-77],[47,-24],[102,-124],[-151,-211],[-73,110],[-29,2],[3,-44],[-31,-49],[19,-37],[13,-154],[-43,-59],[13,-137],[-34,-59],[-70,-142],[27,-46],[-56,-34],[18,-62],[-42,-43],[-21,-65],[-5,-59],[-141,-308],[-1,-113],[-23,28],[-79,0],[0,-47],[-106,-160],[18,-236],[-3,-105],[-53,-91],[-30,-7],[-87,39],[-10,-46],[-35,-51],[-41,16],[3,65],[15,51],[1,47],[-22,20],[0,36],[-38,-4],[-50,-43],[-42,4],[-14,24],[6,44],[-14,25],[1,49],[-56,35],[-35,-21],[-39,39],[-35,-33],[-45,70],[-46,-58],[-43,-1]],[[45886,85400],[35,64],[-18,80],[2,44],[-22,18],[-24,65],[-11,64],[-47,14],[-46,-5],[-30,18],[-25,-18],[-29,60],[13,84],[-73,53],[-21,-17],[-31,17],[-49,-14],[-41,33],[-42,-21],[-58,23],[-28,23],[-7,49],[-60,8],[-6,38],[-48,85],[-27,-4],[4,76],[21,38],[-36,37],[-22,-37],[-22,38],[-38,-14],[-31,6],[-51,58],[22,44],[-38,55],[-45,18],[-19,-17],[2,-60],[-26,3],[-19,-47],[-37,2],[-45,-27],[-29,40],[-61,-11],[-55,65]],[[44668,86428],[-21,63],[-44,72],[-8,62],[22,41],[-32,64],[-36,40],[-49,-15],[-16,11],[-65,-21],[-36,-63],[-9,36],[-33,28],[7,49],[-15,54],[-35,-47],[-18,13],[-6,48],[-33,28],[-9,53],[-48,20],[-25,-9],[-28,43],[-61,29],[10,52],[-44,16],[-24,36],[-9,42],[-71,40],[-42,-3],[-29,15],[-14,-39],[5,-44],[-38,-6],[-3,32],[-33,26],[-37,-2],[14,105],[-62,-42],[-16,31],[4,84],[-38,35],[-45,-13],[-30,16],[13,70],[-29,29],[4,41],[-41,7]],[[43515,87555],[-10,57],[-50,34],[4,162],[33,21]],[[43492,87829],[25,-40],[28,-73],[37,21],[24,42],[57,19],[25,23],[57,-14],[12,30],[53,33],[40,61],[30,109],[17,6],[52,82],[27,2],[9,81],[14,28],[58,47],[37,15],[39,50],[21,-6],[51,23],[21,37],[38,18],[29,-4],[37,28],[35,-28],[40,-9],[36,27],[36,-14],[17,37],[85,97],[6,34],[69,18],[11,21],[66,-3],[23,-41],[45,-45],[36,-18],[39,-47],[50,-23],[59,5],[115,-30],[69,-4],[82,-28],[40,-30],[18,10],[88,-7],[44,6],[77,59],[18,26],[45,22],[38,2],[48,92],[34,26],[199,107],[45,55],[2,28],[32,99],[44,108],[-8,33],[27,45],[4,119],[8,21],[-31,36],[-20,47],[7,147],[-3,78],[-25,39],[1,42],[-15,50],[-52,60],[12,27],[-7,110],[14,8],[-23,75],[38,36],[-1,70],[25,74],[-9,46],[47,43],[-7,32],[47,77],[13,73],[41,28],[3,44],[30,32],[-13,79]],[[46124,90570],[19,39],[-24,62],[6,61],[21,20],[-29,40],[42,79],[30,133],[15,106],[45,19],[-17,49],[25,11],[47,-68],[0,-19],[63,-74],[20,-65],[30,-18],[11,-31],[29,-2],[37,-59],[38,-7],[56,-104],[2,-72],[33,-82],[0,-38],[32,-48],[23,-124],[28,-35],[40,-90],[55,-63],[10,-41]],[[46811,90149],[-16,-76],[0,-103],[-7,-56],[27,-127],[45,-135],[51,-103],[27,-75],[19,-104],[3,-72],[-6,-90],[18,-126],[30,-77],[45,-226],[-6,-38],[50,-138],[18,-63],[27,-44],[266,-1592]],[[47402,86904],[605,-184],[26,-49],[58,-43],[47,-57],[64,-48],[10,-22],[44,-22],[77,-20],[31,-24],[50,1],[77,-44],[35,-41],[42,-13],[53,-47],[37,-2],[67,-22],[82,10],[16,38],[-3,44]],[[55417,81242],[34,95],[8,121],[-11,96],[-14,43],[-42,75],[-96,125],[-77,196],[-19,75],[-35,82],[-35,104],[-43,67],[-30,77],[-5,36],[20,40],[42,29],[154,166],[76,98],[27,58],[23,141],[-9,194],[19,176],[2,78],[-12,103],[-46,249],[-3,114],[7,44],[28,58],[59,47],[47,60],[121,233],[14,62],[-19,33],[-99,84],[-81,113],[-27,47],[-14,91],[7,52],[17,34],[70,64],[13,60]],[[55488,84962],[268,15],[330,8],[256,1]],[[56342,84986],[45,-3187],[826,-51]],[[56342,84986],[204,1],[280,18],[25,95],[30,41],[15,105],[92,161],[-29,158],[29,39],[17,66],[42,72],[13,64],[16,25]],[[57076,85831],[25,-100],[38,-88],[31,-3],[27,-34],[12,41],[-55,80],[-8,57],[15,76],[59,20],[46,-9]],[[57266,85871],[34,-33],[-18,-153],[14,-84],[54,24],[50,1],[90,56],[45,20],[43,-7],[-31,-94],[-26,-20],[22,-73],[21,6],[21,-41],[29,-176],[42,-102],[57,-33],[61,-15],[29,67],[31,26],[31,3]],[[57865,85243],[47,-50],[-3,-90],[-11,-37],[20,-37],[-69,-63],[-28,-51],[22,-85],[37,6],[9,35],[52,23],[25,-52],[35,-18],[36,68],[15,-11],[0,-81],[17,-62],[-14,-37],[-33,4],[-26,65],[-20,5],[-50,-42],[-19,-85],[-49,-104],[-72,19],[-54,-17],[-30,-34],[60,-70],[35,-8],[14,-81],[16,-17],[25,89],[71,8],[32,36],[60,-19],[7,-28],[61,2],[44,14],[34,-116],[-6,-118],[-28,-117],[-3,-40],[52,-82],[32,25],[72,-24],[64,11],[49,-13],[18,89],[23,3],[37,-38],[3,-27],[-29,-68],[-1,-28],[39,-59],[-7,-49],[11,-25],[35,8],[14,43],[23,-22],[-6,-43],[-49,-20],[-6,-36],[-74,-105],[-58,-135],[-20,-60],[-3,-121],[21,-64],[29,-19],[30,17],[29,-22],[42,4],[25,48],[-13,25],[61,32],[31,48],[47,-7],[68,-53],[46,-101],[45,-53],[79,-50],[12,-25],[32,-121],[13,-16],[19,-120],[43,-31],[-15,-123],[7,-41],[-2,-87],[-24,35],[-34,13],[-47,-32]],[[58887,82528],[-93,-45],[-37,-43],[19,-31],[7,-56],[-49,-77],[2,-50],[-44,-32],[-33,-3],[-28,-134],[-63,63],[-13,-39],[-95,-93],[-5,-69],[39,-25],[27,15],[79,-1],[7,-34],[-83,-105],[-19,-43],[-3,-71]],[[69977,77884],[-35,25],[-41,1],[-114,48],[-31,41],[-10,37],[-35,58],[-47,143],[7,59],[-34,29],[-28,-35],[-35,11],[-57,104],[-61,19],[-57,77],[-14,97],[-40,50],[-31,7],[-20,35],[-51,26],[-35,-9],[-30,43],[-36,21],[-21,-29],[-69,4],[-69,-19],[-58,19],[-14,-15],[-82,17],[-29,54],[-24,22],[-14,68],[-54,57],[-49,-15],[-49,27],[-7,35],[-56,18],[-62,33],[-28,64],[-84,9],[-32,-17],[-58,-10],[-29,-27],[-35,6],[-86,-46],[-39,17],[-87,58],[-35,-31],[-68,-82],[4,-51],[-36,-48],[-30,9],[-29,78],[-45,22],[-62,-11],[-33,-50],[-40,-11],[-54,21],[-39,-13],[-36,24],[-42,73],[-14,-20]],[[67448,79011],[-53,1],[-75,-57],[-68,-10],[-32,49],[-56,250],[-47,-13],[-61,14],[-35,52],[-40,7],[-83,36],[-71,68],[-23,3],[-38,45],[-95,25],[-195,516]],[[66476,79997],[30,-6],[29,64],[-11,87],[34,32],[81,12],[51,-44],[33,29],[10,69],[17,48],[34,6],[12,35],[-16,82],[-29,38],[7,81],[29,35],[-16,42],[-53,19],[-7,56],[13,37],[-14,93],[23,21],[25,62],[38,13],[24,46],[-82,130],[-49,39],[-19,78],[46,43],[36,18],[67,68],[43,-17],[-4,-23],[66,-40],[28,103],[-17,62],[22,40],[25,-8],[20,51],[-93,114],[-6,31],[19,36],[61,20],[111,-11],[26,5],[12,33],[-10,42],[-64,68],[-46,71],[-22,61],[-24,96],[-17,110],[-28,31],[-37,-3],[-54,31],[-24,71],[7,44],[101,87],[39,94],[15,102],[-4,105],[-24,130],[5,56],[-20,41],[-59,-7],[-49,-52],[-39,-85],[-37,-7],[-27,14],[-47,0],[-72,44],[-17,32],[4,45],[21,34],[25,163]],[[66628,83144],[-29,78],[-42,67],[-86,62],[-48,22],[-15,68],[11,28],[34,12],[51,-26],[72,-74],[71,-32],[54,23],[77,133],[26,89],[-8,73],[-19,30],[-70,76],[-54,23],[-29,-11],[-87,-76],[-55,-7],[-70,34],[-37,53],[-26,108],[37,60],[39,18],[97,72],[20,8],[81,-23],[46,-56],[48,-100],[49,-5],[34,40],[43,77],[21,66],[-2,174],[-37,101],[-54,272],[-14,14],[-50,-13],[-73,-2],[-33,9],[-47,41],[-4,36],[17,41],[49,38],[57,25],[28,30],[3,50],[-28,17],[-28,-21],[-46,61],[-37,163],[-44,25],[-63,-8],[-76,162]],[[66382,85269],[51,31],[6,88],[32,176],[32,19],[48,-8],[24,-20],[18,-45],[4,-135],[36,-31],[5,52],[19,1],[46,-96],[36,-95],[19,-11],[57,32],[43,129],[100,-68],[-20,-107],[-37,3],[26,-112],[50,-69],[32,12],[41,48],[28,15],[61,-19],[27,18],[8,67],[-9,66],[-19,58],[16,20],[48,6],[88,-37],[10,-65],[32,65],[44,10],[37,52],[57,-31],[25,7],[57,132],[9,92],[28,28],[89,-134],[-42,-44],[-1,-107],[71,-25],[41,60],[-14,78],[38,2],[24,-99],[-48,-71],[-26,-75],[22,-74],[16,-16],[41,15],[85,64],[0,49],[-61,15],[-15,26],[62,83],[88,79],[-6,-66],[37,-57],[-9,-53],[38,1],[15,-123],[-38,-30]],[[68004,85045],[-74,-35],[-13,-62],[16,-59],[68,-23],[72,-15],[12,-43],[36,-34],[44,-155],[57,2],[38,-143],[-29,-52],[-74,-23],[-25,3],[-3,-45],[39,-245],[17,-8],[44,59],[29,84],[55,30],[19,131],[2,70],[29,-7],[4,-135],[35,-36],[71,54],[-12,60],[17,12],[40,-101],[25,-8],[6,-51],[36,-7],[20,57],[60,-115],[39,-42],[93,-47],[95,44],[26,38],[37,-18],[7,-91],[-64,-48],[-1,-111],[13,-76],[21,-63],[49,31],[10,43],[-7,85],[41,185],[49,68],[11,49],[44,0],[20,41],[-14,33],[37,22],[2,-57],[-42,-72],[-28,-80],[42,-87],[56,-95],[3,-87],[36,-37],[0,60],[34,115],[72,-14],[21,-19],[74,1],[12,-32],[36,-22],[-10,-43],[-72,-39],[-10,-49],[23,-77],[41,-57],[12,-41],[-3,-44],[-31,-2],[-16,-34],[-3,-60],[23,-7],[47,23],[43,54],[30,105],[31,18],[14,-24],[6,-132],[50,-72],[71,-78],[72,-61],[61,28],[21,26],[37,-12],[-14,-122],[35,-27],[38,6],[19,-34],[-7,-65],[39,-38],[-27,-43],[-11,-57],[8,-43],[56,23],[33,25],[53,10],[0,40],[29,1],[34,50],[61,-125],[55,-30],[116,-80],[49,-10],[3,-18],[-43,-106],[5,-38],[69,-24],[77,18],[37,-58],[49,-7],[19,-20],[-9,-63],[-58,-58],[-23,27],[-29,-14],[-26,-38],[-43,-30],[14,-35],[38,-6],[60,-84],[39,0],[30,-18],[6,-80],[29,-84],[35,-32],[7,-97],[-18,-43],[-3,-57],[24,-15],[45,12],[44,-74],[-4,-26],[-51,-59],[-3,-78],[-26,-86],[47,-15],[53,65],[16,2],[36,-106],[45,-22],[5,31],[61,3],[7,-28],[76,-110],[-6,-58],[-61,-30],[-25,-25]],[[68004,85045],[-6,-52],[59,-25],[27,-37],[15,30],[66,-14],[28,31],[35,-4],[48,18],[33,-34],[14,22],[10,81],[-43,84],[55,56],[10,26],[44,44],[32,5],[78,-17],[59,36],[16,45],[4,114],[41,40],[89,-6],[27,19],[32,84],[30,37],[51,27],[31,32],[17,40],[57,49],[39,13],[63,44],[40,14],[12,21],[13,93],[51,62],[3,55],[-12,54],[-3,103],[-73,9],[-13,28]],[[69083,86272],[46,5],[100,-36],[23,13],[18,51],[4,64],[19,44],[6,48],[43,108],[-17,81],[-51,43],[28,38],[12,44],[52,22],[32,41],[108,15],[54,17],[35,24],[34,84],[61,17],[42,32],[31,160],[28,11],[104,-62],[34,30],[-27,92],[1,65],[-13,43],[62,203],[49,29],[44,-10],[33,57],[26,80],[49,38],[52,83],[51,47],[114,39],[97,125],[-9,422],[-51,925],[-8,36],[9,84],[16,20]],[[70424,89544],[-2,-9],[58,-182],[19,-33],[113,-124],[47,-64],[50,-117],[46,-39],[89,-39],[143,-30],[65,-2],[72,-35],[134,-150],[93,-2],[83,-138],[35,-39],[58,-36],[26,-40],[3,-49],[-15,-75],[-19,-42],[-85,-81],[-29,-57],[-17,-90],[-41,-144],[2,-82],[-8,-66],[-33,-85],[-2,-116],[46,-138],[13,-104],[0,-81],[42,-27],[68,-14],[56,3],[32,-16],[77,-97],[40,-41],[36,-66],[13,-58],[34,-2],[53,34],[26,105],[27,-12],[78,-200],[45,-56],[37,-23],[110,20],[57,-16],[61,-57],[37,-5],[26,22],[47,15],[89,59],[70,79],[42,-22],[48,-115],[23,-91],[60,10],[93,-43],[60,-11],[30,-47],[21,-167],[10,-33]],[[66382,85269],[-41,48],[-15,133],[39,79],[94,134],[11,81],[-12,73],[2,50],[22,127],[-42,89],[-35,30],[-38,6],[-33,-17],[-88,-16]],[[66246,86086],[-27,51],[4,38],[-39,57],[-5,42],[13,55],[23,159],[21,69],[-2,83],[29,69],[47,29],[45,13],[28,26],[42,-17],[79,-63],[49,7],[36,37],[59,7],[62,55],[49,-4],[55,-67],[22,-63],[34,-52],[21,-8],[48,31],[74,-102],[48,32],[71,61],[65,17],[25,-5],[65,54],[46,-19],[17,-31],[36,-11],[72,11],[22,28]],[[67480,86675],[25,59],[16,10],[69,-76],[44,-17],[19,15],[17,70],[74,-5],[36,-34],[51,-17],[79,35],[21,-3],[29,-56],[21,-75],[50,-25],[13,35],[74,89],[16,69],[25,34],[14,90],[20,9],[56,-92],[35,-13],[29,13],[30,49],[-4,50],[68,-51],[43,-18],[33,-89],[24,-29],[35,-88],[46,-24],[16,-120],[35,-51],[20,-1],[45,-59],[38,0],[24,29],[31,-51],[68,-85],[24,-6],[56,48],[28,-9],[55,-70],[55,57]],[[29844,85717],[-105,0],[-318,13],[-78,-55],[-74,-23],[-20,14],[-209,69],[-56,13],[-166,60],[-215,61],[-112,-33],[-68,23],[-63,43]],[[28360,85902],[69,129],[-3,43],[20,26],[36,85],[1,34],[45,82],[22,20],[33,75],[17,108],[19,10],[2,54],[19,65],[54,99],[21,11],[44,88],[-1,41],[19,16],[26,85],[57,83],[11,44]],[[28871,87100],[61,21],[53,79],[55,13],[23,30],[9,54],[51,84],[49,54],[26,51],[7,38],[-10,66],[22,46],[0,82],[-18,115],[24,121],[9,126],[29,20],[45,-22],[45,6],[76,30],[464,-134],[174,471],[168,439],[63,161],[384,456],[38,91],[19,81],[-3,105],[19,84],[-6,40],[6,147],[-9,56],[-39,51],[-52,128],[-39,129],[-23,94],[-21,174],[10,22],[61,243],[-1,48],[13,84],[32,142],[-7,30],[8,80],[-29,57],[5,58],[32,36],[-5,43]],[[30689,91530],[13,108],[28,90],[13,14],[13,72],[32,89],[-1,54],[12,36],[-2,59],[38,62],[34,26],[9,67],[-1,133],[7,48],[26,72],[-12,75],[4,118],[29,54],[28,94],[21,35],[13,96],[18,62],[42,56],[-8,71],[29,23],[-23,46],[15,28],[-2,65],[7,81],[23,66],[-4,36],[16,57],[21,14],[30,85],[40,47],[5,167],[-9,41],[19,38],[-7,73],[9,56],[26,17],[-3,165],[-26,43],[18,77],[-2,115],[-13,42],[10,117],[-7,64],[-29,29],[15,30],[5,72],[-21,66],[-1,114],[-17,30],[11,74],[-33,85],[-31,35],[4,106],[-4,71],[-24,170],[2,46],[-18,63],[4,45],[22,30],[-3,136],[-13,105],[4,202],[-16,85],[4,107],[16,128],[37,22],[-5,81],[11,29],[-3,67],[34,94],[22,14],[6,37],[86,137],[8,66],[24,12],[6,45],[20,35],[0,47],[17,32],[40,137],[28,43],[40,26],[7,54],[28,43],[9,39],[27,11],[21,52]],[[31557,97636],[138,-37],[71,-45],[72,-82],[62,-101],[53,-72],[86,-80],[79,-27],[74,27],[114,94],[100,93],[131,141],[96,98],[95,73],[159,92],[126,36],[108,19],[182,-27]],[[33303,97838],[-3,-383],[3,-155],[-2,-163],[1,-439],[3,-245],[-4,-546],[2,-137],[-2,-237],[2,-329],[-2,-272],[0,-782]],[[33301,94150],[-3,-2897],[3,-372],[41,-24],[114,-34],[25,-25],[75,-38],[65,-173],[74,-127],[84,-52],[129,-8],[277,67],[-112,-316]],[[34073,90151],[-49,-144],[-2,-40],[16,-69],[167,-649],[-16,-86],[-73,-55],[-64,-243],[16,-108],[46,-86],[24,-256],[97,-92],[-50,-274],[5,-115],[14,-88],[33,-58],[42,-29],[73,-78],[16,-36],[54,-57],[18,-1],[-9,-103],[-17,-71],[-31,-7],[-15,-51],[-59,-23],[9,-82],[-15,-72],[14,-64],[-29,-67],[7,-52],[-31,-52],[-31,-78],[-116,-134],[-88,-28],[-84,-40],[-34,-70],[-127,-322],[62,-38],[-149,-176],[-26,-142],[-27,-78],[-239,-445],[-83,-230]],[[33322,85162],[-1,221],[-1899,-2]],[[41011,85233],[45,7],[47,-31],[33,-8],[45,-41],[40,-3],[49,-31],[18,8],[49,75],[30,94],[23,30],[93,16],[32,-3],[57,36],[33,-2],[29,-29],[31,3],[36,-28],[58,-1]],[[41759,85325],[-11,-419],[2,-343],[-5,-258],[2,-165],[-1,-245],[13,0],[-29,-170],[-7,-103],[28,-88],[-6,-61],[16,-56],[1,-52],[-46,11],[-42,-26],[-17,25],[-47,7],[-17,-55],[-50,12],[-17,-44],[-23,4],[-25,-48],[-16,21],[-40,-20],[-16,26],[-61,20],[-39,-4],[-48,-23],[-31,38],[-40,-9],[-44,9],[-34,-33],[-37,6],[-31,-30],[1,-74],[-36,-49],[-6,-55],[42,-71],[-11,-46],[-77,-113],[-81,-37],[-28,-22],[-33,-87],[13,-17],[-2,-70],[22,-24],[25,-124],[-31,-45],[-34,3],[-13,-56],[8,-60],[-126,8],[-28,-34],[4,-44],[-17,-29]],[[40633,82206],[-73,-5],[-3,47],[-23,-1],[-14,-40],[-45,7],[-31,84],[-21,34],[-33,-12],[-23,27],[-63,6],[-35,28],[-34,62]],[[85677,17368],[-41,47],[14,59],[65,30],[37,62],[40,41],[-3,79],[77,26],[6,83],[22,30],[-1,44],[-35,41],[-23,52],[-29,-1],[3,51],[-36,16],[-43,48],[6,105],[24,17],[-4,51],[-55,52],[-81,11],[-25,-52],[-41,18],[-98,-3],[-10,40],[11,44],[53,116],[-13,57],[-84,-1],[-2,58],[-34,44],[16,122],[-12,47],[-38,68],[-25,26],[-8,48],[37,57],[37,22],[9,31],[39,37],[7,32],[-25,33],[-7,43],[-35,17],[5,29],[-28,44],[42,12],[46,-12],[94,89],[34,48],[30,11],[33,47],[-4,61],[-32,111],[-23,39],[23,120],[1,60],[19,45],[4,54],[-30,65],[-5,34],[20,34],[-3,102],[23,94],[-17,41],[5,82],[24,72],[-17,18],[3,122],[15,18],[-10,62],[39,110],[-8,110],[38,66],[24,0],[36,82]],[[85753,21086],[82,-25],[32,42],[42,13],[27,52],[33,7],[14,83],[20,41],[54,-29],[52,-1],[65,36],[12,17],[-4,57],[24,-5],[38,-41],[51,49],[63,5],[7,142],[26,38],[22,4],[47,-44],[109,12],[29,-19],[18,-38],[-6,-43],[17,-54],[50,-23],[40,-38],[109,27],[25,20],[33,70],[52,19],[12,19],[-38,53],[27,41],[73,-16],[32,-23],[61,48],[81,46],[59,60],[31,-2],[68,-71],[35,28],[57,69],[34,5],[50,68],[34,31],[31,51],[-9,22],[-85,-11],[-48,17],[-56,90],[-46,48],[-21,54],[-36,49],[-20,94],[-24,69],[-59,67],[-17,51],[23,83],[-17,52],[17,54],[-5,30],[-44,40],[-23,48],[23,37],[8,56],[-16,48],[-32,-8],[-6,-74],[-67,-58],[-20,-27],[-35,95],[-28,7],[-74,-11],[-89,-60],[-30,-2],[-50,47],[1,35],[-30,21],[-103,2],[-29,27],[-25,96],[-27,18],[-64,-2],[-73,49],[-35,55],[-69,-8],[-33,21],[-58,71],[-38,26],[-26,75],[-41,55],[-27,148],[-31,41],[-12,49],[-20,10],[-62,-113],[-12,-40],[-24,-9],[-30,-44],[-51,-22],[-25,3],[-17,38],[-11,90],[-70,68],[-32,-2],[-54,79]],[[85569,23611],[59,29],[68,64],[-5,48],[18,53],[23,11],[40,48],[95,50],[40,13],[41,-47],[82,34],[41,72],[23,23],[9,57],[-13,54],[23,18],[93,14],[98,28],[56,29],[16,33],[45,51],[2,50],[26,11],[15,67],[33,44],[38,17],[-30,76],[-42,80],[62,0],[36,14],[-2,67],[32,15],[27,86],[-43,73],[19,33],[50,49],[26,9],[33,-21],[24,11],[50,-38],[30,-4],[40,19],[42,56],[22,-26],[67,-16],[32,4],[41,35],[49,-21],[101,7],[26,15],[5,43],[-29,66],[-32,25],[-43,106],[5,25],[35,12],[32,73],[31,111],[5,109],[23,14],[-19,55],[36,83],[19,86],[55,43],[33,57],[54,54],[-2,119],[28,52],[34,32],[-9,31],[-32,15],[-23,67],[11,22],[63,-20],[44,47],[40,-28],[46,8],[21,-16],[34,-62],[79,-27],[147,-124],[98,-40],[26,-40],[52,31],[16,-17],[73,-26],[65,29],[71,19],[79,9],[8,61],[38,66],[54,32],[18,83],[78,59],[68,22],[73,-29],[41,15],[56,-16],[-4,73],[-32,74],[-4,76],[28,70],[64,12],[62,-2],[100,-42],[50,-49],[56,-80],[74,-3],[22,21],[28,-7],[64,-43],[24,-59],[33,-18],[98,-31],[102,-75],[51,-47],[92,-46],[31,-23],[55,-87],[73,-42]],[[89899,26013],[13,-80],[88,-12],[48,-49],[93,-37],[10,-35],[-19,-33],[91,-86],[54,-5],[103,-77],[33,-9],[54,-39],[47,-62],[27,-21],[-2,-45],[60,-78],[46,-19],[25,-40],[45,-40],[25,-65],[13,-59],[33,-40],[48,-89],[-1,-100],[-19,-48],[0,-69],[-14,-72],[-51,-50],[-37,-57],[0,-31],[22,-94],[31,-41],[15,-132],[57,-71],[-23,-59],[-79,-63],[-6,-14]],[[90729,24092],[-2,-73],[-28,-67],[16,-35],[11,-113],[34,-68],[-22,-66],[-35,-42],[27,-125],[-53,-61],[15,-52],[4,-81],[14,-59],[-1,-84],[-8,-27],[18,-109],[53,-62],[32,-50],[-28,-117],[45,-32],[28,-46],[35,-4],[56,-32],[54,-3],[35,28],[73,-38],[82,-80],[72,-12],[29,-41],[2,-46],[25,-79],[27,-46],[-8,-54],[4,-125],[19,-46],[67,-30],[70,-77],[16,-55],[-6,-112],[64,-70],[19,-49],[8,-56],[18,-43],[66,-45],[26,-44],[-2,-81],[72,-100],[13,-47],[-23,-48],[-27,-86],[-46,-38],[81,-47],[38,-43],[77,-36],[-26,-83],[-28,-47],[26,-22],[9,-62],[76,-60],[49,23],[15,-14],[-14,-68],[18,-99],[20,-30]],[[92030,20576],[-76,-36],[-26,37],[-137,-112],[-31,-13],[-19,-122],[55,-12],[10,-18],[10,-122],[10,-42],[-20,-39],[-57,-186],[-7,-42],[1,-101],[8,-42],[28,-42],[65,-19],[-32,-114],[-74,-209],[-50,-168],[-113,-340],[-11,-55],[-129,-514],[-37,-159],[-34,-180],[-32,-205],[-40,-86],[-30,-30],[-9,-82],[-16,-9],[-51,21],[-45,-15],[-25,33],[-25,-42],[36,-50],[-21,-27],[-45,14],[-4,56],[-75,5],[-40,-23],[-7,44],[17,33],[-12,108],[-46,-80],[-88,-15],[-59,21],[3,80],[19,28],[-13,70],[-20,19],[-50,3],[-31,40],[5,58],[32,64],[-13,56],[-52,41],[-28,54],[-45,-9],[-34,-31],[-25,-46],[-24,-100],[-56,-70],[-100,-59],[5,-57],[-10,-66],[-60,-54],[-37,-73],[-66,39],[-44,2],[-68,-82],[-429,-35],[-3791,50],[128,-230],[-117,-73],[-44,88],[-11,129],[-51,-10],[-13,-33],[-30,-22]],[[25063,96146],[780,4],[99,-259],[1053,-37],[29,-216],[39,1],[117,-82],[39,0],[34,-27],[68,-82],[19,-10]],[[27340,95438],[-35,-45],[-79,-157],[-26,-102],[0,-52],[-26,-51],[-38,-38],[19,-21],[-5,-38],[-54,-63],[-23,-67],[0,-29],[-25,-81],[-57,-123],[-10,-78],[-52,-57],[0,-92],[-16,-36],[0,-59],[-21,-35],[5,-69],[-10,-20],[7,-63],[-31,-94],[9,-71],[-28,-88],[8,-118]],[[26852,93691],[-37,3],[-60,33],[-82,32],[-263,64],[-152,27],[-107,-9],[-238,-52],[-81,-14],[-114,6],[-158,29],[-104,29],[-132,116],[-8,2],[-5,169],[-15,102],[-29,88],[5,55],[-14,33],[-4,88],[-41,118],[-9,84],[-35,71],[-20,85],[-37,51],[-4,67],[3,105],[9,83],[14,32],[8,188],[35,86],[10,83],[-7,71],[-23,68],[-1,66],[12,40],[-27,50],[-34,142],[-26,52],[1,30],[-19,82]],[[15801,21846],[18,16],[136,63],[1,25],[-68,122],[-28,161],[-117,116],[-26,84],[43,85],[55,87],[-21,50],[-77,8],[-37,-8],[-129,-59],[-61,-45],[-50,-26],[-63,-92],[-32,8],[-39,71],[-35,130],[11,36],[32,39],[73,-20],[23,23],[18,111],[7,93],[20,65],[87,99],[51,80],[28,95],[-24,78],[-43,51],[-38,67],[11,97],[29,54],[-14,31],[-71,-16],[-99,-47],[-19,7],[-61,103],[-54,118],[57,8],[127,-26],[20,4],[28,75],[13,100],[-2,68],[-84,-6],[-58,-12],[-23,10],[-70,-19],[-26,36],[18,71],[34,96],[45,53],[91,69],[40,18],[66,70],[55,32],[6,47],[-27,40],[-52,33],[-107,26],[-128,4],[-33,16],[-36,-6],[-54,44],[-51,18],[14,42],[105,166],[-1,67],[-31,44],[-48,35],[-84,-16],[-31,13],[-9,34],[36,29],[99,-2],[29,19],[87,26],[45,101],[-29,99],[-65,60],[-78,25]],[[15126,25417],[-11,8],[-4,98],[-51,50],[-35,70],[-109,20],[-42,-21],[-17,17],[-1,48],[22,34],[79,54],[42,-3],[41,-25],[89,-73],[56,-76],[44,-17],[79,-124],[43,-48],[32,23],[41,59],[-4,50],[-29,46],[-48,40],[-75,47],[-19,40],[8,127],[14,81],[-5,61],[-49,102],[-10,39],[55,31],[147,-2],[70,-9],[3,27],[-22,52],[-40,61],[-47,30],[-138,49],[-12,61],[5,49],[30,41],[26,12],[73,-22],[22,-16],[133,-51],[43,17],[16,40],[-7,66],[-61,76],[-82,36],[-183,0],[-83,-54],[-58,13],[-26,55],[-11,77],[20,63],[77,92],[50,14],[47,-1],[74,20],[184,-17],[61,-24],[85,-59],[15,9],[14,58],[-11,144],[-39,118],[-61,35],[-75,27],[-96,55],[-13,20],[-24,130],[0,82]],[[15368,27549],[53,-86],[81,-62],[75,-11],[185,46],[32,32],[46,109],[13,78],[-3,62],[-16,79],[-36,90],[-22,78],[-17,115],[-5,146],[11,158],[13,68],[69,133],[105,164],[77,64],[39,5],[76,-17],[33,-31],[53,-76],[28,-129],[5,-78],[-1,-117],[-14,-199],[-3,-108],[30,-93],[54,-58],[85,-45],[170,-34],[107,30],[38,29],[95,51],[73,-29],[42,-40],[18,-36],[16,-84],[20,-7]],[[16993,27746],[32,-40],[6,-105],[-30,-81],[-33,-65],[-12,-63],[-13,-132],[3,-215],[12,-63],[-5,-55],[21,-33],[34,-97],[15,-22],[94,-57],[17,-38],[31,-172],[-20,-168],[-20,-109],[51,-1],[75,-42],[38,7],[97,93],[80,-126],[28,-33],[32,-79],[-99,-31],[-64,15],[-92,59],[-29,26],[-28,-3],[62,-119],[-2,-22],[-55,-37],[-16,-31],[49,-129],[-19,-42],[-26,-23],[-39,-62],[-54,-53],[33,-49],[23,-1],[30,47],[39,26],[52,-2]],[[17291,25619],[-8,-63],[24,-54],[45,-20],[44,-70],[0,-69],[-48,13],[-29,42],[-37,-2],[-39,-31],[-35,-46],[-65,-11],[19,-49],[3,-51],[18,-46],[31,44],[39,7],[3,-86],[39,-66],[-14,-35],[3,-43],[-30,-39],[-74,20],[-11,-43],[34,-50],[38,5],[29,-40],[-19,-56],[-8,-69],[13,-21],[50,8],[-3,-91],[-35,-18],[14,-66],[-16,-49],[44,-70],[6,-92],[40,-72],[18,-54],[-8,-27],[-56,23],[-3,-124],[-19,-63],[-35,-41],[22,-95],[-25,-68],[13,-62],[-57,-123],[3,-96],[-7,-78],[15,-11],[36,-84],[19,-87],[-4,-74],[30,-85],[108,-128],[-5,-69],[24,-126],[-8,-41],[-34,-59],[8,-42],[26,-21],[-14,-160],[-16,-73],[-20,-42],[-50,-27],[-7,-85],[-85,-2],[-55,-22],[-73,15],[-89,-11],[-66,15],[-17,27],[-64,-61],[-37,15],[-11,-47],[26,-28],[44,-16],[37,-40],[37,-3],[35,-71],[-26,-37],[20,-87],[-14,-52],[-53,3],[-31,-21],[13,-39],[3,-80],[-14,-39],[-30,-13],[7,-60],[48,-4]],[[16915,21560],[2,-90],[-76,-158],[-45,-39],[-65,-98],[-64,-204],[-75,-2],[-70,25],[-76,72],[-27,94],[-67,98],[-15,59],[-34,68],[-2,46],[-47,88],[-11,49],[-135,-22],[-14,44],[-37,-17],[-66,21],[-31,95],[-50,2],[-52,131],[-57,24]],[[51740,10004],[-21,-52],[0,-51],[-30,-68],[-11,-65],[-33,-90],[0,-48],[-16,-52],[-29,-23],[-60,-11],[-43,-115],[-30,-46],[-63,4],[-82,-32],[-59,22],[-54,-34],[-1,-39],[-37,-96],[-45,-52],[-38,-9],[-69,-118],[-29,-177],[16,-29],[57,-44],[7,-59],[-69,-163],[-30,-32],[-34,-96],[3,-65],[41,-94],[2,-79]],[[50983,8191],[-29,53],[1,56],[-35,51],[5,112],[34,83],[59,83],[25,75],[-29,41],[-79,0],[-28,27],[-46,12],[-39,36],[-23,97],[31,6],[46,-24],[25,38],[-18,119],[98,89],[8,52],[-5,61],[5,102],[-25,81],[-57,38],[-54,16],[-39,26],[9,66],[43,42],[16,41],[-26,36],[-36,6],[-55,41],[-8,50],[75,20],[74,53],[-7,40],[-54,-3],[-77,17],[-77,-38],[-48,-11],[-44,22],[-15,42],[5,75],[53,158],[29,36],[37,-20],[21,-50],[90,-24],[49,3],[17,51],[-19,69],[-6,69],[-19,77],[-24,37],[-21,62],[-22,13],[-68,-61],[-43,-28],[-86,8],[-40,-7],[-31,20],[4,45],[49,85],[9,75],[103,31],[40,35],[47,-14],[50,-47],[18,10],[11,69],[-35,50],[-1,69],[34,42],[60,33],[30,28],[5,46],[-17,28],[-59,13],[-28,21],[-11,87],[22,28],[45,11],[39,69],[0,28],[-67,22],[-64,-40],[-51,-46],[-51,-61],[-52,-84],[-27,33],[11,73],[-13,36],[-43,31]],[[50564,11239],[-30,26],[28,79],[76,61],[1,47],[-34,66],[-14,85],[9,62],[64,9],[34,21],[30,69],[42,70],[-29,43],[-57,21],[-68,0],[-66,18],[-16,22],[26,102],[35,52],[53,38],[34,75],[-12,108],[-49,111],[-1,34],[20,43],[-10,42],[-94,26],[-19,36],[7,102],[30,36],[29,11],[28,88],[-5,29],[-32,28],[-87,15],[-25,21],[-26,62],[9,78],[76,101],[56,143],[63,51],[20,54],[4,91],[-3,136]],[[50661,13651],[74,43],[122,156],[29,62],[25,28],[37,13],[89,-24],[52,-40],[39,-44],[47,-36],[28,-65],[13,-69],[16,-178],[-11,-91],[13,-97],[22,-40],[45,-14],[111,43],[44,24],[88,76],[75,-2],[79,-49],[82,-9],[125,-83],[120,-60],[33,-39],[89,-66],[47,-49],[34,-57],[23,-74],[14,-236],[12,-53],[20,-18],[66,-1],[44,24],[47,40],[63,33],[143,1],[165,-69],[58,-54],[33,-61],[25,-163],[56,-339],[-79,-61],[-94,-248],[-30,-56],[-43,-34],[-26,-58],[-65,-58],[-71,-22],[-27,-37],[-49,-33],[-36,-70],[-15,-69],[-23,-61],[-35,-198],[-14,-30],[-50,-37],[-39,-124],[-81,-193],[-96,-187],[-121,-121],[-66,-44],[-51,-4],[-28,-64],[-4,-38],[-24,-22],[-31,-91],[-59,-50]],[[31808,7587],[-39,-15],[-60,-81],[-34,28],[-22,-9],[-43,-50],[-73,-15],[8,-69],[-34,-28],[-66,4],[-149,-97],[-35,25],[16,63],[-27,15],[-77,-24],[-42,-32],[-68,-2],[-24,21],[-87,8],[-97,27],[-28,-31],[26,-45],[-35,-32],[-57,-17],[-33,-29],[4,-62],[-39,-26],[-27,18],[-101,40],[-67,84],[-73,25],[-49,59],[1,119],[-46,45],[-13,90],[-23,57],[-39,9],[-118,77],[-34,7],[-22,101],[7,20],[-19,67],[-72,40],[-47,83],[-52,-3],[-92,29],[-47,28],[-20,29],[-53,9],[-26,91],[-19,42],[-64,80],[-2,34],[-46,101],[-32,31],[-18,38],[9,34],[-16,30],[-36,23],[-52,-17],[-50,-35],[-35,2],[-40,45],[-43,23],[-32,-57],[-60,-55],[-37,-17]],[[29088,8540],[239,1380],[21,-53],[53,-36],[24,-78],[30,-33],[-1,-28],[63,-5],[67,44],[79,4],[17,114],[20,27],[2,41]],[[29702,9917],[33,-2],[9,-33],[49,29],[47,-51],[23,27],[25,-11],[28,-94],[26,-22],[27,10],[45,-43],[41,18],[-17,52],[-7,84],[14,36],[34,-20],[40,39],[57,-16],[14,-18],[64,20],[3,23],[55,44],[11,-54],[76,-16],[24,-19],[53,-11],[32,44],[3,77],[28,2],[54,-28],[45,-65],[28,-26],[-26,-38],[43,-30],[9,69],[50,-18],[34,6],[39,29],[12,31],[-50,61],[-9,46],[-39,53],[-15,41],[76,-3],[27,50],[27,-19],[32,6],[18,55],[-28,29],[-75,22],[-28,79],[-43,33],[5,41],[53,-23],[20,15],[23,72],[35,-30],[4,-109],[39,31],[60,-98],[28,60],[33,31],[65,18],[56,-26],[34,45],[-12,37],[-60,12],[-25,67],[5,30],[-28,67],[25,39],[53,3],[38,-11],[33,31],[60,-13],[27,-46],[44,-2],[-1,82],[18,75],[29,27],[3,56],[37,-24],[57,12],[29,99],[-67,39],[-14,70],[-34,28],[-39,13],[-9,33],[58,33],[9,17],[69,58],[33,-16],[44,34],[3,29],[-26,27],[-12,80],[28,18],[17,-30],[42,46],[24,2]],[[31633,11444],[41,-59],[-13,-76],[75,0],[14,-29],[35,-15],[8,-37],[40,-14],[41,-56],[2,-48],[16,-33],[53,-44],[20,-56],[34,-14],[55,-90],[42,-30],[49,-131],[45,-29],[27,-33],[-24,-84],[6,-73],[35,-73],[0,-50],[14,-53],[-8,-46],[34,-57],[7,-95],[-3,-110],[-52,-43],[-53,-9],[-72,-127],[-9,-35],[7,-59],[-20,-37],[-8,-57],[8,-61],[-31,-61],[39,-71],[27,-66],[44,-60],[17,-41],[-37,-80],[-112,-293],[-26,-96],[22,-118],[48,-22],[-17,-46],[-6,-69],[20,-65],[-18,-83],[-81,-51],[-49,-49],[-17,-33],[-34,8],[-29,-34],[72,-96],[72,-50],[-11,-69],[-44,-85],[3,-54],[-39,-38],[-22,-75],[3,-103],[-40,-29],[-25,-65]],[[20594,12445],[33,-22],[75,-26],[49,-32],[32,-1],[89,71],[40,4],[50,30],[18,43],[59,31],[37,-30],[27,62],[90,13],[27,33],[53,14],[15,35],[61,32],[97,-35],[18,-31],[53,76],[45,6],[29,51],[44,-20],[2,-46],[44,0],[17,62],[30,10],[20,-35],[20,46],[37,15],[4,-49],[66,-44],[39,12],[38,-15],[10,75],[65,-49],[28,46]],[[22055,12777],[28,-47],[38,-15],[77,96],[-2,-185],[-22,-187],[11,-53],[37,-68],[12,-56],[-19,-10],[-49,26],[-55,-5],[-25,62],[7,57],[-11,26],[-36,-15],[-67,-7],[-41,-35],[-34,17],[1,-67],[-14,-95],[15,-44],[55,25],[85,-39],[-35,-15],[-53,-42],[-44,37],[-18,-49],[-41,-38],[31,-65],[24,6],[42,40],[19,-8],[0,-49],[-14,-53],[42,0],[15,-57],[-12,-47],[-44,6],[-14,-37],[46,-55],[1,-23],[-62,10],[-48,35],[-11,-30],[8,-59],[-22,-10],[-12,69],[-39,10],[-27,53],[-50,49],[-49,-63],[29,-96],[42,-29],[50,-67],[0,-37],[-34,-98],[-54,-21],[24,-58],[-11,-45],[-30,-6],[-25,-93],[82,-78],[36,-16],[4,-83],[14,-54],[-91,20],[-34,-113],[30,-28],[-44,-125],[43,-45],[-28,-16],[8,-63],[40,-72],[16,-62],[-4,-33],[20,-43],[8,-56],[-27,-9],[45,-97],[14,-74],[33,-64],[-3,-99],[-17,-35],[18,-128],[-22,-108],[-14,-163],[17,-150],[23,-32],[2,-96],[41,-40],[15,-68],[30,-42],[22,-71],[27,-48],[19,-270]],[[21993,8762],[-76,62],[-65,29],[-75,9],[-26,16],[-32,69],[-14,85],[-44,60],[-69,22],[-25,62],[-31,24],[-34,-24],[-22,6],[-18,48],[-45,48],[-52,-13],[-30,6],[-24,50],[-26,6],[-45,59],[-27,55],[-68,9],[-71,132],[-23,18],[-47,71],[-44,38],[-15,33],[-21,95],[-45,77],[-42,44],[-27,6],[-44,-21],[-16,11],[-37,104],[2,78],[-12,50],[-87,-6],[-33,10],[-11,84],[19,57],[-9,84],[-50,63],[-22,156],[-79,167],[-56,61],[-53,10],[-16,37],[19,129],[-3,59],[-76,30],[-52,-20],[-66,-79],[-67,-42],[-30,-46],[-33,-4],[-69,-33],[-80,-9],[-149,88],[-52,8],[-166,-20],[-28,10],[9,119],[-36,38],[-31,9],[-85,-49],[-44,-107],[-45,-1],[-86,80],[-55,10],[-55,25],[-141,4],[-103,25],[-53,40],[-17,32],[-39,-26],[-44,-79],[-61,-43],[-14,-50],[-45,-19],[-23,-25],[-55,-137],[-75,-108],[-80,-79],[-67,-96],[-5,-31],[-58,-44],[-87,9],[-15,-8],[-40,-67]],[[18004,10402],[-61,77],[-46,86],[-34,47],[-52,-10],[-10,47],[-31,-31],[-18,47],[34,87],[-26,72],[91,77],[-25,32],[10,27],[-25,39],[-39,32],[2,49],[-34,12],[-8,30],[30,30],[38,15],[53,-15],[60,-41],[68,20],[59,81],[-32,54],[-2,127],[-8,80],[-31,108],[10,37],[-39,22],[-31,-31],[-70,64],[54,154],[10,44],[-41,13],[3,33],[-22,39],[8,34],[-59,17],[-24,60],[-39,49],[-28,-2],[-43,66],[-40,-59],[-12,64],[-24,32],[-49,14],[-25,56],[-57,-47],[-31,32],[-29,58],[-31,10]],[[17358,12340],[5,33],[39,11],[-2,34],[-68,27],[36,84],[10,70],[25,-26],[35,10],[14,52],[-66,103],[20,30],[53,15],[15,63],[35,40],[-53,49],[-12,76],[-50,-38],[8,145],[54,-20],[7,36],[-24,72],[11,33],[97,-94]],[[17547,13145],[15,-81],[71,-14],[-4,-59],[39,-51],[70,-51],[32,-7],[19,-29],[22,19],[28,-17],[17,-46],[73,-46],[17,-31],[25,16],[6,-60],[26,-7],[30,-38],[22,9],[23,-51],[26,12],[46,-5],[16,-33],[83,-4],[87,-56],[19,-31],[43,-107],[-23,-44],[20,-75],[46,-6],[1,61],[62,-48],[4,-67],[-20,-11],[31,-115],[1,-70],[26,-62],[16,-72],[34,-80],[34,-6],[90,136],[15,-60],[46,121],[68,10],[51,51],[58,112],[9,60],[43,-6],[11,-95],[46,-33],[86,2],[35,13],[82,-2],[-10,-41],[13,-77],[166,-92],[16,39],[94,95],[-11,-51],[24,-3],[5,-48],[24,-26],[54,159],[47,184],[38,23],[33,63],[-35,42],[49,75],[3,-86],[46,0],[43,50],[-27,109],[118,23],[65,23],[-5,40]],[[20020,12592],[164,21],[-10,83],[7,30],[49,-51],[104,-24],[24,-29],[55,-39],[36,-9],[94,11],[51,-140]],[[27600,13167],[-17,83],[-18,2],[-34,-36],[-26,-60],[-34,13],[-66,76],[-6,-64],[-19,-24],[-63,61],[-7,95],[40,122],[4,75],[-68,-27],[-1,60]],[[27285,13543],[-8,64],[-16,44],[-27,14],[-51,-25],[-25,15],[-23,43],[10,46],[102,14],[61,-37],[79,7],[21,32],[-2,35],[-35,79],[-45,15],[-50,-39],[-30,-9],[-28,87],[-39,27],[-28,-1],[-49,-47],[-21,-5],[-72,30],[-62,69],[-10,24],[-58,-15],[-55,-2],[-13,24],[-89,23],[-45,-10],[-39,10],[-82,-33],[-49,-32],[-24,-42],[-90,-105],[-23,-53],[46,336],[-9,73],[-47,50],[-20,0],[-80,47],[-100,95],[-22,13],[-43,88],[-31,13],[-72,83],[-40,-8],[-27,-32],[-36,15],[-50,0],[-14,34],[1,46],[-23,56],[3,66],[-69,8],[-76,43],[-26,33],[-25,-20],[-13,66],[-25,52],[44,71],[-39,34],[16,124],[40,-9],[40,39],[7,38],[-65,94],[6,30]],[[25621,15368],[28,3],[82,-63],[88,42],[0,42],[-17,114],[-64,86],[-47,25],[-53,-14],[-88,-94],[-30,-21],[-62,-5],[-32,27],[-17,43],[3,47],[53,145],[38,0],[46,-20],[25,23],[48,85],[17,10],[90,-8],[50,-24],[40,-6],[42,20],[9,37],[-10,44],[-67,103],[-61,66],[-30,-2],[-22,-35],[-55,20],[-40,2],[-40,-21],[-8,60],[43,31],[-15,72],[-88,62],[16,46],[59,2],[61,-74],[61,-29],[40,39],[13,71],[-46,130],[24,58],[30,13],[58,-13],[47,-55],[5,33],[-53,139],[-47,91],[-2,82],[56,17],[20,-16],[37,-96],[77,-58],[54,-7],[-30,123],[65,2],[25,27],[-4,146],[25,13],[54,-54],[57,-2],[100,-59],[19,43],[-41,55],[-52,3],[-28,60]],[[26177,16994],[230,16],[7,-59],[95,-10],[82,-61],[7,-24],[46,-24],[26,-35],[13,-44],[61,-57],[33,-6],[68,-40],[45,-123],[46,-31],[87,-20],[77,101],[77,38],[5,21],[62,-8],[-1,-81],[-45,-17],[-5,-69],[9,-36],[28,-33],[67,-5],[20,119],[85,-5],[12,-34],[39,-13],[-4,-60],[8,-134],[8,-37],[39,-16],[15,-32],[2,-56],[-29,-94],[-3,-41],[60,-74],[35,6],[22,86],[46,24],[33,-46],[-7,-49],[-59,-24],[-53,-67],[-74,-29],[-9,-71],[20,-22],[45,-7],[9,-25],[-45,-65],[-37,-74],[-32,-32],[-19,17],[-1,126],[-42,20],[-38,-31],[-88,114],[-20,-43],[-30,-17],[-58,-88],[-3,-47],[19,-74],[-56,-38],[54,-114],[-10,-45],[29,-11],[63,15],[62,-12],[46,4],[31,22],[69,-12],[13,-12],[33,-97],[65,-105],[42,-5],[17,19],[86,-11],[47,-41],[33,-49],[55,-47],[87,-106],[46,-28],[28,16],[46,3],[62,-106],[32,-70],[11,-81],[64,-79],[82,-68],[76,-9],[97,40]],[[28473,14465],[45,-5],[32,-26],[100,-127],[89,-75],[43,-82],[14,-54],[3,-61],[-7,-101],[18,-106],[-6,-63],[6,-116],[-24,-93],[-29,-28],[-143,-2],[-84,-101],[-91,1],[-16,-31],[-57,-27],[-37,-47],[-36,-20],[-47,31],[-62,19],[-51,-5],[-79,38],[-49,-48],[-31,-13],[-34,-51],[-43,25],[-49,-27],[-90,-128],[-34,11],[-39,-42],[-9,-42],[-42,23],[-34,75]],[[19318,18337],[-31,28],[-5,30],[-41,-2],[-5,52],[40,9],[-7,45],[-33,83],[27,53],[-20,80],[2,36],[42,52]],[[19287,18803],[49,42],[29,-1],[41,-58],[28,13],[16,67],[28,56],[-51,13],[-47,38],[-49,1],[-3,44],[71,7],[59,18],[46,-52],[10,-70],[20,-33],[38,-7],[44,29],[-18,55],[-41,49],[-35,59],[-51,44],[-20,117],[-39,5],[-20,-100],[-31,-25],[-44,66],[-17,-19],[-9,-67],[-111,80],[-26,43],[1,26],[31,57],[63,-7],[28,26],[-79,63],[-53,80],[-88,50],[-18,24],[38,70],[51,-27],[22,-60],[29,32],[17,60],[39,-50],[23,10],[30,68],[56,21],[24,36],[-17,39],[-80,63],[-72,151],[-43,59]],[[19156,20008],[181,-7],[40,27],[77,-18],[85,-7],[35,-85],[48,-21],[53,22],[54,-14],[46,0],[73,76],[6,24],[41,48],[-6,19],[69,71],[5,36],[29,62],[25,-7],[17,67],[-16,33],[27,65],[-46,60],[1,24],[75,38],[-9,36],[16,33],[32,23],[35,-13],[44,-219],[-29,8],[-24,-42],[-11,-72],[6,-51],[36,-17],[28,49],[34,14],[9,28],[41,-17],[-1,54],[108,5],[80,67],[57,17],[51,-12],[44,6],[9,80],[28,19],[100,-82],[21,41],[1,45],[20,46],[40,41],[93,56],[-13,75],[-25,30],[0,31],[63,39],[-2,110],[39,93],[-11,52],[19,81],[32,51],[-5,29],[41,54],[66,1],[15,15],[6,65],[47,12],[32,83],[37,32],[19,51],[-30,52],[62,29],[4,47],[39,17],[-5,31],[-42,21],[22,48],[23,7],[26,-28],[10,55],[34,6],[-37,50],[-2,52],[-46,19],[-2,29],[27,45],[22,78],[-52,23],[-23,43],[-28,24],[46,39],[64,7],[24,-21],[-4,-78],[12,-58],[26,-6],[10,67],[42,-14],[28,27],[2,44],[34,51],[12,-14]],[[21592,22260],[9,-64],[56,-42],[5,-59],[-56,-31],[-49,29],[6,-76],[-36,-92],[5,-25],[58,10],[18,-35],[-29,-76],[9,-39],[64,-4],[19,38],[-42,110],[-1,49],[79,-11],[21,-12],[9,-52],[-6,-40],[34,-45],[49,-3],[50,16],[18,-10],[-10,-70],[-57,-8],[-10,-32],[42,-84],[57,-77],[8,-84],[-39,42],[-60,-32],[-36,25],[-30,-26],[68,-71],[1,-23],[-33,-84],[14,-88],[55,-50],[-5,-136],[66,-26],[78,-70],[4,-38],[-52,-9],[-26,-76],[-38,-21],[-85,60],[-28,-37],[0,-79],[12,-48],[40,-20],[8,-85],[-36,-69],[-6,-34],[57,19],[14,-36],[-33,-188],[37,-101],[58,-80],[11,-83],[29,-33],[56,15],[-14,-152],[-37,-19],[-38,23],[-91,5],[-28,-57],[48,-66],[-45,-78],[-43,-44],[-30,3],[-25,-30],[24,-30],[26,-1],[4,-42],[-26,-9],[-9,-59],[-40,-66],[-47,24],[-40,-34],[-6,-30],[-41,11],[-36,45],[-48,-28],[-25,-99],[-40,-88],[-47,-40],[-14,-73],[5,-97],[-18,-75],[-26,-61],[-8,-68],[30,-94],[-4,-35],[-25,-44],[-22,-144],[-46,-20],[-13,-105],[-44,-23],[-37,-45],[-45,-15],[-52,8],[-31,-22],[-80,21],[-38,-46],[-26,-130],[23,-98],[41,-28],[15,-41],[-7,-41],[11,-67],[-3,-43],[12,-72],[-18,-89],[18,-60],[34,-65],[33,-29],[16,-53],[4,-56]],[[21044,17288],[-13,-99],[-49,-51],[-29,-46],[-7,62],[28,102],[-20,78],[-19,34],[-61,50],[-49,11],[-6,26],[-52,26],[-19,23],[-40,7],[-60,95],[-36,-25],[-18,19],[-34,-14],[-5,-51],[-31,6],[-27,-61],[-58,79],[-56,11],[-30,-76],[-13,87],[-36,43],[-38,-9],[-43,34],[5,74],[-45,-2],[-39,33],[-23,55],[-92,-46],[-52,44],[-24,6],[-7,69],[-15,31],[-51,-48],[-25,1],[-38,47],[-53,-32],[-32,-64],[-27,14],[-5,81],[-23,19],[-58,19],[3,-27],[-42,-76],[-21,-11],[-41,48],[-13,-43],[15,-39],[-20,-39],[-29,5],[-25,49],[1,29],[-32,62],[-32,24],[3,36],[34,79],[-53,74],[21,70],[-1,30],[20,64],[36,49],[3,86],[-59,5],[-31,-49],[0,-36],[-38,-3]],[[20909,60729],[14,-21],[2,-99],[-32,-100],[-36,-72],[-48,-213],[-46,-118],[-78,-225],[-87,-195],[-42,-107],[-12,-50],[4,-61],[26,-81],[59,-105],[19,-87],[-2,-58]],[[20650,59137],[-19,-24],[-62,-32],[-98,-10],[-21,-11],[-37,-73],[-17,-57],[-24,-160],[-48,-145],[12,-361],[-1,-128],[-15,-150],[-17,-115],[-55,-181],[-69,-137],[-19,-47],[-7,-52],[9,-89],[55,-67],[80,-41],[32,-25],[52,-80],[11,-45],[-13,-88],[-42,-108],[-5,-43],[14,-166],[36,-65]],[[20382,56637],[1,-32],[50,-87],[4,-38],[47,-52],[-8,-39],[-28,-35],[-17,-79],[20,-36],[25,-7],[55,-74],[-4,-98],[-26,-52],[1,-102],[42,4],[20,-87],[46,-62],[12,-75],[-9,-64],[38,-49],[9,-33],[82,-17],[-9,-44],[-34,-22],[5,-39],[30,-53],[15,-63],[-22,-39],[-46,26],[-37,-29],[-23,4],[-34,-27],[35,-126],[0,-97],[64,-81],[8,-90],[27,-2],[21,-38],[28,11],[31,-47],[47,11],[-3,-44],[-40,-11],[-32,-27],[-567,-99],[18,-64],[-480,-58]],[[19744,54475],[11,52],[50,35],[17,68],[78,-23],[35,36],[-12,27],[-39,22],[-48,-31],[-51,21],[-49,36],[-15,-33],[-40,18],[-16,57],[31,23],[-16,99],[5,30],[32,29],[7,49],[-41,58],[0,44],[-57,11],[-19,51],[16,38],[31,10],[30,42],[-84,48],[-44,86],[-26,26],[-4,60],[30,42],[47,99],[-44,56],[-39,3],[-25,57],[7,28],[43,17],[28,-8],[4,60],[-31,34],[-69,-50],[-100,-11],[-13,78],[9,58],[25,60],[-77,5]],[[19321,55992],[40,37],[-3,62],[-42,14],[-14,47],[-38,16],[32,39],[-4,76],[17,37],[-28,76],[19,11],[-7,62],[-23,2],[-55,-44],[-4,48],[-28,68],[-4,144],[-12,36],[-38,45],[-6,49],[29,28],[-67,91],[-33,79],[49,24],[-3,53],[-58,79],[17,38],[-21,27],[-29,2],[3,43],[-18,15],[-20,54],[3,27],[-29,24],[22,81],[-16,47],[-41,35],[-9,111],[-13,66],[-29,53],[-28,12],[-31,-68],[-50,-42],[-80,-1],[-103,-109],[-36,20],[-25,-16],[-63,-15],[-52,7],[-55,-15],[-35,40],[-36,2],[-13,-29],[-49,-38],[-36,-3],[-33,-48],[-100,-7],[25,-107],[-19,-67],[-62,42],[-22,-3],[-61,57],[-18,39],[21,92],[-140,72],[-45,45],[-35,20],[-78,94],[-51,113]],[[17550,57881],[20,43],[28,151],[-31,34],[-29,74],[-65,2],[-60,21],[31,62],[45,0],[31,58],[-28,40],[1,35],[55,66],[32,8],[-7,58],[-98,64],[4,39],[83,292],[26,53],[0,30],[-58,63],[-7,97],[-64,120],[-17,93],[-38,51]],[[17404,59435],[69,-9],[59,-19],[74,-42],[42,-44],[77,-105],[72,-84],[71,-52],[61,-65],[74,-45],[98,-31],[149,-34],[84,-28],[58,-5],[73,13],[137,-38],[65,-28],[192,-36],[48,-40],[31,-47],[42,-35],[25,-4],[43,21],[42,57],[29,70],[88,187],[82,106],[44,19],[52,-1],[43,17],[27,34],[13,53],[-10,57],[-27,76],[-12,143],[11,24],[79,97],[46,-46],[42,5],[24,95],[-18,130],[19,84],[74,78]],[[19696,59963],[38,20],[109,-18],[101,9],[38,44],[37,104],[2,190],[15,46],[39,41],[41,8],[38,-9],[112,-85],[44,3],[63,43],[24,92],[-22,81],[-45,35],[-87,14],[-18,19],[-13,74],[19,65],[40,51],[47,31],[58,0],[34,-21],[83,-99],[94,-126],[86,23],[134,104],[68,36],[34,-9]],[[31517,24165],[-24,-48],[4,-89],[30,-52],[-32,-169],[-5,-96],[-137,-28],[-62,-40],[-2,-55],[42,-50],[52,-36],[19,-37],[22,-133],[1,-61],[-24,-92],[-60,-57],[-22,-36],[26,-22],[36,-4],[56,-34],[6,-51],[-31,-16],[-53,17],[-53,-44],[-6,-43],[29,-45],[53,-11],[5,-64],[-50,2],[51,-178],[-12,-62],[23,-39],[25,-13],[-2,-103],[-915,187],[23,-258],[9,-429],[-98,-4],[-143,-19],[-72,-4],[-538,-60],[0,309],[267,-24],[-7,422],[-257,37],[2,255]],[[29693,22788],[680,-169],[3,52],[-22,92],[-54,64],[-33,60],[-8,42],[16,46],[-13,34],[10,84],[-8,41],[-131,31],[-46,27],[-36,105],[-36,-16],[-31,46],[-27,-2],[2,52],[15,65],[-41,3],[7,54],[-7,128],[21,87],[15,170],[18,17],[3,49],[-12,33],[9,69],[23,30],[-11,29],[-36,0],[-35,-22],[-16,53],[-2,47],[24,32],[1,54],[-55,13],[-24,-24],[-36,15],[-16,44],[-39,62],[39,64],[-17,47],[-58,-22],[-23,46],[37,99],[-39,42],[-56,0],[-27,44],[45,36],[29,-16],[-12,78],[-30,-4],[-55,48],[-39,-15],[-6,57],[8,54],[-59,58],[58,101],[-38,8],[-1,63],[-33,3],[-12,27],[-30,5],[-2,61]],[[29444,25269],[35,-20],[136,-34],[102,5],[46,27],[112,84],[122,-11],[88,-37],[62,-3],[45,8],[30,24],[18,43],[19,219],[-5,61],[41,71],[29,184],[-24,77],[5,62],[-7,105],[4,61],[18,76],[22,52],[48,44],[33,17],[34,-51],[71,-189],[7,-79],[3,-141],[7,-69],[24,-110],[52,-59],[104,-92],[141,-68],[79,-49],[35,-61],[11,-107],[-2,-147],[9,-133],[48,-117],[78,-111],[48,-119],[60,-81],[47,-132],[48,-96],[53,-77],[69,-83],[68,-48]],[[29444,25269],[-16,47],[-44,37],[-76,7],[-52,-32],[-62,-6],[-31,-100],[-117,-106],[-25,-15],[-32,-59],[-100,11],[-21,24],[5,136],[-9,47],[-35,83],[16,124],[-39,193],[-25,172],[-25,147],[-31,108],[-69,101],[-57,39],[-50,8],[-42,-11],[-63,-65],[-56,-20],[-29,19],[-147,49],[-122,115],[-24,42],[-32,150],[-45,149],[-67,175],[-15,65],[-12,98],[-31,200],[-31,111],[-38,68]],[[27795,27380],[78,44],[90,-7],[36,-20],[54,31],[39,96],[16,88],[-4,46],[-33,22],[-27,-29],[-76,-55],[-52,-18],[-31,3],[-42,54],[-20,113],[-59,134],[-2,21],[66,124],[42,49],[5,72],[-22,75],[11,36],[41,47],[1,58],[-29,64],[6,34],[57,-28],[17,9],[-3,52],[46,-5],[52,-46],[29,-9],[27,28],[5,36],[-2,173],[-29,92],[-33,62],[-45,38],[-139,-23],[-15,26],[-6,133],[21,46]],[[27865,29046],[35,12],[40,-33],[40,-110],[47,-29],[-32,123],[13,53],[23,27],[5,46],[-18,47],[-57,35],[-25,52],[114,62],[23,52],[38,-33],[57,-75],[50,-118],[38,-15],[60,22],[40,45],[-2,26],[-66,36],[-39,3],[-19,54],[30,95],[36,58],[22,86],[-33,60],[-34,8],[-36,-18],[-12,-46],[-4,-81],[-25,-15],[-35,65],[-93,67],[-45,85],[-68,63],[38,56],[38,30],[34,10],[28,-15],[-19,-111],[14,-18],[61,40],[94,-18],[62,12],[-1,19],[-51,105],[-135,83],[27,44],[44,19]],[[28167,30011],[-10,-68],[56,-39],[-3,54],[13,40],[43,-13],[33,25],[33,1],[28,-20],[123,0],[26,-71],[47,-64],[51,-9],[60,-74],[59,-14],[42,-33],[44,-116],[21,-31],[50,-118],[15,-82],[-19,-55],[17,-16],[4,-61],[15,-19],[66,24],[8,29],[-9,68],[21,28],[103,40],[21,25],[23,94],[55,90],[10,118],[27,46],[31,114],[151,13],[70,-2],[30,55],[25,18],[85,1],[79,54],[28,52],[60,34],[51,83],[49,-6],[117,102],[34,10],[140,-2],[36,-47],[4,-155],[-33,-104],[83,-200],[46,-25],[33,2],[15,80],[30,66],[44,26],[-5,77],[21,94],[65,109],[40,46],[32,3],[75,103],[85,64],[43,177],[26,27],[57,-4],[40,-51],[49,-18],[58,39],[65,-4],[37,-12]],[[31136,30609],[87,48],[76,-41],[47,-4],[43,-20],[19,48],[34,-18],[35,6],[49,49],[60,110],[6,115],[982,-1050],[595,-992]],[[33169,28860],[298,-497],[1,-44],[-23,-42],[-49,-11],[-90,22],[-49,-1],[-12,-54],[-43,-41],[-36,-12],[-12,-45],[-37,-66],[-59,-26],[-30,8],[-8,-75],[-26,-10],[1,-44],[-36,-122],[-24,-31],[28,-22],[4,-81],[22,-43],[-13,-66],[17,-50],[-33,-33],[-58,-19],[-27,29],[-38,14],[-12,-49],[19,-63],[-3,-64],[-35,-14],[26,-57],[-43,-41],[-52,-14],[-34,15],[0,-84],[-19,-80],[-58,-63],[-30,8],[8,-84],[24,9],[16,-35],[-27,-56],[9,-60],[-54,-43],[27,-46],[-16,-57],[-28,-23],[-8,-51],[-35,-27],[-27,23],[-34,-4],[-36,-29],[7,-30],[-48,-41],[-4,-25],[-60,35],[-8,-79],[-34,0],[-8,-90],[-31,15],[-29,-29],[-18,39],[8,48],[-24,29],[-34,-44],[-32,-4],[-22,-34],[-33,36],[-14,-37],[-8,-106],[-56,55],[-56,-24],[-47,-44],[8,-83],[-6,-51],[36,10],[39,-10],[21,-38],[-5,-62],[-66,-107],[-11,-43],[4,-80],[27,-69],[-63,-92],[-63,20],[-42,-24],[-66,-129]],[[31677,25421],[-83,77],[-39,13],[-42,-7],[-56,-67],[-10,-62],[13,-68],[25,-72],[32,-51],[70,-92],[68,-67],[81,-116],[46,-86],[39,-159],[10,-99],[0,-80],[-19,-108],[-38,-86],[-55,-72],[-77,-53],[-59,-11],[-66,10]],[[76113,26381],[24,40],[31,-72],[65,-6],[30,18],[34,-16],[22,14],[-10,48],[-41,10],[-24,47],[55,-3],[43,73]],[[76342,26534],[69,-29],[-9,-94],[61,35],[72,-48],[41,123],[48,-21],[12,46],[65,34],[-5,56],[13,67],[39,7],[36,45],[33,-23],[34,52],[14,-48],[-37,-25],[-5,-64],[-13,-36],[74,-63],[2,-33],[-26,-31],[12,-36],[40,27],[47,-81],[-7,-35],[26,-138],[56,-60],[12,-91],[-17,-55],[16,-30],[-10,-107],[16,-56],[8,-245],[-37,-301],[-9,-46],[35,-64],[61,-68],[5,-43],[72,-40],[51,3],[57,-70],[64,67],[21,6],[76,64],[14,100],[-13,43],[5,67],[16,47],[-10,84],[4,58],[19,62],[66,27],[54,60],[23,48],[34,1],[28,35],[82,-21],[29,15],[86,-28],[41,14],[27,-34],[-3,-61],[-27,-37],[3,-90],[-38,-42],[19,-48],[-4,-29],[30,-30],[-4,-45],[-21,-52],[16,-62],[-21,-73],[-4,-62],[23,-38],[2,-133],[10,-33],[-1,-85],[-13,-41],[15,-197],[3,-85],[9,-44],[25,-36],[36,-16],[13,-45],[45,-37],[65,14],[-2,-41],[22,-70],[18,-25],[47,-27],[24,-105],[12,-87],[36,-70],[11,-141],[30,-76],[-19,-139],[43,-16],[40,11],[51,-21],[26,6],[23,-60],[31,-31],[42,-17],[37,-80],[42,0],[51,18],[25,-21],[23,-51],[25,-9],[16,-42],[31,7],[41,-38],[22,-4],[50,77],[36,17],[-6,-74],[8,-53],[-15,-35],[-4,-87],[32,-23],[38,-77],[-7,-66],[5,-45],[42,-28],[-2,-20],[37,-80],[24,2],[44,-136],[29,-41],[71,-20],[6,-25],[37,-27],[1,-70],[11,-43],[37,-52],[3,-34],[-19,-37]],[[79344,22150],[-17,-75],[-18,-24],[-23,-80],[-82,17],[-11,24],[-91,-22],[-61,42],[-44,-17],[-38,24],[-20,-36],[-36,14],[0,-43],[-26,-8],[-22,60],[9,28],[-29,44],[0,36],[-27,46],[-27,-24],[-8,-39],[-39,-5],[-51,-41],[-13,-37],[-51,63],[-9,-46],[-24,-30],[-45,-15],[-34,26],[-9,-54],[-35,-10],[-50,-98],[-29,39],[-50,8],[8,40],[-24,40],[11,77],[-37,49],[-23,-42],[-33,-106],[-62,-50],[-15,13],[6,112],[-30,19],[-3,-44],[-27,-28],[-40,-1],[-29,-45],[5,-32],[-72,-113],[-108,43],[-2,49],[-55,1],[-41,35],[-18,62],[-40,-48],[-17,-3],[-51,-82],[-75,-55],[-61,14],[-7,25],[-47,-26],[-61,-94],[-54,-57]],[[77332,21670],[-364,128],[-364,149],[-497,193],[-208,85],[-16,24],[8,66],[23,33],[-14,39],[9,34],[28,17],[4,69],[36,64],[35,148],[16,23],[37,130],[10,153],[-17,41],[37,52],[15,137],[30,36],[-11,67],[9,92],[-2,124],[21,19],[-8,52],[-21,15],[-24,65],[-21,25],[-17,59],[0,51],[-48,99],[-34,625],[-15,20],[11,65],[17,28],[0,48],[19,83],[5,80],[-20,92],[-4,68],[11,54],[6,139],[-18,75],[8,114],[-8,33],[1,202],[16,67],[0,69],[32,100],[7,133],[-13,40],[33,90],[3,46],[38,151]],[[76113,26381],[-26,29],[-20,59],[-54,17],[-70,-29],[-40,0],[-54,42],[-36,-23],[-54,57],[-34,0],[-30,57],[-40,-45],[-27,5],[-7,43],[24,51],[69,-10],[2,131],[-28,43],[-66,48],[-55,-55],[-67,-15],[-38,-27],[-34,-57],[-43,16],[-16,64],[-37,42],[-13,-46],[-36,-7],[-5,-35],[12,-97],[-46,-37],[-59,21],[-70,83],[-27,-10],[-20,-35],[-26,7],[-4,77],[44,3],[-16,36],[-60,14],[-42,-12],[-25,39],[-63,-29],[-18,-162],[-54,-98],[-33,-85],[-21,-14],[-14,42],[7,117],[-23,13],[-53,-80],[-49,26],[-18,-26],[-21,56],[-35,-23],[-12,-86],[-50,-22],[-18,48],[0,46],[-40,31],[-20,-28],[-7,-83],[-17,-20],[-59,26],[-22,-84],[-23,-2],[-31,116],[-64,40],[-19,-12],[-47,-99],[-24,15],[-53,0],[-80,-45],[-8,-28],[9,-146],[14,-80],[-8,-41],[-38,-21],[-14,20],[0,61],[18,72],[-24,32],[-56,-17],[-1,66],[29,61],[-12,79],[19,35],[36,2],[-6,70],[-32,54],[-9,57],[25,25],[42,112],[-3,88],[-18,41],[-54,32],[-26,38],[-60,7],[-33,-26],[-51,13],[-29,-60],[-59,-16],[-14,86],[-34,3],[-78,40],[-94,135],[-61,52],[-34,14],[-28,-13],[-20,-34],[-81,66],[-75,124],[-67,-42],[-21,26],[-42,7],[-17,25],[2,118],[-5,112],[-11,28]],[[72929,27680],[-1,89],[25,22],[55,-48],[33,-13],[-14,62],[-25,177],[-41,165],[12,26],[-6,58],[43,42],[-4,44],[13,100],[-30,39],[-4,34],[37,22],[-1,100],[22,33],[35,7],[29,27],[-51,98],[-2,53],[-25,69],[31,32],[27,61],[-1,53],[98,29],[39,53],[24,50],[38,36],[33,76],[39,-18],[42,60],[29,98],[-23,94],[27,111],[87,70],[55,28],[-8,39]],[[73566,29758],[-20,72],[65,153],[-12,61],[-25,28],[6,73],[31,19],[46,71],[76,31],[38,-32],[10,40],[33,49],[-3,30],[50,112],[-37,99],[-16,102],[31,22],[8,50],[-35,96],[28,63],[61,27],[29,-9],[41,62],[-16,52],[7,66],[-7,52],[-25,21],[-16,50],[-22,23],[-7,54],[-39,40],[7,24],[-14,54],[23,42],[38,34],[3,50],[16,18],[-17,85],[15,90],[-12,72],[16,65],[-3,35],[35,80],[15,103],[-21,79],[-66,51],[-24,1],[-49,37],[-30,-5],[-56,24]],[[73722,32274],[116,98],[44,-23],[83,-72],[56,-27],[37,-52],[-58,-111],[-6,-27],[9,-97],[-22,-66],[-4,-46],[17,-70],[-4,-106],[-17,-90],[22,-50],[66,-61],[30,-7],[51,28],[48,-4],[47,-56],[41,-13],[84,-9],[-13,-94],[2,-58],[-69,-34],[-36,-37],[-15,-35],[-49,27],[-58,-8],[-9,-64],[13,-75],[-17,-29],[18,-36],[3,-88],[16,-79],[18,-34],[62,-20],[41,-39],[24,-92],[-18,-38],[30,-26],[32,34],[44,-4],[89,8],[28,40],[24,-23],[9,-49],[51,-45],[31,-45],[62,7],[-42,-111],[-9,-64],[-62,-45],[-19,-37],[-17,-97],[16,-80],[-11,-56],[9,-57],[-7,-59],[-44,-100],[-5,-56],[-29,-21],[-65,-17],[2,-163],[61,-57],[50,-19],[42,98],[22,87],[34,28],[66,90],[73,42],[27,-1],[19,-35],[4,-83],[24,-29],[54,-32],[98,-36],[22,41],[10,67],[26,17],[62,-33],[34,5],[46,-23],[105,61],[62,-35],[62,-10],[25,62],[-9,46],[36,79],[33,36],[46,30],[31,-5],[18,24],[40,-8],[111,3],[80,-39],[26,60],[32,-4],[30,38],[-3,73],[36,56],[54,33],[42,-15],[20,51],[22,16],[12,-53],[20,-15],[15,-96],[95,3],[70,-47],[6,-64],[32,22],[16,89],[40,-15],[-15,-47],[19,-66],[36,-17],[59,-6],[21,-94],[-8,-35],[-34,-15],[12,-32],[-22,-58],[-49,-37],[-21,-72],[-34,-46],[16,-102],[-39,-36],[3,-82],[-29,-47],[-23,-110],[-24,3],[-7,-46],[-59,-22],[18,-108],[31,-52],[23,-78],[-2,-49],[15,-130],[12,-28],[-1,-59],[51,-3],[35,64],[31,11],[8,-35],[47,-46],[61,-162],[47,-81],[79,38],[4,-41],[-26,-162],[-5,-175],[-18,-29],[71,-97]],[[76654,27828],[-8,-20],[-90,15],[-28,-45],[-42,-3],[3,-34],[-28,-53],[34,-19],[-3,-106],[-29,-67],[-39,-57],[-39,-6],[-36,-60],[-44,-21],[16,-58],[-19,-90],[23,-20],[-7,-34],[34,-101],[-16,-43],[17,-80],[22,-167],[-6,-49],[-33,-26],[-9,-40],[19,-27],[-4,-83]],[[29693,22788],[-652,190]],[[29041,22978],[-1185,345],[-61,4057]],[[21270,77691],[-37,-35],[-28,-49],[-50,-46],[11,-44],[-59,-73],[-77,-65],[-15,-22],[-68,-57],[-20,8],[-79,-31],[-43,-35],[-13,-52],[-16,-9],[-26,-63],[-50,-46],[-27,-47],[-80,-86],[-39,-10],[-35,-75],[-35,1],[-56,-26],[-23,-58],[-11,-61],[-201,122],[-207,-218],[-116,-114],[-11,8],[-188,217],[-206,232],[-250,4]],[[19215,76961],[0,220],[-27,26],[-119,21],[-12,28],[-2,60],[17,223],[-24,134],[5,29]],[[19053,77702],[3,165],[18,140],[33,115],[106,189],[137,231],[59,108],[132,292],[-27,96],[3,81],[-13,107],[-43,127],[-4,50],[-41,112],[-51,70],[-61,48],[1,58],[-64,105],[-54,128],[-36,-26],[-16,27],[-13,89],[-64,24],[-16,81],[-53,101],[9,102],[-5,57],[-48,73],[0,112],[-48,14],[-20,43],[44,51],[-1,40],[-36,38],[33,135],[16,24],[-12,119],[46,150],[-25,92],[4,36],[-15,133],[16,68],[-18,24],[-11,64],[18,22],[-9,78],[1,86],[29,105],[7,78],[12,38],[23,14],[-1,125],[6,87],[21,48],[-8,24],[-35,17],[-25,44],[-76,19],[-33,-9],[-23,25],[-15,65],[-24,12],[-11,68],[35,43],[20,48],[38,35],[-31,29],[-2,50],[-18,28]],[[19285,82933],[45,-7],[53,-31],[49,-50],[57,-92],[44,-37],[53,-3],[32,17],[68,64],[28,63],[14,122],[-12,114],[-33,80],[-77,84],[-23,53],[1,72],[45,111],[56,80],[15,43],[5,81],[27,42],[32,12],[86,-2],[48,7],[54,22],[67,6],[58,-24],[109,-70],[52,-56],[34,-60],[34,-134],[25,-49],[64,-51],[90,-31],[53,-56],[66,-126],[118,-125],[85,-66],[49,-20],[184,-20],[65,-35],[40,-38],[100,-137],[81,-52],[70,-9],[50,41],[62,93]],[[19053,77702],[-41,29],[-44,12],[-22,-25],[-96,-25],[-27,-22],[-35,0],[-47,-29],[-4,-43],[16,-51],[0,-54],[16,-27],[-3,-61],[58,-17],[19,-86],[46,-68],[0,-65],[29,-47],[-19,-31],[21,-135],[-13,-24],[3,-54],[17,-50],[-13,-44],[22,-79],[27,-52],[-4,-25],[22,-49],[-2,-32],[53,-126],[-8,-46],[10,-38],[-23,-97],[3,-107],[-21,-116],[10,-31],[-5,-157],[-15,-7],[3,-91],[-7,-20],[31,-145],[-7,-93],[-19,-78],[-59,-27],[-60,-89],[-120,-17],[-38,10],[-55,-32],[-35,-39],[-61,9],[-54,-57],[-49,-30],[-29,-33],[-79,-46],[-14,220],[-14,267],[-41,647],[-279,16],[-140,13],[-24,11],[7,47],[-23,45],[-9,99],[-50,38],[-20,36],[-15,115],[-27,82],[0,101],[-20,55],[11,52],[4,93],[12,6],[0,73],[-18,40],[3,88],[-28,58]],[[17660,77247],[-14,60],[-31,44],[-5,115],[26,173],[-11,37],[14,36],[-10,32],[20,97],[1,140],[-10,161],[-14,43],[18,29],[16,108],[20,44],[40,41],[-13,39],[17,26],[7,60],[16,16],[0,54],[43,140],[-2,54],[38,52],[20,86],[-13,82],[5,66],[-11,49],[-32,37],[-5,69],[25,103],[-4,35],[-27,57],[-33,16],[-7,69],[-24,37],[10,30],[-38,27],[1,88],[-14,8],[-33,183],[-40,24],[3,51],[-25,22],[19,73],[-34,74],[-27,10],[-13,51],[0,81],[15,27],[-27,29],[-18,48],[-10,86],[-58,84],[-32,116],[-38,19],[-20,35],[-74,24],[-14,48],[-50,39],[-49,120],[-26,22],[-5,37],[-57,52],[-30,89],[-10,60],[-47,38],[-6,36],[-28,42],[-34,14],[-16,60],[-62,120],[-19,19],[-26,62],[7,38],[-52,134],[-6,74],[-36,30],[-18,41],[4,98],[-20,20],[-32,130],[-11,109],[-11,24],[16,69],[-18,55],[-7,88],[-31,47],[-3,71],[-26,116],[7,61],[26,64],[-25,92],[27,63],[1,40],[20,30],[-20,38],[17,54],[-28,59],[-69,77],[-28,-65],[-57,-7],[-65,46],[-27,-3],[-19,44],[-24,6],[-70,-14],[-25,27],[-15,-34],[-30,3],[-15,31],[-32,4]],[[81370,54346],[-26,-70],[1,-24],[39,-50],[-14,-15],[10,-81],[20,-8],[-14,-79],[-47,-44],[43,-41],[-32,-99],[41,-47],[81,-15],[19,-159],[-45,26],[-20,-50],[29,-75],[-29,-62],[-53,13],[-12,-49],[-50,-12],[-20,37],[-26,-2],[-25,-36],[-48,5],[-9,-82],[-60,-104],[-27,-29],[14,-52],[-29,-108],[36,-75],[-40,15],[-55,-47],[-81,-15],[-6,-24],[-66,24],[0,-40],[-32,3],[-41,-48],[-22,-61],[-53,19],[-16,-27],[-5,-56],[28,-73],[73,-94],[13,-84],[35,14],[-8,-53],[16,-89],[-15,-62],[4,-83],[-10,-71],[26,-1],[29,-61],[7,-63],[13,-18],[37,14],[11,-62],[-71,-120],[-63,-42],[-52,-2],[7,-32],[-15,-47],[-8,-73],[13,-44],[-24,-33],[-39,4],[-17,62],[-46,-22],[-53,40],[-7,66],[-62,-64],[-49,-20],[30,-38],[-3,-42],[-51,-6],[-43,-67],[19,-74],[0,-76],[-52,-46],[7,-79],[67,-57],[-22,-63],[47,-51],[-12,-25],[-7,-81],[25,-9],[-17,-53],[0,-111],[-47,17],[-13,-67],[23,-4],[11,-41],[23,12],[141,-149],[-88,-144],[-45,-11],[11,-71],[-20,-13],[-13,-67],[29,-33],[-36,-35],[-11,-44],[11,-29],[45,-60],[36,-29],[25,-75],[-39,-59],[-28,-127],[-13,-35],[-30,-22],[24,-128],[-47,-2],[3,-51],[32,-49],[63,39],[16,-42],[31,-34],[-14,-33],[-38,-12],[10,-36],[63,-53],[21,22],[38,-41],[-3,-54],[33,-58],[-37,-65],[-46,-29],[-20,24],[-50,-101],[-13,19],[-30,-41],[72,-112],[30,-6],[15,-38],[-12,-102],[24,20],[31,-30],[38,-6],[72,-30],[11,-44],[38,-35],[29,-97],[27,-41],[101,-121],[39,-68],[38,-31],[46,-14],[23,37],[98,-6],[37,18],[28,-21],[12,-44],[50,-27],[30,10],[102,-15],[60,3],[15,-18],[62,-19],[9,-18],[95,-13],[40,29],[24,-15],[91,-5],[64,-73],[26,-19],[54,-2],[37,14]],[[82025,47961],[-50,-57],[-24,-42],[19,-72],[1,-77],[-16,-68],[9,-60],[-20,-69],[11,-34],[-27,-63],[-80,-19],[-17,-92],[16,-198],[37,-63],[49,-57],[18,-7],[27,-52],[19,-63],[-3,-59],[-25,-59],[43,-83],[9,-79],[33,-104],[-12,-67],[42,-100],[-9,-57],[59,-145],[-35,-117],[27,-51],[10,-69],[-66,-44],[-32,33],[-40,115],[-135,90],[-108,47],[-59,3],[-70,-7],[-115,-45],[-51,-9],[-59,-24],[-57,8],[-15,-11],[-27,-65],[-60,-19],[-45,35],[-28,7],[-47,-17],[-19,-46],[-3,-55],[10,-47],[-5,-42],[-39,-80],[-27,-39],[-29,31],[-4,135],[-45,43],[-27,60],[-40,30],[-65,30],[-54,43],[-69,-14],[-20,159],[-47,44],[-19,-24],[-26,7],[-85,72],[-27,52],[-33,-1],[-26,44],[-23,95],[-38,8],[-14,21],[-40,-5],[-30,18],[-28,41],[-38,3],[-30,-26],[-70,89],[-15,-7],[-72,59],[-29,-20],[-43,24],[-21,45],[-32,24],[-53,91],[-56,7],[-22,16],[-101,-66],[-45,8],[-44,57],[-74,49],[-18,-25],[-47,-12],[-11,41],[7,53],[-38,2],[32,79],[4,54],[-62,31],[-36,71],[-61,37],[-20,59],[-23,9],[-83,-24],[-16,-27],[-57,25],[-34,-10],[-64,1],[-12,47],[-80,91],[-19,55],[20,32],[-12,38],[-32,38],[-45,-19],[-30,-81],[-58,-12],[-53,-76],[-39,36],[0,32],[-39,22],[-11,36],[-54,-17],[-49,34],[-33,-26],[-10,-61],[-36,-18],[-23,24],[-27,78],[-15,7],[-16,88],[-33,54],[-58,44],[-24,-9],[-130,77],[-53,-15],[-43,-44],[-64,-85],[-13,-60],[-31,10],[-28,-19],[-2,-46],[-94,28],[-30,-6],[-20,36],[-89,-104],[-23,51],[-40,-20],[-36,11],[12,90],[-58,48],[-15,-56],[4,-43],[-50,-26],[-27,56],[11,31],[-57,30],[8,-79],[-39,-40],[-10,78],[-26,-22],[-29,23],[1,32],[-65,45]],[[77154,47690],[-17,32],[-44,14],[-2,24],[-38,62],[-21,64],[-38,-34],[-40,60],[-45,-17],[-19,32],[25,25],[-14,76],[-30,32],[-50,21],[-18,26],[-37,96],[13,47],[-4,45],[-24,27],[-25,-13],[-20,58],[-34,-2],[-18,34],[-43,10],[-47,84],[32,16],[-17,86],[-24,4],[-20,130],[-40,52],[-62,13],[-45,-31],[-36,3],[-38,-43],[-38,-65],[-61,-51],[-32,7],[-21,-28],[-68,-37],[-24,36],[-47,19],[-69,-26],[-6,-43],[-43,-67],[-28,14],[-50,-5],[-16,-34],[-44,4],[-30,34],[-43,-8],[-38,20],[-21,82],[8,99],[18,33],[5,96],[-66,105],[-6,33],[-66,-20],[-45,32],[-20,-41],[-56,9],[-26,68],[41,106],[-8,24],[2,89],[-30,72],[-36,-28],[-36,-8],[-43,22],[17,42],[27,-17],[63,31],[45,-61],[37,32]],[[75460,49293],[43,36],[0,72],[39,28],[21,33],[36,-60],[26,-23],[75,-30],[28,-49],[74,-19],[5,42],[20,21],[68,30],[30,36],[1,83],[50,45],[29,0],[52,-26],[10,-31],[34,-2],[86,38],[48,97],[-28,40],[14,103],[-1,75],[12,82],[37,74],[76,-24],[69,-1],[52,52],[62,22],[44,45],[27,64],[-4,57]],[[76595,50203],[4,25],[44,58],[62,28],[33,79],[67,101],[6,76],[17,67],[22,33],[19,59],[-4,58],[-32,21],[-19,61],[28,17],[14,67],[47,51],[46,4],[2,28],[70,40],[18,-35],[35,-6],[84,-37],[21,15],[59,-10],[17,-28],[-13,-67],[6,-30],[-27,-27],[-3,-73],[15,-92],[16,-17],[-21,-61],[16,-29],[-7,-147],[-11,-78],[23,-39],[-19,-91],[47,-58],[77,10],[34,-74],[61,-2]],[[77449,50100],[32,40],[69,20],[25,64],[19,17],[4,139],[-10,76],[32,25],[-7,107],[38,55],[61,33],[-22,111],[-31,65],[-1,44],[52,18],[-16,89],[-5,67],[-24,12],[-8,45],[39,30],[19,44],[-57,86],[79,68],[12,116],[-14,56],[5,32],[33,63],[-22,58],[-7,73],[30,60],[-5,67],[18,27],[7,54],[51,38],[87,-86],[41,-77],[4,-86],[46,30],[19,-4],[-7,-81],[42,-2],[68,26],[14,18],[-13,81],[35,-17],[41,17],[-1,40],[58,21],[19,25],[6,44],[-12,50],[15,110],[14,34],[44,29],[26,47],[64,-31],[86,26],[19,42],[-4,67],[39,17],[49,4],[43,55],[11,75],[-13,34],[9,34],[-4,121],[-9,49],[19,55],[69,43],[107,-19],[50,24],[47,43],[18,-8],[15,-47],[32,8],[19,26],[48,-21],[14,51],[74,-3],[-21,119],[27,12],[44,-46],[11,15],[-8,78],[20,28],[74,33],[78,65],[49,18],[64,-5],[97,94],[57,3],[33,44],[42,1],[61,121],[28,2],[16,118],[-9,33],[45,69],[19,75],[63,51],[40,19],[10,46],[50,6],[29,-19],[75,68],[46,56],[28,58],[35,-16],[58,120],[7,45],[47,-12],[23,72],[-10,143],[34,95],[10,64],[24,-12],[70,-5],[35,-36],[44,-4],[12,31],[63,-14],[22,7],[80,91],[34,80],[54,66],[52,14],[58,-5],[59,-69],[45,-26],[47,-48],[90,-37],[11,-52],[36,-49],[10,-35],[26,-20],[33,-67]],[[20607,26764],[60,47],[52,84],[57,169],[44,79],[45,21],[77,20],[111,-15],[100,-24],[98,3],[118,38],[103,61],[80,74],[37,55],[11,59]],[[21600,27435],[64,-32],[0,-49],[-35,-10],[1,-62],[27,-60],[0,-26],[34,-45],[23,-10],[30,-44],[78,-140],[71,-45],[36,18],[-1,-51],[-37,2],[-15,-90],[13,-46],[33,-57],[-4,-66],[-38,-22],[-45,-43],[-3,-32],[40,-8],[21,27],[17,-65],[55,-30],[8,-41],[21,-21],[44,-6],[28,33],[42,15],[21,-10],[-4,-79],[-27,-48],[-81,-1],[-11,-69],[63,-23],[27,27],[34,7],[10,-41],[-36,-1],[-28,-43],[25,-27],[27,2],[78,-132],[-29,-19],[-31,-45],[-49,10],[-2,-40],[25,-12],[-3,-78],[-47,29],[-51,11],[-22,-64],[-42,-42],[-55,2],[24,-112],[-3,-42],[52,-106],[4,-87],[20,-23],[-21,-45],[12,-66]],[[21988,25262],[-27,3],[-30,-62],[-5,-137],[45,-4],[-3,-32],[62,-39],[43,-2],[55,-27],[17,-38],[1,-70],[-51,-1],[-40,-36],[-36,-73],[-21,-66],[-17,-87],[-64,-65],[-27,-47],[-20,-62],[-101,-5],[-42,49],[-68,-58],[-70,-49],[-24,-50],[-38,-116],[-35,-28],[-8,-35],[-38,-26],[-22,15],[-33,-13],[-48,2],[-88,67],[-9,16],[-67,24],[-62,-9],[-33,-22],[-51,-5],[-52,-34],[-33,-45],[-54,7],[-49,23],[-40,53],[-75,34],[-25,28],[-42,-4],[-23,-28],[-31,12]],[[20609,24220],[1,47],[-30,19],[-34,-63],[-59,37],[-54,-11],[-14,35],[40,59],[3,32],[-61,125],[-35,-15],[-45,-44],[-71,-26],[-80,6],[-111,-67],[-18,28],[21,92],[43,57],[80,8],[62,-17],[14,63],[-26,115],[64,76],[90,28],[-8,44],[-20,14],[-127,14],[-102,104],[-64,-13],[-21,-24],[-81,-36]],[[19966,24907],[-19,5],[-23,69],[-1,48],[-19,72],[23,4],[38,-48],[29,-10],[59,65],[47,31],[63,10],[16,26],[-21,49],[1,56],[25,80],[2,92],[-22,149],[5,77],[90,-2],[20,13],[-20,57],[-53,5],[-36,-12],[-100,0],[-29,7],[-73,-8],[-2,59],[88,87],[51,-8],[111,0],[65,-16],[55,-26],[29,-1],[18,24],[-16,37],[-34,34],[-60,27],[-23,82],[51,45],[74,12],[32,29],[23,61],[-10,22],[-89,49],[-38,37],[-54,35],[-5,53],[59,58],[-24,33],[-118,11],[-74,35],[8,40],[50,50],[112,90],[65,26],[15,-9],[18,-126],[58,-49],[33,0],[26,43],[46,3],[89,-114],[43,-41],[27,-5],[21,47],[-2,47],[-45,115],[-34,126]],[[2200,35674],[259,-140],[134,-103],[82,-46],[70,-29],[280,-168],[91,17],[71,-75],[63,-5],[115,69],[140,-21]],[[3505,35173],[55,-199],[10,-55],[-26,-37],[-8,-59],[16,-69],[-6,-97],[-42,-129],[-3,-41],[-23,-42],[-4,-44],[8,-262],[-6,-241],[-25,-90],[-8,-55],[8,-92],[31,-43],[31,-77],[3,-75],[-11,-81],[-165,-1500]],[[3340,31885],[-28,36],[-95,97],[-20,71],[-27,10],[-40,-46],[-51,10],[-7,78],[-20,111],[-6,68],[-30,75],[-19,7],[-54,-24],[-27,64],[-44,42],[-25,-24],[-37,29],[-45,-21],[-14,44],[-46,46],[-10,45],[-3,100],[-20,62],[20,45],[-19,92],[-12,6],[-40,-53],[-21,7],[-18,44],[-72,120],[-53,45],[-57,-36],[-94,103],[-15,-41],[-41,-15],[1,-60],[-17,-28],[-39,30],[-9,-43],[31,-69],[-3,-34],[-55,-22],[-23,-27],[13,-113],[-10,-50],[-18,-6],[-34,58],[-62,35],[-25,-58],[-65,-78],[-26,-101],[-126,-136],[-35,-57],[-22,-61],[-33,-129],[0,-39],[24,-46],[49,-53],[4,-38],[-33,-116],[19,-84],[43,-30],[72,-107],[22,-143],[26,4],[9,-61],[3,-159],[86,-14],[0,-1487],[1,-217],[-4,-766],[0,-859],[-2,-200],[141,-10],[170,13],[177,38],[340,78],[368,76],[485,104],[66,11],[9,24],[52,-9],[188,40],[84,4],[29,18],[239,40],[58,23]],[[4418,28168],[9,-8],[81,14],[115,1],[33,-9],[43,-36],[14,-33],[-7,-65],[34,-63],[-1,-62],[-19,-58],[16,-70],[35,-14],[31,-34],[26,-83],[59,-81]],[[4887,27567],[-60,-77],[-31,-27],[-77,-33],[-164,-31],[-121,-122],[-53,-75],[-33,-96],[-32,-208],[-81,-273],[-91,-175],[-43,-28],[-84,3],[-35,11],[-32,31],[-89,128],[-86,94],[-31,22],[-50,9],[-83,-51],[-62,-30],[-57,-87],[-29,-92],[-8,-68],[10,-109],[22,-101],[16,-130],[0,-48],[-18,-99],[-42,-111],[-61,-137],[-43,-80],[-45,-69],[-57,-47],[-162,-114],[-71,-66],[-30,-57],[-35,-106],[-27,-165],[4,-102],[52,-478],[-39,-60],[-55,-42],[-77,-6],[-37,58],[-58,204],[-17,112],[-4,87],[-22,119],[-1,101],[-22,74],[-94,208],[-73,134],[-25,32],[-36,89],[-72,91],[-3,26],[-52,99],[-39,37],[-94,127],[-83,64],[-146,220],[-83,68],[-43,19],[-42,-13],[-30,-62],[-79,-19],[-63,-133],[-79,-45],[-8,-26],[-41,-47],[-50,11],[-148,197],[-16,67],[0,70],[25,51],[28,118],[7,120],[-11,74],[-50,66],[-82,41],[-114,129],[-44,33],[-69,13],[-53,-25],[-57,-52],[-182,-12],[-76,-40],[-168,1],[0,194],[6,116],[-5,135],[-17,207],[4,59],[-5,104],[26,120],[-16,110],[-4,88],[6,109],[-18,149],[-54,126],[-26,142],[-4,162],[11,60],[-2,216],[-30,121],[-5,98],[6,77],[22,133],[-19,72],[-29,62],[-101,107],[-86,135],[-27,77],[-14,90],[-10,179],[4,54],[33,62],[68,66],[76,61],[41,51],[44,118],[30,116],[34,168],[25,97],[43,124],[48,162],[10,97],[43,287],[60,122],[175,311],[106,205],[169,203],[161,244],[122,263],[173,412],[168,253],[133,158],[72,270],[45,194],[50,157],[10,177],[22,172],[38,153],[52,262],[9,123],[39,225],[41,140],[56,168]],[[65854,33982],[-14,46],[34,24],[35,96],[-18,11],[26,70],[13,164],[-25,38],[24,42],[-33,64],[35,105],[0,67],[28,5],[11,49],[-37,64],[22,48],[7,105],[30,39],[13,41],[-40,21],[14,47],[34,21],[3,43],[44,79],[5,58],[-41,68],[-49,-1],[-21,21],[8,41],[-36,18],[9,42],[-23,33],[-9,50],[-20,19],[-9,73],[-28,11],[-39,89],[108,109],[17,32],[27,-9],[39,34],[39,17],[2,32],[46,62],[11,34],[-31,41],[-13,68],[-29,74],[-64,38],[-57,55],[17,95],[-21,31],[29,45],[-36,58],[19,19],[-6,52],[12,34],[-13,70],[-1,104],[24,76],[1,54],[-13,55],[-26,34],[5,52],[-25,2],[7,75],[48,39],[-4,91],[-36,6],[-3,48],[-28,53],[30,10],[-28,65],[-32,-14],[17,65],[-28,15],[-61,-28],[-34,38],[-92,25],[-7,-40],[14,-77],[-49,-7],[-37,14],[1,-39],[-20,-28],[-40,8],[12,34],[-39,12],[-58,96],[-4,41],[-57,9],[-1,59],[-41,-4],[-12,-49],[-42,7],[-7,-51],[-38,19],[-75,-2],[-35,46],[1,50],[-28,64],[-52,6],[20,39],[-48,32],[-81,17],[1,53],[-37,4],[-42,45],[-7,52],[-51,17],[-13,127],[-78,-22],[-82,36],[-20,32],[9,42],[-17,27],[-24,-28],[-15,29],[-55,35],[-4,84],[-26,48],[51,-7],[-16,43],[-23,9]],[[64452,38531],[-20,104],[-3,48],[-22,39],[-35,22],[-25,86],[-49,-23],[-34,18],[-21,57],[-25,14],[-33,-13],[-31,13],[-60,65],[17,73],[40,64],[71,187],[17,102],[-31,30],[-17,-51],[-37,-50],[-74,-21],[-64,31],[-47,-75],[-77,-173],[-26,-16],[-37,55],[-24,79],[13,45],[94,145],[58,107],[4,22],[-55,145],[-21,29],[-112,47],[-34,27],[0,24],[137,94],[18,46],[-7,73],[-29,126],[-32,37],[-24,-11],[-117,-123],[-54,-84],[-22,-91],[7,-72],[-19,-20],[-91,63],[-48,127],[-37,202],[-8,228],[-19,8],[-34,-33],[-80,-132],[-46,-61],[-44,-6],[12,77],[-28,153],[-66,134],[3,74],[30,25],[114,-114],[77,-32],[71,4],[49,-11],[43,8],[23,22],[0,226],[19,23]],[[63550,40747],[92,-71],[30,-7],[48,11],[35,59],[13,104],[18,89],[4,137],[48,30],[85,-11],[139,3],[65,96],[9,32],[-6,129],[-106,125],[-60,35],[-50,54],[-62,90],[-60,61],[1,32],[27,30],[92,49],[61,25],[150,32],[64,41],[18,26],[11,62],[-22,62],[-69,49],[-102,118],[-14,41],[4,37],[64,15],[53,-1],[81,-25],[51,-24],[57,1],[22,20],[-18,129],[10,102],[-38,99],[21,29],[79,-20],[63,-3],[61,-40],[17,0],[47,82],[2,49],[-15,71],[3,84],[13,42],[49,14],[160,91],[24,41],[47,141],[63,173],[58,11],[29,-16],[64,-93],[44,-53],[30,-10],[19,63],[-6,136]],[[65167,43425],[55,8],[4,-92],[13,-39],[49,-73],[-8,-68],[10,-52],[-5,-72],[119,-200],[19,-52],[-4,-41],[97,-101],[74,-59],[128,-31],[25,-18],[43,-59],[30,-3],[31,21],[42,-35],[84,7],[48,-42],[62,-92],[29,-98],[33,-75],[71,-118],[20,-61],[69,-36],[47,-51],[28,-47],[24,-65],[178,58],[36,-6],[63,-32],[88,-10],[39,21],[84,-4],[9,122],[27,19],[23,-15],[44,-97],[29,19],[-5,65],[28,-5],[-2,-43],[42,2],[17,46],[42,-26],[-12,-25],[8,-47],[19,-21],[-13,-66],[26,-14],[24,53],[38,-30],[22,35],[58,-3],[56,-48],[37,-83],[28,-39],[37,-24],[12,-82],[-6,-37],[48,-55],[64,-116],[21,-49],[40,-26],[2,-45],[31,-27],[-8,-46],[-42,-13],[17,-59],[-25,-21],[-16,-66],[51,-1],[10,-73],[29,-1],[55,-49],[-9,-82],[-48,34],[-52,-8],[-11,-44],[18,-54],[37,-21],[58,-7],[63,33],[93,7],[70,-49],[37,-10],[27,17],[72,-12],[100,65],[65,77],[36,18],[33,38],[49,22],[47,-6],[33,30],[67,11],[93,27],[122,-2],[32,22],[72,23],[78,39],[48,34],[48,81],[60,23],[49,-13],[41,24],[46,-69],[93,-34],[133,-7],[30,-25],[44,11],[22,-19],[71,45],[34,-54],[-1,-79],[39,-54],[-5,-136],[43,-70],[61,-14],[49,77],[68,35],[92,21],[42,-103],[90,-97],[11,-42],[44,-74],[-5,-39],[11,-73],[35,-4],[28,-36],[37,-18],[38,49],[50,33],[25,-3]],[[70410,40355],[30,-17],[28,-103],[0,-114],[30,-123],[-19,-106],[-6,-117],[-25,-73],[2,-42],[22,-32],[-2,-55],[-45,-25],[-68,-104],[-58,-37],[-22,-57],[-26,-30],[-15,-43],[32,-57],[10,-58],[55,-97],[142,-90],[66,16],[22,47],[7,58],[36,-20],[12,29],[87,18],[85,-65],[25,-11],[45,62],[43,-1],[58,43],[52,-8],[32,9],[43,83],[52,40],[4,28],[40,26],[66,-21],[35,100],[-21,62],[29,20],[53,74],[15,-64],[58,68],[41,18],[2,27],[45,29],[24,42],[5,68],[28,33],[73,-44],[26,16],[36,86],[46,22],[39,53],[50,5],[31,25],[10,37],[83,2],[6,52],[25,5],[15,-45],[32,-15],[59,-51],[72,21],[35,-16],[26,-56],[31,-5],[17,32],[60,-33],[9,-44],[22,-16],[36,27],[10,43],[30,-17],[41,-66],[11,45],[21,13],[21,46],[44,23],[21,26],[22,-120],[-26,-64],[-29,-31],[-3,-52],[37,-31],[22,11],[48,-61],[41,-7],[2,-73],[41,-18],[-9,-94],[54,1],[47,-27],[-9,-64],[29,-58],[32,-10],[27,-40],[53,-33],[17,29],[31,-19],[39,53],[-30,20],[-4,53],[17,34],[-22,70],[-23,-34],[-27,18],[25,94],[-5,82],[41,47],[-10,24],[41,50],[35,-2],[-4,-60],[44,15],[20,-34],[24,57],[15,-42],[48,-64],[35,-24],[15,-32],[41,-7],[14,112],[76,97],[34,-37],[-39,-69],[50,-37],[0,-35],[55,-23],[10,79],[-16,25],[16,71],[-21,40],[20,86],[44,52],[36,14],[19,-50],[45,-39],[45,-3],[42,-51],[42,3],[33,59],[-11,64],[7,62],[30,-14],[62,12],[48,39],[45,-29],[30,30],[23,-33],[-4,-43],[34,-43],[43,8],[16,47],[47,16],[17,-13],[-17,-114],[23,-16],[34,33],[6,40],[66,6],[21,50],[-29,28],[-42,93],[83,-7],[30,39]],[[74411,40062],[29,-115],[46,-74],[40,-14],[35,-35],[12,-44],[-25,-64],[-49,17],[-2,25],[-35,21],[-71,13],[-49,-107],[-1,-70],[38,-25],[10,-134],[-36,-17],[-32,39],[-36,19],[-16,-128],[-67,-7],[-25,32],[-55,17],[-17,52],[-27,16],[-28,-66],[-58,-27],[17,-50],[2,-54],[-26,-50],[6,-87],[-5,-55],[-55,-98],[24,-16],[5,-49],[34,-23],[5,-38],[34,-34],[-6,-94],[-19,8],[-18,-59],[17,-65],[-14,-26],[45,-90],[-55,-39],[-5,-28],[26,-43],[41,-9],[49,-48],[50,-87],[3,-43],[-22,-11],[-18,-57],[43,-13],[3,-62],[-21,-101],[-50,-27],[-6,-25],[41,-57],[1,-42],[87,-142],[27,8],[43,-35],[16,10],[70,-83],[32,51],[41,12],[33,-28],[-2,-38],[20,-23],[0,-116],[20,-54],[78,-99],[11,-35],[66,-55],[41,-8],[16,-52],[44,-26],[9,-87],[57,-37],[21,-38],[0,-58],[32,-26],[5,-36],[-19,-27],[-11,-58],[13,-34],[-1,-52],[-68,-115],[3,-52],[-55,-93],[-14,-62],[-36,-26],[-2,-55],[-61,-54],[-28,6],[-22,-22],[4,-37],[-17,-41],[-48,-25],[-47,-86],[-36,-23],[-27,-80],[-16,-185],[-63,-31],[-38,-54],[-70,-14],[-53,-50],[-58,-18],[-33,28],[-33,57],[-29,3],[-22,28],[-68,9],[-37,-52],[-23,-12],[-49,75],[-34,-28],[-21,10],[-6,52],[-25,43],[-31,-1],[-35,73],[1,30],[-44,28],[8,60],[-58,41],[-25,53],[14,46],[-14,42],[-81,94],[-67,12],[-71,-40],[-55,-41],[-72,-69],[-8,-30],[-29,-9],[8,-104],[-35,-60],[-16,-124],[-30,-34],[-34,-12],[-38,10],[-26,-16],[-46,4],[-16,-52],[-25,-28],[-23,-52],[-8,-76],[-30,-40],[-140,23],[-106,-7],[-14,-14],[-69,-23],[-53,-28],[-20,12],[-31,-51],[-46,-38],[-29,1],[-19,-27],[-82,-15],[-20,-71],[37,-29],[97,-14],[32,12],[49,-56],[-7,-49],[-29,-82],[-1,-204],[52,13],[83,-90],[82,-48],[73,-78],[-7,-99],[60,-18],[34,-54],[-4,-20]],[[72771,34395],[-47,-37],[-97,-40],[-77,-52],[-45,-41],[-33,-61],[-14,-70],[-33,-70],[-54,-85],[-41,13],[-19,25],[-137,98],[-62,39],[-23,-39],[-32,-10],[-77,-84],[-38,-73],[-104,-141],[-77,54],[-95,-91],[-88,-67],[-60,-13],[-41,-31],[-28,-2],[-16,-49],[-45,-25],[-50,-44],[-38,18],[-25,-6],[-50,-39],[-46,-9],[-29,-36],[11,-67],[-22,-55],[-36,-38],[-24,8],[-35,-39],[-33,36],[-40,-50],[-16,-49],[-25,-32],[-4,-81],[-64,-24],[-36,9],[-49,-12],[-41,99],[4,38],[-72,2],[-62,-42],[-25,40],[-44,4],[-29,128],[8,62],[-57,27],[-28,-53],[-23,-2],[-39,-42],[39,-52],[-16,-44],[-33,16],[-28,-15],[-73,53],[-59,130],[5,37],[-49,17],[-24,37],[-21,79],[-37,-116],[-57,60],[-51,67],[-2,49],[-44,37],[-9,58],[-60,6],[-43,21],[-34,-65],[-9,-41],[-54,-31],[-65,34],[-43,-18],[-47,24],[-20,40],[-59,-1],[-9,72],[1,79],[24,17],[4,47],[-17,44],[-47,27],[-24,47],[6,32],[-43,13],[11,31],[-35,25],[-12,45],[16,45],[-15,109],[-85,60],[-6,20],[-48,24],[-33,33],[5,105],[25,44],[-17,51],[-39,29],[-30,-1],[-42,66],[-56,3],[-21,48],[-18,-11],[-26,81],[-26,-29],[-62,-30],[-43,24],[-2,-40],[50,-69],[15,-96],[-17,-51],[-67,-64],[-19,-39],[0,-36],[-25,-12],[-18,-58],[7,-28],[-53,-75],[-37,-36],[-5,-63],[21,-65],[54,-19],[66,-125],[-3,-52],[-59,-108],[1,-78],[-22,-92],[43,-20],[70,-61],[-6,-76],[-41,-6],[-53,-91],[-41,1],[-17,-34],[-61,-60],[-80,-12],[-41,-62],[-46,-21],[-1,-47],[-49,-36],[-28,-61],[-10,-49],[-39,-21],[-29,-63],[-50,-47],[-33,8],[-79,-76],[-95,32],[-24,17],[-103,-17],[-53,-58],[-22,-53],[-31,-26],[-40,-80],[-7,-60],[-60,-111],[-52,-145],[-31,-158],[1,-57],[-36,-94],[-4,-59],[-131,88],[-35,33],[-44,7],[-44,-10],[-99,-65],[-31,-60],[-99,-113],[-121,-76],[-123,-4],[-106,-56],[-47,15],[-135,15],[-45,-12],[-66,43],[-72,69],[-29,54],[-2,46],[13,40],[29,10],[-3,85],[12,28],[-16,65],[10,59],[31,16],[-47,54],[-59,100],[16,40],[-25,33],[-35,-6],[1,54],[18,38],[5,74],[38,50],[-2,59],[-69,41],[12,46],[-9,48],[-26,-12],[-44,26],[26,70],[-1,25],[30,48],[19,8],[10,77],[-2,139],[33,-5],[48,-40],[17,62],[-5,53],[-23,8],[-24,57],[-12,65],[25,19],[-8,58],[-30,26],[-58,-8],[7,39],[-39,72],[-37,23],[-30,-11],[-33,53],[-38,42],[-64,-12],[-29,36],[0,49],[-41,-1],[8,48],[-15,42],[-44,39],[-10,62]],[[38467,37604],[-80,6],[18,-46],[-50,1],[-82,-11],[-14,-76],[27,0],[-1,-76],[-35,3],[-27,24],[-11,-40],[20,-24],[-8,-56],[-23,12],[-41,-25],[-18,-63],[-32,14],[-16,37],[-20,-79],[17,-57],[-48,13],[-12,94],[20,32],[-11,36],[-37,9],[-18,69],[33,31],[43,-43],[48,3],[-31,69],[-30,23],[-47,4],[-30,-72],[-22,-6],[-38,29],[-72,32],[-41,-10],[-1,78],[-44,41],[21,49],[36,-27],[36,32],[-46,80],[-7,-30],[-40,2],[-26,-57],[-34,-21],[-13,-29],[-72,-4],[2,-99],[37,-18],[7,-93],[-29,-9],[-19,60],[-22,20],[-37,-9],[-46,10],[-15,38],[-44,-5],[-30,18],[-8,69],[27,27],[4,58],[-42,13],[-53,-61],[-26,23],[-26,-17],[-1,-54],[18,-46],[49,-49],[-3,-38],[19,-33],[0,-103],[-37,-34],[11,-86],[-19,-25],[1,-53],[-14,-19],[8,-52],[-25,-8],[-36,62],[-48,46],[-28,66],[0,53],[-51,44],[-10,-33],[-33,-38],[-18,22],[-73,-4],[0,45],[-24,22],[-40,6],[-20,35],[20,66],[-51,35],[-19,-45],[18,-49],[-17,-34],[-30,-20],[-7,-74],[-32,9],[-62,-10],[-15,16],[-7,86],[42,46],[-27,46],[-44,-18],[-19,9],[-23,-41],[4,-59],[16,-30],[6,-100],[-20,-46],[-57,47],[-36,-62],[-35,8],[-5,73],[-69,72],[-9,-132],[5,-63],[25,-41],[-33,-31],[-48,50],[-6,57],[-69,-26],[-34,62],[5,63],[37,5],[-17,99],[35,-19],[28,7],[-4,84],[-31,27],[-39,-11],[-25,53],[-34,38],[18,71],[-6,28],[-37,57],[-3,49],[-32,-18],[-62,24],[0,-38],[-37,-83],[-11,-77],[2,-57],[-71,-64],[-20,7],[1,61],[46,102],[-20,37],[-55,23],[-64,-40],[-45,60],[-76,12],[-66,-12],[-40,3],[-5,-81],[32,-38],[51,-89],[31,-20],[-2,-37],[-45,-20],[24,-40],[-31,-22],[-8,-54],[35,2],[24,-46],[-35,-41],[-9,-37],[-30,11],[-69,-23],[43,-25],[-3,-72],[52,-23],[56,-44],[-9,-25],[-45,28],[-10,-39],[-34,29],[-39,11],[-20,-58],[3,-34],[32,-38],[29,-6],[-3,-41],[-21,-15],[21,-48],[49,-42],[22,-38],[54,5],[55,-51],[15,-53],[-19,-47],[-107,-27],[33,-81],[27,28],[58,-18],[41,-48],[-50,-38],[20,-28],[-10,-59],[45,-120],[-25,-77],[39,-44],[30,-53],[-12,-79],[20,-81],[-4,-52],[-25,0],[-14,-32],[-57,-9],[-34,-88],[28,-7],[40,-94],[59,-88],[10,-85],[33,-91],[23,-8],[0,-57],[13,-87],[20,-8],[19,-80],[51,-8],[40,-38],[46,-10],[58,-28],[22,-25],[68,-21],[47,-33]],[[36396,34783],[-1026,16],[-66,176],[-5,84],[6,29],[-54,8],[-21,22],[-59,-1],[-23,33],[-19,55],[-22,8],[-1,88],[-13,30],[16,75],[55,94],[-6,106],[-13,79],[20,100],[-16,37],[33,34],[-3,33],[-36,50],[-44,-23],[-4,65],[37,28],[-24,27],[2,45],[18,25],[-13,49],[-81,36],[-2,63],[-48,55],[-38,11],[-30,-62],[-34,17],[-35,-49],[-65,51],[-30,13],[5,123],[18,70],[-61,18],[-44,31],[-8,58],[-47,57],[-24,-7],[-4,-59],[-45,-30],[-29,-66],[-18,4],[-29,98],[7,53],[25,39],[-30,31],[1,97],[-16,32],[-112,13],[-29,31],[-8,46],[23,91],[32,-3],[-9,56],[-21,52],[-31,-7],[-18,-104],[-36,18],[-24,88],[41,66],[4,80],[-55,1],[-28,-22],[-19,-75],[-42,-62],[-34,24],[-54,5],[-28,73],[71,3],[46,38],[-8,69],[-20,47],[-48,37],[-3,29],[27,56],[63,60],[56,21],[9,47],[-28,33],[-77,52],[-41,53],[-2,41],[18,30],[40,23],[-34,63],[-120,9],[-27,15],[-27,66],[-10,124],[-16,19],[-23,-40],[-3,-105],[-44,-132],[21,-111],[-18,-39],[-25,16],[-23,79],[-37,31],[-23,-23]],[[33699,37821],[-57,-2],[-108,-76],[-34,38],[5,58],[61,93],[7,81],[-19,24],[-8,88],[-56,45],[-55,8],[-37,37],[-48,22],[2,19],[89,52],[12,17],[13,105],[32,30],[72,18],[77,4],[60,21],[21,23],[38,88],[-18,52],[-30,13],[-73,-3],[-73,24],[-94,123],[-87,62],[-52,-3],[5,35],[89,24],[67,83],[40,74],[66,19],[16,39],[-13,115],[50,90],[-14,26],[-59,12],[-27,40],[3,81]],[[33562,39520],[28,-36],[32,4],[73,-13],[29,-24],[46,-7],[66,-37],[39,-37],[26,5],[21,50],[3,54],[-17,41],[-46,38],[-19,36],[35,95],[24,96],[42,14],[37,-7],[24,-43],[4,-81],[-28,-150],[-4,-179],[-29,-61],[-7,-82],[23,-27],[65,31],[55,37],[59,4],[12,-42],[-20,-93],[16,-28],[26,9],[68,136],[115,44],[11,55],[-76,36],[-28,36],[-42,160],[-25,66],[-6,82],[9,127],[-6,87],[-13,23],[-55,46],[-18,42],[6,56],[27,23],[100,16],[32,27],[28,89],[23,37],[31,5],[55,-14],[6,-34],[-41,-83],[-25,-112],[7,-107],[23,-102],[-29,-178],[35,-73],[47,-10],[26,13],[38,50],[27,109],[44,79],[14,50],[36,35],[72,9],[32,44],[-49,90],[-41,44],[-47,29],[-31,34],[18,33],[73,-17],[42,23],[12,47],[-29,72],[-57,86],[-12,55],[-2,79],[-12,71],[14,33],[61,-2],[80,-51],[71,-60],[73,-131],[31,-12],[36,12],[49,35],[29,55],[39,27],[29,-43],[1,-90],[28,-59],[29,-33],[63,-29],[60,-12],[19,25],[-6,101],[-61,134],[-58,67],[-65,47],[-59,19],[-70,-7],[-41,28],[-9,46],[35,71],[25,7],[78,-28],[53,41],[11,57],[-19,27],[-60,10],[3,63],[48,39],[23,53],[39,231],[27,4],[93,-97],[7,-34],[-67,-86],[15,-26],[63,-26],[45,-94],[57,-64],[42,-27],[58,22],[51,91],[34,6],[43,-39],[55,-76],[18,-74],[-9,-128],[43,-28],[81,55],[12,-22],[-6,-74],[23,-26],[86,15],[39,-29],[30,-77],[37,69],[-35,52],[-15,44],[12,23],[57,-7],[99,-30],[65,20],[54,-4],[-3,72],[-50,50],[-149,51],[-115,47],[-83,68],[-12,48],[14,46],[39,4],[80,-43],[59,-9],[17,24],[-10,90],[-31,81],[-50,65],[-50,32],[-3,39],[61,55],[25,64],[46,39],[32,-33],[3,-82],[17,-61],[62,-55],[70,-91],[17,22],[-8,149],[25,-2],[37,-55],[24,-15],[43,-83],[40,-50],[68,-12],[79,-42],[44,4],[66,-20],[55,-67],[48,-44],[29,-50],[40,-5],[50,44],[9,60],[-21,41],[-76,29],[-67,49],[-64,63],[-94,59],[-21,56],[60,45],[58,33],[42,-6],[43,-32],[45,-17],[38,49]],[[36861,41310],[50,-87],[49,-1],[20,-68],[-46,-46],[15,-74],[76,47],[11,44],[35,-19],[43,8],[70,-38],[0,-61],[44,-41],[4,-116],[-31,-91],[50,-41],[56,-78],[-36,-14],[-19,-42],[35,-5],[4,-75],[-51,-13],[-21,59],[-30,-35],[-22,-2],[11,-57],[36,-38],[-26,-82],[26,-36],[35,-14],[10,21],[-7,68],[9,51],[23,17],[39,-50],[-21,-81],[9,-38],[33,-62],[0,-84],[9,-40],[45,-65],[57,-11],[6,-145],[29,-13],[21,40],[43,24],[31,-37],[81,-10],[57,5],[47,-17],[6,-37],[-35,-17],[12,-40],[-14,-60],[44,-49],[48,-31],[27,30],[54,-44],[32,-1],[10,-49],[-30,-52],[7,-37],[30,-20],[-4,-28],[-36,-71],[30,-66],[24,-76],[-59,-23],[-10,-112],[20,-37],[7,-93],[-35,-34],[25,-68],[20,-27],[19,-80],[-6,-93],[61,-103],[-4,-33],[18,-58],[3,-47],[42,-51],[64,19],[26,-10],[46,12],[179,74],[26,-93],[31,-28],[14,-91],[38,-64],[12,-52],[63,-73],[12,-145],[-6,-112],[-39,-9],[-2,-29],[-33,-34],[11,-33],[-19,-50],[-32,-38]],[[16537,36872],[-897,-14],[-163,216],[-42,-17],[-66,-46],[-51,-16],[-84,9],[-89,-9],[-58,14],[31,69],[-48,69],[-36,86],[-27,26],[-5,34],[-71,102],[-27,14],[-70,-2],[-45,28],[-72,21],[-54,0],[-41,-82]],[[14622,37374],[-35,72],[-52,-14],[-15,37],[-26,17],[-2,55],[81,-40],[30,56],[24,-36],[35,46],[5,28],[-43,21],[0,29],[29,29],[-59,33],[-46,79],[23,25],[-15,72],[100,-20],[51,62],[-14,30],[8,42],[35,-21],[30,24],[34,81],[-9,71],[18,30],[90,25],[5,58],[-34,9],[-7,31],[17,43],[1,115],[31,13],[-7,47],[32,83],[33,-1],[23,59],[9,132],[54,29],[14,-5],[36,85],[-1,43],[-54,43],[-75,114],[5,45],[-24,68],[6,27],[-39,126],[47,201],[-71,17],[-120,46],[-74,107],[-17,42],[-27,25],[-42,67],[-37,30],[-22,40],[-32,107],[-7,126],[-45,81],[-38,24],[-12,81],[16,88],[-87,78],[-50,13],[-71,37],[-13,22],[-35,-9],[-51,45],[-26,83],[-52,8],[-3,53],[-36,35],[-44,20],[-38,-22],[-28,10],[-56,-11],[-22,-40],[-70,4],[-11,20],[-61,41],[-29,-10],[-28,24],[-22,-10],[-77,40],[-16,-6],[-37,39],[-34,-36]],[[13446,40881],[130,711],[23,-6],[22,-50],[36,-15],[30,-51],[80,-53],[27,-8],[80,257],[49,-7],[108,-87],[315,312],[-37,11],[-21,57],[-54,37],[11,41],[-42,4],[3,54],[-21,42],[5,50],[-25,126],[7,24]],[[14172,42330],[48,0],[47,-68],[39,8],[35,32],[47,0],[49,-28],[25,11],[58,51],[77,34],[50,40],[81,14],[42,-39],[27,0],[31,-27],[89,0],[30,-8],[1,103],[-34,4],[-12,356],[-1,105],[2,436],[0,346],[162,270]],[[15065,43970],[-1,-62],[32,-15],[26,-57],[-11,-18],[21,-78],[40,-13],[-19,-82],[6,-36],[-8,-93],[-38,-85],[40,-41],[12,-59],[21,-37],[43,11],[45,-66],[43,2],[39,-98],[-7,-34],[34,-63],[0,-40],[24,-91],[37,-52],[29,-14],[10,-58],[38,-117],[2,-44],[60,-46],[62,-72],[52,-20],[77,-15],[20,-26],[96,-90],[54,-96],[28,-33],[47,-28],[42,25],[40,-7],[57,-56],[43,-70],[-11,-134],[17,-72],[30,-53],[-332,-631],[26,-21],[35,-1],[2,-80],[28,-52],[39,-98],[1,-61],[-16,-70],[3,-68],[-25,-95],[0,-102],[8,-68],[32,-94],[1,-68],[42,-79],[72,-26],[65,-13],[14,-196],[55,-58],[77,-1],[6,-30],[37,-10],[38,-43],[51,-100],[53,-48],[25,-47],[21,-5],[84,-70],[33,0],[11,-39],[36,-49],[34,-10],[25,-56],[16,-8],[15,-68],[55,-61],[11,-51],[-16,-19],[-42,-6],[-71,-45],[-39,-1],[-10,-24],[-9,-119],[-81,-180],[-19,-76],[19,-79],[-185,101],[-8,-36],[-42,-87],[1,-31],[-26,-33],[-1,-46],[-22,-43],[-38,-103],[-16,-73],[7,-69],[-27,-137],[18,-83],[-39,-60],[17,-67],[-18,-37],[8,-30],[33,-35],[30,-10],[25,-59],[26,-119],[61,34],[21,-43],[-27,-24],[9,-37],[-21,-47],[71,-2],[31,-25],[-13,-83],[-48,-79],[36,-49],[30,-1],[9,-35],[-23,-69],[23,-11],[-2,-48],[-30,-23],[-3,-41],[15,-39],[50,-1],[-3,-50],[31,-67],[-2,-65],[-68,23]],[[24883,38462],[-1598,221]],[[23285,38683],[-168,37]],[[23117,38720],[25,58],[12,77],[21,27],[30,81],[35,51],[10,40],[0,92],[9,48],[-45,38],[-10,40],[17,40],[-18,59],[27,44],[-33,54],[12,40],[-22,88],[26,34],[31,85],[4,58],[-26,34],[8,98],[101,42],[-41,93],[4,28],[34,-1],[80,67],[27,67],[-5,26],[-103,23],[13,45],[-11,133],[42,6],[43,73],[2,26],[-37,46],[-50,17],[-72,51],[18,33],[-34,41],[-3,45],[20,16],[36,-24],[17,21],[42,11],[52,-28],[2,78],[-25,84],[-33,43],[9,38],[90,10],[-11,129],[17,67],[-40,25],[-33,-46],[-93,-18],[-56,-82],[-42,28],[-7,67],[-19,25],[-1,43],[-46,35],[19,51],[-2,60],[-37,48],[36,57],[-35,10],[-24,60],[-67,-40],[-25,92],[51,56],[-19,79],[-46,53],[-9,76],[-43,36],[40,90],[59,-9],[14,70],[-65,34],[-2,56],[-37,1],[-8,48],[-28,34],[12,72],[43,44],[4,28],[34,4],[36,-39],[44,22],[38,-4],[45,41],[-6,32],[-29,40],[0,41],[27,65],[77,-2],[12,55],[-25,106],[66,8],[34,25]],[[23301,42789],[30,34],[20,56],[48,-21],[20,41],[-15,116],[-37,-12],[-33,11],[-61,-36],[12,57],[37,92],[47,59],[-9,25],[-41,8],[-44,-26],[-22,20],[7,53],[18,30],[81,8],[53,51],[9,45],[28,12],[24,41],[45,-6],[59,-44],[36,-14],[-17,95],[9,49],[-39,-7],[-17,45],[-24,14],[-28,66],[-11,119],[-19,3],[-48,-35],[-43,-56],[-24,9],[6,80],[15,35],[62,70],[122,-16],[25,25],[114,-14],[9,19],[-33,97],[21,73],[77,35],[27,54],[-3,67],[-49,39],[-33,9],[-40,96],[-3,57],[10,79],[-49,50],[-27,-2],[-29,25],[19,51],[59,22],[30,32],[87,-21],[85,-48],[29,22],[0,39],[-51,101],[-11,93],[-23,63],[20,84],[29,31],[42,-1],[44,-61],[45,-45],[48,-101],[27,-2],[28,30],[11,53],[-32,48],[20,24],[80,-29],[8,34],[-72,81],[-12,37],[-98,73],[-29,46],[11,33],[40,23],[6,34],[-50,44],[-45,62],[-6,32],[33,46],[73,-18],[45,-68],[30,-18],[35,1],[35,34],[-2,37],[-38,65],[-64,58],[-27,77],[-28,42],[19,39],[49,-25],[51,32],[-23,40],[-12,52],[61,-51],[44,-3],[44,21],[14,71],[65,-46],[53,-3],[32,48],[-20,43],[-79,27],[-26,20],[-41,4],[-22,51],[3,55],[25,24],[31,2],[54,43],[42,54],[73,-32],[31,-25],[16,39],[34,24],[28,86],[21,16],[65,13],[29,25],[-23,85],[-28,62],[-40,115],[27,13],[45,-13],[73,-49],[33,108],[27,50],[-64,44],[-15,37],[59,75],[37,129],[-53,55],[-11,92],[10,43],[89,-38],[20,7],[38,-50],[55,-123],[24,46],[6,59],[-8,61],[64,25],[2,23],[-87,29],[13,77],[-33,3],[-59,-53],[-46,15],[-4,25],[28,123],[-18,116],[-11,21],[-75,74],[3,49],[65,16],[10,25],[-5,62],[22,17],[30,-21],[16,-40],[72,-34],[-13,60],[17,14],[23,104],[3,71],[79,-58],[45,-9]],[[25108,47895],[0,-68],[20,-142],[12,-175],[13,-35],[74,-63],[60,-26],[38,25],[27,102],[6,150],[18,82],[42,84],[52,-3],[73,-72],[81,-62],[102,-40],[84,-13],[132,-85],[67,-63],[15,-24],[3,-54],[-45,-68],[-88,-33],[-81,-17],[-65,-50],[-40,-60],[8,-52],[28,-64],[17,-71],[-10,-86],[-11,-31],[-7,-85],[-2,-138],[-9,-69],[8,-37],[29,-22]],[[25759,46530],[13,-74],[-32,-60],[-57,-57],[-50,-16],[-25,-30],[26,-117],[-56,8],[-7,35],[-32,-17],[2,-42],[55,-72],[40,-13],[18,-103],[-35,-43],[-30,9],[-27,-21],[-64,8],[-43,-8],[-34,-59],[-3,-80],[9,-78],[14,-13],[36,-81],[-21,-26],[-11,-71],[-43,21],[-17,130],[-26,56],[-64,44],[-55,-8],[23,-120],[67,-68],[-29,-52],[-40,67],[-84,45],[-14,-22],[5,-106],[80,1],[20,-34],[-20,-59],[-50,-111],[4,-94],[-53,-31],[-37,0],[-7,-67],[47,-37],[12,-40],[43,-17],[-51,-78],[-55,4],[-70,-57],[-26,-12],[-18,33],[-34,10],[-54,-25],[-19,-140],[17,-47],[29,-21],[1,-41],[-21,-15],[-53,46],[-32,-2],[-17,-36],[19,-71],[-15,-15],[-41,5],[-21,-43],[-76,-24],[6,-41],[43,-15],[52,-96],[36,-9],[15,91],[45,17],[19,47],[35,-5],[64,-67],[94,-141],[-39,-59],[-23,-74],[-26,0],[-26,98],[-67,10],[-5,-42],[-41,-88],[-42,0],[-14,-53],[28,-19],[93,-2],[31,-24],[-4,-28],[-44,-54],[35,-67],[41,7],[45,-14],[52,6],[30,71],[46,-1],[-5,-88],[-15,-45],[-34,-28],[-13,-65],[-107,-30],[11,-49],[48,-53],[25,-14],[53,29],[32,-59],[33,-3],[53,-40],[-1,-40],[-20,-40],[-38,36],[-47,-42],[-74,-37],[-66,39],[-8,-27],[-78,10],[-27,-23],[-29,8],[-24,-72],[21,-47],[70,-31],[17,-46],[45,-34],[12,-46],[89,-44],[8,-44],[-12,-73],[-98,25],[-25,-11],[-92,63],[-48,-23],[12,-40],[100,-121],[0,-57],[-41,-31],[-49,-19],[48,-34],[8,-59],[66,-48],[-45,-69],[-115,-8],[-63,-47],[66,-100],[54,-49],[-9,-30],[-63,4],[-27,28],[-26,-68],[36,-65],[-11,-33],[-47,-43],[-43,-62],[-63,-23],[-7,-63],[34,-25],[92,61],[39,60],[28,-3],[42,-33],[37,-76],[80,-10],[0,-36],[-59,-84],[-92,5],[-36,-16],[-4,-41],[16,-33],[45,-37],[30,3],[42,-29],[-20,-42],[1,-39],[-34,-31],[-10,-31],[-91,-52],[-27,-23],[24,-56],[36,47],[56,-7],[-12,-69],[10,-28],[42,-15],[26,25],[39,-4],[21,-52],[-4,-36],[-25,-10],[-56,-60],[21,-27],[130,42],[11,-40],[-57,-61],[0,-36],[57,40],[47,19],[21,-27],[-36,-48],[-32,-16],[12,-62],[43,-79],[23,-57],[-24,-118],[1,-69],[26,-199],[24,-20],[27,-82],[14,-75],[37,-2],[18,-21],[40,-4],[28,-125],[-22,-94],[8,-52],[-36,-52],[-18,-74],[-3,-50],[-28,-192],[-19,-25],[-2,-64],[19,-54],[19,-127],[49,-114],[-3,-68],[-15,-128],[33,-95],[-7,-85],[37,-64],[22,-70],[-47,-12],[-115,-65],[-25,-3],[-185,46],[40,-138],[-106,-59]],[[25759,46530],[67,10],[50,-35],[48,-17],[43,20],[43,44],[45,31],[87,28],[108,69],[110,95],[73,7],[98,-59],[111,-88],[38,-20]],[[26680,46615],[67,-82],[8,-45],[-32,-31],[-97,15],[-30,-29],[15,-74],[79,-110],[13,-28],[3,-105],[-19,-101],[-14,-24],[-37,-10],[-91,8],[-116,1],[-34,-14],[-5,-46],[29,-44],[80,-18],[64,-4],[19,-48],[-37,-142],[-54,-76],[12,-60],[72,-2],[34,34],[46,68],[49,124],[39,51],[39,7],[43,-34],[19,-40],[26,-100],[54,-135],[29,-45],[71,-70],[24,-45],[29,-87],[42,-5],[35,72],[78,62],[45,44],[85,5],[83,-63],[26,1],[57,37],[33,67],[10,159],[39,40],[29,-2],[66,-44],[40,-12],[132,-2],[52,-38],[21,-57],[-13,-61],[-57,-104],[-49,-61],[-92,-147],[-63,-67],[-75,-54],[-82,-24],[-50,-52],[7,-53],[91,-42],[51,-46],[15,-60],[-15,-127],[10,-48],[54,-63],[30,-7],[121,6],[132,-10],[1,114],[-17,92],[12,95],[45,105],[46,51],[91,-2],[18,-13],[16,-50],[-4,-33],[-45,-57],[-105,-64],[-3,-53],[14,-27],[94,-130],[93,-29],[40,-31],[53,-9],[15,-24],[1,-134],[22,-82],[1,-38],[-35,-24],[-46,14],[-88,55],[-65,67],[-63,7],[-59,-22],[-17,-19],[13,-52],[46,-94],[34,-54],[54,-37],[127,-56],[81,-5],[24,-26],[25,-109]],[[28384,43844],[-39,-143],[1,-39],[30,-56],[-16,-33],[-71,9],[-20,-9],[39,-105],[-80,-38],[-77,41],[-20,-44],[24,-70],[33,-21],[11,-82],[-26,-44],[-52,-33],[-28,56],[-9,58],[-25,-8],[-42,26],[-39,-4],[-22,-52],[-53,-36],[-12,-39],[7,-47],[-8,-68],[42,-59],[-12,-76],[-44,17],[-69,9],[-38,33],[-47,-8],[22,-51],[48,-165],[55,15],[31,-30],[-40,-69],[10,-65],[-37,12],[-47,-25],[-28,69],[-39,-65],[-24,-8],[0,-41],[17,-69],[-13,-33],[21,-32],[4,-65],[22,-50],[-17,-39],[-24,0],[-28,32],[-37,-27],[-57,55],[-12,-36],[32,-51],[33,-9],[43,-53],[21,6],[20,39],[28,7],[68,-58],[53,-28],[-6,-31],[-70,-22],[-66,33],[-49,-46],[-52,-29],[21,-41],[68,9],[25,-14],[28,18],[21,-17],[3,-72],[-50,-7],[-8,-36],[-33,-54],[14,-38],[42,-40],[21,-2],[26,42],[34,2],[53,-47],[-41,-59],[-14,44],[-38,-13],[-8,-35],[28,-67],[-22,-54],[-40,-4],[44,-130],[-36,7],[-14,30],[-63,28],[-33,-58],[42,-29],[-33,-36],[-35,9],[-31,-40],[9,-30],[-40,-24],[38,-60],[40,20],[10,-38],[25,-12],[10,-100],[-41,-62],[21,-35],[27,-7],[26,-93],[-17,-97],[-39,1],[-16,-52],[39,11],[18,-64],[29,-61],[8,-41],[31,14],[41,-24],[47,68],[77,-15],[35,9],[64,-110],[26,19],[23,-29],[25,1],[69,-50],[-8,-79],[47,-34],[-8,-86],[19,-22],[-52,-68],[39,-5],[4,-52],[-37,-42],[-48,-11],[-29,7],[-10,-47],[28,-41],[0,-43],[32,-38],[-5,-40],[15,-28],[43,5],[26,-47],[9,-53],[30,-6],[-21,-58],[-27,2],[-1,-40],[-40,-51],[-5,-31],[-37,10],[-3,-113],[49,33],[19,-30],[52,-27],[19,6],[20,-92],[43,-11],[-10,-56],[36,-16],[-10,-40],[-33,-47],[-40,10],[25,-78],[0,-49],[45,-40],[-2,-64],[16,-57],[44,-17],[49,-43],[74,-86],[13,-65],[41,-83],[40,-55],[1,-41],[75,-98],[21,-91],[9,-70],[19,3],[42,-70],[0,-49],[-28,-144],[4,-52],[-23,-36],[-73,-46],[-23,-70],[41,-23],[51,-54],[78,-20],[8,37],[32,33],[67,6],[69,66],[9,36],[34,25],[92,112],[3,87],[27,44],[41,3],[60,42],[35,-26],[57,107],[36,54],[69,-24],[18,60],[18,0],[34,101],[45,45],[18,-39],[28,1],[55,59]],[[29660,38535],[50,-9],[21,-56],[-25,-4],[-7,-41],[41,-25],[-4,-62],[25,-30],[-37,-46],[-44,-37],[-2,-58],[-36,-106],[10,-59],[-59,-93],[-8,-91],[-34,-26],[19,-120],[35,-36],[-58,-93],[18,-56],[8,-69],[-6,-32],[-59,-52],[-81,-39],[-38,-37],[-40,-85],[-66,-69],[-30,-81],[-35,-27],[3,-33],[127,-74],[152,-101],[15,-21],[77,-237],[50,-77],[79,-45],[11,-21],[35,-141],[20,-140],[-39,-56],[-42,-33],[-6,-57],[-29,21],[-7,35],[-78,80],[-38,23],[-40,-11],[-38,-86],[-29,-22],[-10,-97],[-39,-16],[-1,-47],[-29,-1],[-5,32],[-48,-4],[-19,-33],[-47,7],[-3,53],[-32,37],[-22,-19],[-32,-62],[-8,-57],[24,-20],[-21,-44],[-59,-32],[-12,48],[-77,27],[-6,33],[-47,-23],[-56,17],[-124,9],[-23,-49],[21,-53],[-27,-22],[-40,0],[-18,39],[-55,-34],[-38,16],[-14,-16],[1,-55],[21,-79],[-52,-75],[-24,23],[-29,-38],[-22,21],[-61,-11],[7,-62],[-59,-16],[-21,84],[-46,-7],[0,-30],[34,-39],[-10,-52],[-102,-1],[0,-70],[-37,13],[-2,-32],[37,-25],[-13,-33],[-67,79],[-40,-16],[-6,-45],[-27,-13],[-30,55],[21,87],[-25,28],[-50,11],[-8,-20],[28,-46],[-24,-27],[-27,-72],[38,-27],[-7,-54],[-52,31],[6,-40],[31,-17],[-2,-87],[-18,-25],[5,-51],[-76,-34],[-27,32],[-32,-104],[-33,19],[0,96],[-20,0],[-31,-46],[-27,-3],[-46,47],[0,-75],[32,-13],[6,-37],[-4,-94],[-28,-6],[-21,22],[-48,-7],[9,103],[-76,-43],[6,95],[-12,28],[-78,-21],[-38,-52],[-43,23],[-35,-57],[-62,48],[-30,-34],[-39,44],[-40,-25],[-28,7],[14,-77],[-5,-68],[-93,14],[-77,-23],[-38,14],[45,-133],[66,-92],[-11,-41],[-47,-6],[29,-71],[-27,-22]],[[26977,34364],[-48,73],[-44,11],[-51,31],[-3,-76],[-27,-55],[42,-42],[-1,-38],[-29,-44],[-59,68],[-63,-1],[-61,-22],[-6,46],[33,58],[6,31],[-35,13],[-37,-33],[-54,-23],[-21,-76],[-37,-51],[-47,10],[-18,-40],[-2,-43],[27,-51],[-4,-40],[-37,-11],[-67,-37],[-67,-64],[-14,6],[-3,102],[18,65],[-5,49],[-51,76],[-21,13],[-44,70],[-28,-14],[21,-76],[-12,-41],[-22,-14],[-39,42],[-42,76],[-22,149],[11,64],[-13,23],[-46,23],[-22,-42],[-15,-101],[-26,-86],[-2,-38],[29,-53],[-3,-32],[-53,-6],[-43,9]],[[25820,34222],[-40,20],[-16,-22],[13,-70],[-16,-21],[-61,-22],[-55,-70],[-8,-44],[6,-50],[48,-56],[8,-53],[-63,-6],[-41,-65],[-38,15],[-17,30],[-7,82],[-33,54],[-45,111],[-57,6],[-46,-28],[-23,3],[-23,43],[2,64],[-34,17],[-15,-74],[5,-51],[50,-47],[30,-189],[-22,-60],[-81,11],[-97,-37],[-73,-36],[-27,-77],[-39,-17],[-37,58],[-83,-87],[-16,13],[34,93],[-13,19],[-40,5],[-58,25],[-24,-11],[7,-82],[-9,-81],[-30,-58],[-27,-14],[-48,8],[-5,40],[15,89],[-37,40],[-88,-1],[23,-79],[50,-56],[21,-56],[35,-58],[2,-28],[-30,-32],[-19,18],[-49,-2],[-62,34],[-25,-2],[-97,-48],[3,-37],[66,-19],[99,-77],[48,-6],[14,-42],[-34,-16],[-43,-45],[-28,-52],[-1,-38],[-47,-32],[-14,-28],[26,-30],[38,-15],[11,-24],[22,-117],[-21,-32],[-26,3],[-55,38],[-23,56],[-23,85],[-29,66],[0,88],[-124,-19],[-51,27],[-25,-7],[-57,-52],[-18,-2],[-41,45]],[[24062,33048],[-16,70],[-42,-21],[-73,34],[-39,1],[-48,-48],[-35,10],[-21,25],[13,64],[29,37],[39,21],[20,45],[0,42],[-68,56],[-30,71],[-53,36],[-32,9],[-15,32],[29,31],[45,-3],[63,-54],[39,-2],[43,21],[5,40],[-33,7],[-5,34],[37,20],[13,37],[33,41],[31,76],[1,110],[15,5],[20,-102],[31,-27],[59,88],[59,53],[86,-46],[-16,59],[-23,38],[-14,60],[9,89],[-28,26],[-42,9],[-4,33],[65,90],[46,-2],[56,-59],[39,-25],[11,70],[-12,60],[-18,36],[49,9],[22,37],[-72,65],[-21,35],[-28,109],[-30,48],[-80,-7],[-8,31],[18,38],[57,37],[13,57],[25,3],[18,-129],[12,-1],[68,106],[41,43],[38,-21],[39,2],[-7,81],[-16,11],[-58,-3],[-23,66],[-36,19],[-12,82],[-38,55],[-29,108],[8,18],[65,-65],[43,-75],[23,9],[52,48],[25,-18],[2,-63],[44,10],[62,-5],[-6,65],[-52,43],[-10,72],[7,36],[27,2],[58,38],[42,41],[34,-15],[36,-73],[10,-52],[81,57],[58,3],[19,61],[-52,14],[-48,35],[-57,14],[-38,52],[-91,-20],[-9,73],[21,51],[31,21],[47,-10],[61,53],[-8,125],[-18,47],[5,54],[20,-2],[25,-61],[22,-7],[21,40],[49,-30],[43,11],[26,-17],[47,12],[1,60],[17,15]],[[25016,35893],[-42,21],[-70,57],[-28,71],[23,24],[15,-49],[20,-17],[52,54],[19,52],[-69,76],[35,28],[-19,34],[-45,35],[24,39],[7,66],[68,-50],[3,53],[16,59],[-11,92],[39,15],[-22,54],[18,30],[-37,41],[53,31],[36,-20],[2,-31],[42,6],[-37,138],[10,61],[27,-10],[40,75],[66,-2],[19,-54],[22,38],[-21,77],[7,38],[37,22],[-30,29],[-14,78],[-33,56],[46,25],[-18,103],[30,33],[8,140],[-21,55],[-2,69],[13,32],[-16,34],[6,49],[-38,57],[-35,1],[8,74],[-37,36],[3,97],[23,26],[-33,77],[-15,94],[-77,92],[-96,79],[-48,8],[-44,35],[-12,36]],[[59431,39975],[-77,2],[-11,-97],[-26,-38],[1,-50],[-39,-115],[-62,26],[-9,-24],[8,-98],[-30,22],[-34,-83],[4,-36],[-49,6],[-4,-39],[-31,-31],[-1,-77],[-39,-57],[-32,-8],[-27,-34],[-2,-31],[-33,-43],[6,-49],[-50,16],[-58,-20],[-17,-53],[-30,-24],[-5,-32],[-27,-36],[-8,-63],[34,-43],[-15,-66],[12,-23],[-90,-48],[19,-42],[-12,-54],[-24,-33],[-52,3],[-3,-79],[7,-46],[-2,-82],[-10,-40],[23,-25],[-35,-69],[-29,50],[-35,34],[-31,80],[-46,13],[-14,-61],[-38,-26],[-19,-34],[-82,-34],[-9,-55],[-20,-32],[-5,-56],[-18,-69],[4,-126],[-23,-28],[-13,-55],[16,-58],[27,-40],[0,-79],[17,-47],[107,-545]],[[58390,37094],[-27,-30],[-68,-27],[-32,8],[-75,52],[-46,2],[-56,38],[-33,-28],[-39,-3],[-39,-30],[-47,37],[-30,75],[-10,47],[-23,19],[-21,52],[-41,13],[7,-42],[-5,-76],[-41,-22],[-33,-50],[-3,67],[-20,-2],[-27,52],[8,44],[-22,45],[-29,4],[-36,41],[10,66],[-19,66],[39,57],[-25,66],[12,55],[26,22],[-11,73],[-29,-14],[-36,30],[-8,90],[-21,3],[-66,200],[-49,86],[-41,34],[-40,-3],[-40,37],[-46,12],[6,46],[-35,34],[-16,90],[12,71],[-18,77],[-25,-1],[-82,70],[-48,13],[-6,25],[-48,10],[-26,36],[-12,53],[-51,13],[-49,50],[-30,-21],[-45,86],[-30,20],[-26,121],[-74,44],[-66,12],[-60,-20],[-24,-26],[-49,59],[-52,20],[-49,80],[-48,-50],[-80,-45],[-44,47],[-26,-43],[-29,49],[-50,-20],[-44,45],[-73,-2],[-36,-53],[-111,-14]],[[55814,39136],[-75,46],[-42,-18],[-109,-4],[-7,32],[11,61],[-5,40],[15,79],[-7,48],[-1,110],[-16,55],[-66,185],[22,77],[79,95],[-7,66],[-49,9],[-52,33],[-43,99],[-20,30],[2,80],[-23,68],[-66,23],[-23,33],[-45,-3],[-10,35],[77,100],[-26,120],[2,84],[-19,29],[-54,15],[-70,-13],[-122,15],[-36,-46],[-94,23],[-97,45],[1,54],[26,44],[14,61],[3,75],[27,62],[71,68],[12,99],[-30,80],[-52,6],[-74,-31],[-138,-72],[-13,5],[-96,125],[60,106],[-19,77],[-25,57]],[[54605,41603],[34,62],[76,-109],[23,40],[43,-19],[17,37],[-26,45],[43,0],[53,19],[-34,78],[42,16],[-8,54],[37,-17],[-2,-57],[35,-2],[54,-57],[56,40],[20,2],[8,-54],[31,2],[13,44],[-39,22],[5,64],[19,-5],[32,89],[7,62],[32,57],[61,1],[8,68],[-20,51],[-27,34],[21,41],[4,56],[31,-7],[39,48],[-26,51],[-15,435],[25,23],[-74,359],[-1,67],[-24,61],[14,63],[90,808],[-19,79],[2,44],[46,61]],[[55311,44359],[18,64],[36,36],[41,-17],[51,-41],[60,-22],[29,30],[46,21],[59,4],[3,67],[-8,55],[-16,19],[57,35],[93,-64],[29,-29],[52,-25],[145,-127],[92,-14],[97,9],[33,90],[6,51],[-11,72],[22,83],[26,35],[83,15],[26,17],[55,64],[54,-6],[64,-19],[40,-23],[27,11],[42,49],[46,80],[67,44]],[[56775,44923],[-9,-27],[8,-75],[25,-20],[68,4],[29,13],[31,-11],[-1,-80],[46,-77],[52,-14],[7,-66],[33,-92],[38,-23],[48,-5],[40,-74],[-14,-59],[-22,-41]],[[57154,44276],[27,-83],[25,-41],[31,-100],[18,-90],[66,-168],[56,-57],[18,-111],[33,-33],[65,29],[39,-39],[26,-45],[30,-11],[33,-45],[-2,-59],[44,-50],[58,-89],[16,-104],[18,-50],[-7,-42],[23,-68],[-2,-35],[22,-40],[-13,-135],[12,-69],[40,-115],[39,-13],[13,-26],[41,18],[4,25],[37,29],[16,-13],[4,-69],[35,-86],[1,-34],[27,-44],[9,-79],[25,-1],[22,-100],[25,-37],[36,-21],[2,-26],[42,-59],[23,-91],[-17,-44],[69,-56],[35,22],[-4,-54],[36,-100],[46,-25],[14,24],[69,-26],[11,-65],[69,-72],[61,-6],[22,-19],[-4,-83],[-53,-140],[46,-38],[43,-54],[12,-44],[50,34],[38,-101],[46,8],[26,59],[29,18],[26,-16],[29,17],[27,-34],[51,-103],[57,-6],[27,33],[41,-18],[-7,-84],[110,-3],[-18,-118],[30,-28],[28,17],[43,0],[54,16],[12,-28],[34,35],[19,-33],[-2,-37],[-5,-872]],[[38826,89607],[36,-26],[63,38],[40,9],[16,41],[57,33],[36,-2],[16,-25],[-8,-75],[24,-40],[8,-78],[-16,-13],[-49,22],[-16,-63],[21,-88],[-24,-127],[46,-28],[57,13],[70,66],[19,-43],[19,-101],[-14,-43],[-27,-4],[-56,-54],[-18,-36],[56,-91],[30,38],[49,3],[15,-32],[-20,-119],[31,-84],[5,-75],[19,-55],[42,-35],[-6,-112],[-37,-67],[8,-60],[-13,-97],[-12,-22],[0,-56],[-18,-37],[-30,-5],[-24,-57],[-63,-59]],[[39158,87961],[-46,62],[-101,-58],[-26,24],[-39,11],[-26,33],[-17,-39],[-55,-25],[-53,-55],[-45,-16],[-47,-45],[-20,6],[-56,-34],[-46,-4],[-75,-35],[-14,-25],[-46,-26],[-24,-58],[-51,-12],[-52,-58],[-68,-53],[-29,-38],[-62,-18],[-28,2],[-25,-31],[-78,-31],[-31,4],[-105,-27],[-16,-18],[-89,-48],[-51,1],[-68,-41],[-27,-39],[-75,-41],[-38,0],[-68,-86],[-36,-78],[-54,-74],[-135,-59],[-81,174],[-34,53],[-50,125],[-47,105],[-76,93]],[[36948,87482],[-424,179],[-49,-17],[-101,-13],[-125,29],[-69,59],[-51,5],[-50,42],[-99,70],[-26,38]],[[35954,87874],[-52,101],[7,50],[-20,45],[7,66],[-32,53],[-14,81],[-6,200],[-28,52],[3,24],[-28,45],[6,41],[-27,44],[-30,22],[-39,100],[-17,104],[-15,28],[-81,-14],[-34,62],[2,106],[-39,53],[-27,0],[-20,31],[-57,25],[-21,84],[-1,35],[21,168],[-15,84],[7,42],[40,121],[-2,76],[15,60],[-4,58],[15,34],[-13,64],[21,114],[44,75],[-20,87],[41,109],[71,79],[4,55]],[[35616,90538],[53,36],[-15,27],[23,53],[-1,82],[29,10],[38,50],[21,55],[17,75],[36,-9]],[[35817,90917],[0,-64],[25,-98],[21,12],[32,-14],[47,-44],[69,-82],[26,-56],[21,-10],[41,-74],[50,-73],[48,-21],[75,-91],[51,-99],[39,-107],[26,-33],[114,-112],[25,-37],[427,6],[60,-62],[41,-17],[63,-91],[169,-69],[-26,-95],[118,0],[591,6],[126,-2],[719,14],[11,3]],[[35817,90917],[19,6],[-5,146],[9,50],[-5,56],[15,42],[31,16],[12,38],[36,-6],[50,32],[26,34],[18,51],[-13,51],[10,60],[20,45],[4,79],[16,21],[9,56],[20,24],[9,60],[39,24],[24,116],[28,26],[13,83],[-36,71],[46,83],[-1,43],[31,62],[-22,55],[-2,39],[-58,38],[-9,80],[9,127],[-55,50],[-13,49],[-1,53]],[[36091,92777],[64,-21],[60,46],[68,-4],[99,40],[40,28],[116,39],[43,48],[62,35],[66,22],[302,212],[3,6],[236,879],[-3,114],[12,107],[-8,80],[17,118],[-17,93],[0,78],[10,114],[-17,62],[-13,121],[-27,96],[8,99],[-2,54],[18,49]],[[37228,95292],[443,-358],[102,-79],[118,278],[442,44],[185,16],[-4,32],[66,-8],[57,-45],[26,-56],[27,-16],[70,-71],[87,-61],[25,11]],[[38872,94979],[5,-46],[21,-57],[-22,-48],[25,-117],[-14,-113],[29,-100],[-15,-123],[-25,-14],[-41,35],[-26,-5],[-51,-71],[21,-68],[0,-40],[-24,-70],[-111,50],[-37,5],[-34,-17],[-39,-69],[20,-49],[-21,-51],[-92,35],[-18,28],[-66,-114],[4,-149],[-21,-77],[6,-71],[28,-87],[-14,-58],[13,-24],[69,-29],[125,-2],[39,-101],[40,-34],[-12,-81],[1,-59],[19,-42],[8,-133],[-22,-12],[-16,44],[-46,-2],[-22,-42],[-6,-75],[16,-81],[-23,-124],[-29,3],[-14,40],[-70,43],[-16,-35],[21,-72],[66,-148],[18,-23],[-23,-114],[-20,-59],[30,-61],[5,-44],[-33,-73],[28,-51],[-27,-112],[-4,-45],[31,-30],[25,-48],[-10,-202],[75,-88],[105,-69],[0,-100]],[[38701,91433],[-33,-32],[-68,-38],[-7,-24],[0,-144],[-10,-57],[-51,-10],[-41,76],[-82,-121],[-45,-97],[-51,36],[-22,-40],[-20,-148],[-61,-77],[-59,9],[2,-94],[30,-46],[21,-9],[50,52],[27,-6],[26,-84],[57,3],[77,-86],[105,4],[23,-41],[-19,-63],[10,-98],[52,3],[36,29],[49,-12],[-8,-40],[-33,-38],[-10,-33],[17,-32],[-3,-91],[67,-73],[-41,-86],[43,-94],[20,12],[45,113],[29,-47],[-17,-114],[41,-79],[-21,-109]],[[41011,87347],[43,77],[12,64],[39,130],[21,86],[20,45],[6,52],[19,34],[14,92],[20,53],[11,106],[50,73],[37,108],[23,42],[12,105],[-3,116],[-74,202],[-61,88],[-23,66],[-26,155],[1,131],[20,149],[27,121],[1,54],[-23,130],[-14,16],[0,53],[-15,15]],[[41148,89710],[8,66],[76,-17],[53,32],[82,-73],[64,-13],[36,-29],[-30,-29],[97,-49],[37,-55],[59,-12]],[[41630,89531],[1,-33],[90,-43],[38,-53],[37,6],[7,-26],[79,-13],[36,-37],[66,-32],[22,-66],[75,39],[23,-70],[33,-42],[-4,-51],[29,-57],[-6,-71],[7,-28],[86,54],[24,-65],[20,-1],[10,43],[30,-18],[16,20],[21,-62],[27,-49],[-23,-17],[0,-49],[59,-33],[22,-70],[35,10],[51,-39],[6,-168],[38,-60],[42,-7],[4,-32],[46,-7],[13,-25],[47,17],[20,60],[19,-27],[-28,-88],[47,-56],[52,24],[-14,44]],[[42833,88353],[23,-3],[83,-91],[5,-69],[51,-89],[16,-14],[42,26],[3,28],[29,34],[68,-104],[44,20],[17,75],[53,-41],[40,-59],[73,5],[33,-58],[-37,-67],[77,-86],[27,12],[12,-43]],[[43515,87555],[-19,-53],[-38,-25],[-1,-70],[-11,-80],[-14,-25],[-2,-68],[-36,-58],[26,-92],[-30,-44],[-1,-61],[-29,-32],[13,-52],[-12,-70],[-1,-74],[16,-57],[21,-25],[-5,-42],[-26,-21],[-15,-55],[23,-48],[-10,-49],[33,-81],[-10,-16],[20,-67],[25,-21],[-16,-51],[24,-38],[-34,-41],[-18,10],[-29,-37],[14,-45],[-26,-23],[27,-75],[-24,-88],[17,-14],[-19,-98],[-28,-54],[12,-55],[-21,-8],[-11,-84],[-39,-63],[-43,-28],[-22,5],[-72,-61],[-12,-38],[-32,-32],[-49,-87],[-18,-78],[-51,-97],[-40,-61],[-7,-28],[9,-81],[-20,-148],[-15,-64],[-49,-78],[-24,-98],[-23,-39],[-31,-99]],[[42762,84393],[-51,21],[-50,43],[-63,78],[-25,56],[11,78],[-50,86],[-36,27],[-29,70],[-13,-1],[-37,-62],[-37,-11],[-44,-48],[-24,6],[-45,72],[-48,55],[-50,29],[-48,68],[-28,18],[-12,39],[-76,78],[-17,35],[9,99],[-26,37],[-14,53],[-24,42],[-33,15],[-40,-9],[-41,-33],[-62,-9]],[[39295,87076],[-13,5],[-83,142],[30,71],[34,-14],[34,20],[41,99],[22,27],[59,8],[14,23],[-5,62],[-27,90],[5,34],[34,53],[8,51],[-21,31],[-49,6],[-30,-37],[-70,-7],[-25,-105],[-44,-29],[-53,13],[-8,46],[-33,74],[0,46],[32,61],[22,70],[-11,45]],[[38701,91433],[60,-13],[19,-71],[62,-1],[83,-104],[70,148],[27,19],[32,-24],[4,-85],[29,16],[69,-38],[-26,-59],[6,-38],[43,-6],[16,-82],[38,-23],[73,20],[17,-25],[-6,-74],[28,-22],[13,23],[88,16],[7,-50],[36,-109],[71,2],[8,-46],[-12,-37],[38,-41],[46,-16],[31,-47],[21,-11],[-47,-56],[31,-47],[29,55],[43,-109],[72,35],[42,-67],[33,-37],[48,60],[35,-63],[41,21],[25,-54],[-11,-32],[32,-27],[25,-56],[56,-44],[-5,-58],[54,-24],[73,13],[10,-117],[50,-3],[41,21],[21,-27],[-2,-40],[35,-38],[44,20],[12,73],[24,-17],[18,-84],[31,-47],[-34,-36],[55,-84],[22,33],[21,-2],[75,39],[26,-14],[-2,-50],[48,10],[60,-14],[36,6],[27,-25],[17,-55],[-18,-41],[42,0],[12,-117],[-3,-52],[37,1],[9,64],[28,82],[65,21],[53,-6],[20,44]],[[50315,75428],[47,20],[29,-59],[10,-60],[-6,-47],[52,-50],[17,-70],[-6,-40],[-52,8],[-14,-56],[42,-39],[23,42],[23,-14],[23,45],[-2,44],[59,41],[35,-7],[-9,-64],[29,-12],[0,-59],[33,12],[63,-45],[-18,-82],[33,1],[62,39],[8,71],[-25,75],[23,46],[34,-44],[51,27],[23,-14],[2,-56],[47,3],[0,-58],[15,-49],[41,-16],[17,16],[-13,59],[0,118],[55,16],[20,-59],[23,12],[32,-25],[-2,-45],[24,-5],[10,-42],[40,4],[27,22],[6,92],[-29,99],[39,-3],[1,30],[45,40],[83,-12],[53,-28],[8,-28],[45,-26],[13,-43],[-20,-46],[35,-5],[27,26],[8,-59],[-27,-86],[-84,-69],[88,-52],[10,51],[27,7],[27,-38],[3,-31],[29,-33],[-40,-74],[23,-25],[-43,-83],[-45,9],[-7,-37],[29,-101]],[[51544,74507],[-66,36],[-21,-34],[-53,0],[-6,-25],[-49,-38],[-33,-64],[4,-44],[60,-74],[19,-77],[-82,2],[-36,22],[-40,-8],[-20,-32],[26,-66],[-1,-125],[21,-33],[28,63],[45,-13],[-10,-83],[7,-36],[-42,-52],[19,-69],[76,-53],[-2,-34],[-33,1],[-70,-19],[-44,-40]],[[51241,73612],[-55,5],[-7,69],[-25,46],[-25,-27],[-50,5],[-87,50],[-44,-22],[-80,-130],[-7,-54],[-38,16],[-63,1],[-1,55],[-32,33],[-6,69],[-39,18],[-24,-31],[-27,-64],[-17,-131],[-84,17],[-17,-30],[-47,43],[-36,-104],[-23,-23],[-48,-7],[-31,24],[-24,-27],[-108,27],[-39,-2],[-13,32],[-88,-2],[-27,-33],[-22,45],[-31,31],[-20,-28],[-48,-25],[-48,-87],[-73,-15],[-28,29],[-36,2],[-44,-25],[-42,-73],[-43,24],[-8,29],[0,80],[-42,-21],[-84,-4],[-33,42],[-19,56],[-63,74],[-29,114],[-50,93],[-32,6],[-36,32],[-45,22],[-19,-9],[-28,-89],[-49,-89],[-49,-75],[-21,-61],[-12,-108],[-38,-110],[-11,-147],[-18,-44],[-54,-40],[-44,2],[-30,-46],[-13,-76],[0,-66],[-23,-54],[1,-109],[-38,-203],[-61,-34],[-80,-12],[-19,-73],[-17,-20],[-55,-120],[-21,6],[-23,-29],[-4,-67],[-54,-12],[-36,15],[-27,-39],[-6,-33],[44,-66],[-39,-44],[-37,-24],[33,-30],[27,-4],[38,-82]],[[48370,71844],[2,-86],[-24,-23],[-55,34],[-34,-15],[-29,28],[-37,0],[-3,-60],[-15,-63],[51,-58]],[[48226,71601],[24,-50],[-5,-21],[37,-56],[-55,-16],[-22,-58],[-57,6],[-29,-9],[-32,-59],[55,-106],[-45,-128],[-63,-5],[-25,-53],[-25,48],[17,41],[-48,-2],[-32,13],[0,-114],[-32,-19],[-36,7],[-28,-61],[-38,37],[-21,-53],[-27,22],[-16,48],[26,99],[-21,10],[-17,74],[-35,27]],[[47676,71223],[-35,18],[-18,32],[17,68],[47,34],[3,51],[30,12],[4,72],[-27,21],[-32,-29],[-19,33],[27,97],[38,43],[-40,20],[-34,50],[15,40],[-54,68],[-12,-17]],[[47586,71836],[-18,35],[-42,36],[57,93],[-7,107],[50,-1],[29,30],[-13,80],[-18,47],[-50,14],[-16,-54],[-28,15],[-15,63],[-29,7],[-22,44],[-64,18],[71,102],[32,5],[23,51],[-42,12],[-41,44],[1,50],[19,37],[-23,59],[-25,116],[-67,-2],[3,-86],[-18,-13],[-24,31],[-3,52],[-19,22],[-30,-44],[-69,40],[-5,30],[58,123],[44,-6],[19,76],[-29,26],[-5,63],[-84,-33],[-8,93],[-31,-2],[-32,36],[13,45],[-30,24],[-41,-17],[-57,41],[-17,38],[12,50],[-36,50],[-30,-10],[-35,26],[-37,5],[-22,41],[-30,100],[-60,73],[-26,63],[-22,23],[13,67],[-14,64],[-61,52],[-11,29],[-51,25],[-96,62],[-35,81],[-57,48],[-63,158],[3,64],[-9,37],[-88,94],[-3,87],[-23,95],[-60,82],[21,75],[16,117],[-5,41],[13,124],[-8,115],[-48,119],[-7,127],[-55,54],[-39,82],[-9,51],[-113,83],[-26,88],[-31,45],[-14,61],[-35,21],[-21,57],[-5,102],[-18,47],[-16,79],[1,55],[-14,55],[-65,109],[-6,86],[-21,33],[0,60],[-19,71],[2,164]],[[33633,75756],[38,-64],[83,-207],[22,-37],[31,-18],[64,12],[88,34],[69,11],[23,-11],[51,-67],[93,-167],[38,-24],[52,9],[104,102],[48,22],[137,39],[79,-4],[58,-27]],[[34711,75359],[-1275,-2390],[-1221,-2263],[-89,-158],[-149,-274],[-130,-266]],[[31847,70008],[-34,35],[-13,61],[-28,36],[13,44],[5,125],[-25,-3],[-32,24],[9,33],[-14,62],[-25,66],[-7,56],[-42,-21],[-17,43],[-54,33],[6,24],[-35,29],[-23,-53],[-28,65],[-48,35]],[[31455,70702],[-4,105],[27,38],[-33,29],[-46,118],[11,30],[42,-14],[63,58],[18,41],[8,54],[38,14],[26,77],[-6,57],[43,34],[32,41],[43,75],[-9,108],[52,1],[30,22],[-11,54],[10,30],[67,55],[-3,125],[42,29],[56,68],[15,68],[-21,81],[41,46],[15,45],[-12,35],[-96,-5],[-8,34],[42,31],[25,52],[-1,33],[-31,6],[-3,44],[44,-3],[15,16],[-54,148],[14,30],[38,-22],[47,32],[-28,65],[4,30],[-48,57],[-16,65],[19,10],[53,-16],[33,41],[42,128],[23,34],[6,38],[43,5],[40,-37],[23,34],[-11,96],[-30,29],[-6,34],[22,104],[-17,83],[-1,130],[54,144],[-3,55],[61,124],[33,16],[44,55],[58,-53],[51,9],[5,37],[-17,72],[14,51],[-22,61],[62,21],[-71,97],[3,32],[42,10],[46,-11],[-34,111],[31,69],[-15,62],[13,63],[30,46],[-25,50],[99,65],[47,74],[10,45],[22,0],[-6,120],[26,56],[-14,66],[64,-46],[47,26],[26,67],[-38,43],[-5,49],[22,35],[11,47],[-21,53],[7,52],[26,-6]],[[33309,77311],[7,15],[5,499],[7,849]],[[33328,78674],[13,-19],[76,95],[44,39],[36,-22],[73,-3],[48,9],[28,23],[14,40],[52,-46],[27,22],[45,-68],[76,-44],[28,33],[25,-6],[65,-57],[11,-26],[86,46],[15,58],[57,47],[67,7],[29,52],[33,3],[67,143],[57,38],[20,41],[80,39],[7,40],[81,88],[11,40],[33,60],[85,-15],[6,23],[77,5],[64,55],[78,31],[51,62],[17,57],[35,14],[-3,84],[24,76],[-25,101],[30,128],[-8,119],[26,10],[21,77],[40,88],[34,46],[34,20],[30,55],[64,56],[22,-10],[41,61],[-2,54],[46,74],[17,50],[87,113],[46,74],[72,56],[32,3],[40,44],[22,-9],[53,24],[96,-2],[78,35],[133,5]],[[34802,75303],[-91,56]],[[72309,74903],[-42,80],[-10,-42],[-40,-1],[-71,-58],[-22,-54],[-39,-14],[-65,-134],[-42,-18],[24,-127],[-26,-54],[-28,-121],[-24,-34],[11,-62],[-19,-96],[-5,-78],[-25,-60],[-19,2],[-59,-32],[-51,2],[-65,25],[-27,30],[-24,65],[-76,27],[-60,45]],[[71505,74194],[-2,51],[-39,0],[-20,-19],[-37,46],[-56,-56],[-49,-20],[-22,-33],[-53,29],[-41,-20],[-49,34],[-21,37],[-61,1],[-40,-43],[-56,9],[-50,46],[-63,-33],[-68,-5],[-41,13],[-25,89],[14,40],[-63,-4],[-55,-37],[-20,24],[-36,9],[-9,55],[-24,15],[-46,88],[-73,3],[-54,-69],[-47,-8],[-12,27],[-60,49],[-37,56],[-7,38],[-65,67],[-13,36],[-40,8],[-21,57],[-25,8],[-20,35],[-35,11],[-27,27],[-67,29],[-27,39],[-41,4],[-24,34],[-20,-8],[-35,52],[-24,14],[-32,-13],[-54,52],[-32,48],[-76,175],[-42,106],[-9,46]],[[69454,75433],[33,55],[85,31],[21,51],[25,-13],[20,25],[36,0],[-1,36],[82,54],[47,-22],[38,15],[26,75],[29,18],[66,19],[17,21]],[[75306,75492],[19,62],[35,-12],[23,55],[31,-38],[57,19],[2,50],[50,-7],[28,91],[50,13],[-19,71],[35,54],[6,51],[58,-25],[59,-11],[15,32],[-35,57],[6,51],[21,31]],[[75747,76036],[35,-34],[93,-63],[61,-49],[52,-59],[59,-109],[7,-45],[-11,-52],[-37,-56],[-32,-72],[-6,-72],[33,-34],[46,-18],[51,-34],[22,-72],[0,-63],[-11,-44],[-76,-34],[-47,-35],[-18,-78],[7,-25],[59,-77],[46,-108],[8,-118],[-12,-74],[-14,-20],[-44,-16],[-29,-58],[-11,-63],[-24,-15],[-48,7],[-43,-20],[-34,-49],[-8,-42],[-5,-105],[-36,-126],[-5,-168],[36,-40],[58,-12],[34,-37],[-44,-33],[2,-29],[33,-47],[-12,-51],[20,-47],[91,-2],[15,-31],[-29,-39],[-9,-51],[18,-92],[-23,-65],[-33,-33],[-69,-36],[-9,-46],[77,-43],[101,-41],[36,-29],[-3,-119],[4,-54]],[[76069,72959],[-15,-60],[-65,-38],[-9,-33],[-69,-71],[-48,-17],[18,-69],[32,-52],[14,-97],[-29,-20],[-45,49],[-71,-18],[-6,67],[-15,11],[-45,-24],[-39,16],[-37,-32],[-22,3],[-28,-29],[-29,20],[-28,-7],[-19,-75],[-17,-16],[41,-81],[-12,-52],[8,-47],[-32,-29],[-31,1],[-29,-35],[-4,-39],[-40,-14],[-65,-71],[-62,-9],[-92,10],[-3,-47],[-82,-19],[-74,14],[-27,-46],[-58,-56],[-74,-47],[-30,-32],[-59,-28],[-84,17],[-49,-92],[-61,-31],[-47,-36],[-24,-61],[-74,-20],[-30,-59],[-11,-60],[3,-53],[-26,-37],[-36,-2],[-47,31],[-58,19],[-23,-14],[-28,-51],[-87,37],[-18,30],[-53,32],[-13,-7]],[[74006,71483],[-5,186],[-47,113],[4,98],[17,74],[-14,61],[13,122],[-31,21],[-51,4],[-13,104],[7,53],[-38,77],[-10,71],[8,35],[-75,184],[18,41],[40,-8],[35,14],[16,43],[-6,28],[-46,46],[-76,32],[-61,62],[-38,65],[-22,69],[-26,52],[10,92],[-6,21],[0,121],[-45,98],[-10,95],[-20,32],[-101,43],[-131,-131],[-38,82],[-33,45],[-44,21],[-33,60],[-27,28],[-31,-2],[-47,-32],[-33,-45],[-42,-21],[-47,33],[-44,0],[-46,-28],[-54,32],[-59,19],[-34,-1],[-24,38],[-23,5],[-30,58],[72,3],[31,10],[119,102],[37,14],[79,71],[10,39],[41,9],[88,60],[166,25],[33,-22],[33,-55],[41,-126],[16,-13],[46,26],[46,3],[25,27],[33,-1],[38,110],[59,-1],[35,-49],[6,-52],[93,-11],[30,-24],[42,9],[26,46],[91,-20],[22,-49],[25,-26],[60,-31],[4,54],[22,31],[-13,84],[41,96],[24,25],[46,-55],[54,5],[4,50],[25,41],[7,65],[52,50],[36,60],[69,-28],[22,-77],[19,15],[36,-66],[37,7],[45,35],[71,-46],[72,-23],[24,-24],[27,3],[23,46],[27,-49],[25,-22],[18,25],[-8,44],[20,40],[22,-15],[25,-68],[2,-70],[-10,-42],[-23,-17],[-8,-44],[10,-55],[27,-38],[26,-3],[29,32],[-2,47],[49,-61],[16,37],[1,71],[-17,79],[-36,90],[15,70],[27,37],[35,78],[12,79],[62,121],[20,16],[5,50],[-8,96],[22,61],[51,59],[26,6],[19,45],[22,157],[22,41],[2,63],[-23,164],[7,116],[-6,37]],[[75532,80149],[27,-85],[36,-54],[30,-8],[71,21],[68,-22],[47,41],[5,59],[29,21],[150,-138],[44,-36],[24,-65],[113,-131],[3,-48],[-22,-134],[18,-64],[42,-58],[26,-63],[-4,-96],[-13,-55],[-29,0],[-49,104],[-38,26],[-69,-10],[-29,-37],[-80,-44],[-147,-40],[-13,-133],[28,-80],[52,-1],[110,109],[27,-6],[57,-49],[33,-13],[45,-50],[-3,-43],[-24,-21],[-49,-16],[-14,-28],[-2,-56],[25,-73],[44,-6],[34,26],[58,-1],[26,-50],[14,-127],[16,-46],[44,-11],[84,38],[27,3],[15,-30],[13,-72],[-5,-102],[-30,-63],[-13,-100],[28,-50],[53,-1],[79,100],[34,60],[34,-3],[5,-50],[-12,-49],[-74,-110],[-5,-51],[21,-40],[29,-24],[1,-38],[-22,-40],[-55,-40],[-32,19],[-17,139],[-10,21],[-106,-12],[-56,34],[-35,7],[-51,-49],[-27,-52],[-12,-74],[-22,-83],[-54,-67],[-24,-55],[4,-60],[44,-44],[30,-63],[-45,-48],[-7,-50],[1,-116],[-12,-127],[44,-63],[15,-45],[-28,-46],[-27,0],[-78,84],[-95,73],[-34,-12],[23,-137],[23,-40],[-14,-152],[-18,-58],[-28,-33],[-67,-28],[-11,-48],[38,-68],[-6,-105],[12,-34],[43,-47],[44,-80],[-1,-37],[-32,-17],[-32,22],[-47,77],[-26,9],[-85,-63],[-29,-48],[-7,-88],[14,-61],[61,-142],[26,7]],[[75306,75492],[-74,-14],[-33,-41],[-53,3],[-21,-57],[-41,-2],[-83,-74],[-27,-49],[-36,57],[-48,21],[-91,-50],[-35,-4],[-65,-31],[-2,25],[-38,25],[-97,-9],[-18,40],[-1,63],[-29,18],[-25,-34],[-2,-38],[-47,-92],[-17,-7],[-75,26],[-34,1],[-17,47],[-49,-6],[-48,-30],[-30,39],[-80,-90],[-2,-40],[-26,-47],[-101,16],[-29,12],[-103,-4],[-96,29],[-69,30],[-85,16],[-50,17],[-63,-28],[-31,-33],[-51,-23],[-74,-9],[-59,5],[-42,-18],[-48,-2],[-29,-15],[-28,-50],[-49,-13],[-58,62],[-64,19],[-74,-16],[-21,29],[-49,37]],[[35625,73585],[52,-29],[20,30],[43,-8],[19,43],[44,23],[1,26],[-57,18],[19,80],[31,-10],[31,33],[22,-33],[51,38],[17,52],[-12,21],[53,42],[60,-7],[30,37],[18,49],[-34,33],[-22,45],[67,96],[44,16],[14,71],[41,43],[21,-7],[40,57],[45,-2],[22,-40],[59,-23],[56,7],[14,28],[66,-1],[24,10],[53,64],[86,71],[-4,62],[11,106],[49,55],[2,32],[24,45],[-15,42],[23,44],[46,-16],[38,2],[57,25],[49,33],[32,7],[19,52],[24,0],[14,-33],[55,-25],[3,33],[51,-28],[33,26],[55,-15],[121,66],[15,38],[-4,110],[18,12],[1,51],[55,116],[40,142],[0,20],[47,25],[16,92],[47,42],[38,-7],[25,-22],[21,-55],[32,-20],[23,-47],[106,-97],[53,43],[9,65],[31,41],[19,46],[26,12],[22,39],[6,51],[-2,89],[14,10],[-4,73],[18,37],[43,27],[17,-9],[57,61],[25,55],[12,82],[18,24]],[[38194,76117],[-70,-1086],[-45,-65],[-26,-60],[-45,-62],[-43,-112],[-24,-124],[-32,-125],[-32,-65],[-95,-104],[-32,-52],[-39,-39],[-57,-115],[-68,-107],[-25,-87],[-32,-66],[-47,-48],[-38,-67],[-43,-45],[-45,-71],[-51,-10],[-66,-34],[-46,-11],[-54,-36],[-51,-63],[-15,-60],[-39,-44],[-37,-139],[-68,-24],[-35,-22],[-58,9],[-7,-38]],[[36829,73145],[-64,-2],[-27,-34],[-45,-120],[-57,-63],[-69,-41],[-41,-3],[-103,31],[-67,68],[-97,161],[-53,128],[-31,58],[-60,41],[-55,0],[-59,-21],[-47,-5],[-50,-22],[-22,-55],[-47,-54],[-103,-23],[-21,4]],[[35711,73193],[-51,31],[-19,40],[-8,57],[-8,264]],[[35625,73585],[-19,97],[-43,38],[-61,19],[-61,-5],[-81,-36],[-65,8],[-30,44],[-28,116],[-13,151],[8,217],[19,98],[30,95],[-1,92],[-14,65],[-39,62],[-86,93],[-43,89]],[[38194,76117],[1618,-865]],[[39812,75252],[-11,-28],[-37,-27],[-61,40],[0,-35],[-29,-7],[-66,-82],[29,-5],[15,-41],[-29,-44],[-46,-7],[-67,-129],[-20,-14],[-3,-92],[-47,-33],[11,-83],[-14,-18],[-16,-71],[-24,0],[-44,37],[-7,-44],[32,-16],[28,-96],[-26,-4],[-13,31],[-69,-8],[-31,-44],[36,-115],[-27,-24],[-33,-71],[15,-89],[-28,-36],[37,-17],[6,-36],[-21,-32],[-72,-11],[-61,-75],[-1,-32],[26,-39],[28,-72],[-2,-26],[21,-64],[-37,-51],[-20,11],[-25,-30],[-22,17],[-20,-29],[-37,-8],[10,-60],[-28,-24],[24,-119],[-31,-63],[13,-36],[-56,-32],[-12,10],[-60,-24],[4,-37],[22,-28],[-35,-24],[-64,-5],[-11,-73],[11,-22],[-19,-53],[-19,-17]],[[38779,72996],[-17,52],[-54,-9],[-10,-20],[10,-59],[-44,-18],[2,-65],[-15,-36],[2,-101],[-13,-11],[-37,33],[-13,47],[-29,8],[-21,40],[21,45],[-11,20],[-41,-30],[-45,-62],[9,-54],[53,-9],[23,-47],[4,-69],[-46,3],[-22,50],[-73,-21],[-1,43],[24,56],[-75,75],[-31,-51],[7,-77],[-12,-32],[27,-87],[-71,31],[-2,120],[-58,5],[-35,-8],[-34,-86],[6,-49],[-19,-51],[-1,-71],[-45,-48],[-29,-1],[-52,35],[-16,24],[-37,-19],[-10,-36]],[[37948,72456],[-51,-39],[-20,-42],[-47,-177],[-37,-69],[-36,-47],[-29,-19],[-87,-13],[-50,1],[-83,52],[-100,86],[-90,128],[-21,97],[11,82],[3,96],[-11,145],[7,85],[15,51],[9,85],[-31,75],[-59,36],[-48,-13],[-133,-17],[-85,6],[-78,62],[-68,38]],[[60947,76729],[-40,-83],[-56,-27],[-74,-63],[-70,16],[-31,-52],[14,-16],[16,-76],[34,9],[21,63],[117,29],[62,-63],[25,-54],[-37,-43],[-37,23],[-34,-39],[30,-77],[-34,-29],[-6,-44],[-30,-59],[1,-32],[56,-26],[4,-43],[-53,-38],[49,-52],[-63,-44],[54,-37],[39,-3],[15,-43],[-46,-18],[-30,-26],[12,-62],[-21,-12],[-14,-46],[7,-90],[23,-34],[43,-12],[-8,-95],[-26,-36],[-39,-7],[23,-84],[43,-57],[-26,-69],[24,-45],[-25,-31],[-2,-44],[-46,7],[3,-38],[-38,12],[-10,-50],[-24,-20],[0,-46],[-31,-10],[12,-44],[28,-27],[-9,-35],[53,-21],[10,-103],[21,-51],[13,-94],[37,-101],[-14,-31],[22,-52],[-22,-23],[-39,28],[-40,1],[-26,-41],[-16,-69],[9,-120],[-5,-66],[-28,8],[-69,-12],[6,-98],[-20,-56],[-60,14],[-12,-67],[57,-73],[12,-50],[64,-50],[31,-94],[49,-66],[29,13],[33,-49],[29,-12],[10,-29],[58,0],[13,-40],[35,-8],[32,-62],[66,-8],[88,18],[13,-42],[25,-19],[14,-80],[24,5],[20,-113],[-4,-54],[49,-119],[-6,-28],[13,-68],[39,-57],[-18,-42],[25,-87],[-16,-36],[23,-97],[44,-12],[27,-23],[-16,-140],[12,-75],[31,-33],[-22,-75],[-3,-43],[21,-49],[38,-127],[-38,-108],[-16,-129],[-15,-31],[-98,-13],[-36,-37],[-25,-8],[-46,-71]],[[61227,71532],[-103,147],[-33,9],[-43,75],[-28,-4],[-80,60],[-33,92],[-22,97],[19,90],[15,110],[-74,-99],[-34,-10],[-30,-30],[-35,-65],[-90,-1],[-65,41],[-33,-5],[-23,53],[-44,24],[-3,64],[-18,123],[-39,142],[6,28],[3,132],[-20,39],[9,36],[-5,73],[-12,48],[-29,59],[-18,93],[7,72],[-12,46],[-8,114],[-47,58],[-6,29],[-32,13],[-8,49],[-41,61],[-29,64],[-41,25]],[[60148,73484],[51,46],[98,22],[-2,91],[-13,48],[-41,77],[-29,27],[-53,10],[-14,19],[-11,134],[-17,49],[-78,41],[-34,60],[-19,66],[-3,61],[-16,60],[-24,46],[-58,151],[-52,48],[-73,8],[-38,-11],[-49,27],[-41,155],[-42,83],[-32,110],[3,57],[32,53],[64,43],[40,136],[0,63],[-23,66],[-24,22]],[[59650,75352],[43,708],[-31,63],[-53,28],[-11,34],[15,124],[47,77],[40,29],[35,105],[48,54],[77,102],[181,7],[44,20],[47,38],[16,28],[54,35],[41,60],[-16,59],[15,29],[31,103],[-49,31],[20,70],[57,44],[5,105],[-19,98],[-21,16],[-4,43],[52,102],[5,60],[33,30],[25,1],[32,-26],[58,15],[31,-6]],[[60498,77638],[39,-22],[44,34],[39,-54],[37,28],[-6,73],[22,24],[42,-53],[47,-16],[54,-4],[-13,-45],[-39,18],[-43,-64],[-12,-87],[-21,-20],[-5,-46],[19,-29],[50,22],[45,-20],[0,-52],[-32,-54],[-1,-43],[18,-36],[42,-39],[-4,-30],[-66,-1],[-49,-16],[-13,-22],[-7,-87],[-56,-47],[-17,-60],[54,-22],[23,47],[41,-12],[24,-40],[72,71],[34,-3],[74,-71],[27,4],[13,-51],[-27,-84]],[[34073,90151],[25,-22],[36,16],[27,-23],[106,-1],[50,45],[45,76],[29,5],[58,80],[71,15],[69,56],[33,1],[25,38],[68,25],[28,71],[73,65],[20,41],[22,0],[69,52],[128,6],[24,14],[37,-12],[53,18],[44,-20],[31,3],[78,-14],[67,-22],[29,-40],[61,9],[79,-46],[11,-25],[47,-24]],[[35954,87874],[-21,-35],[-13,-65],[-2,-88],[-11,-53],[-21,-37],[29,-89],[26,-30],[3,-39],[-22,-38],[12,-125],[-17,-34],[6,-84],[-32,-50],[19,-45],[-28,-73],[27,-53],[3,-166],[33,-65],[-1,-56],[19,-96],[-23,-32],[-1,-60],[26,-53],[-21,-70],[39,-29],[14,-44],[-34,-50],[2,-86],[44,-90],[-8,-187],[5,-32],[28,-36],[-3,-98],[21,-34],[30,7],[19,-47],[-11,-49],[32,-294],[33,-56],[18,-59],[-18,-48],[-17,-123],[-28,-40],[-8,-66],[-23,-27],[-11,-111],[26,-88],[-11,-69],[-29,-61],[-35,-114],[-177,88],[-59,-7],[-35,-30],[-69,-40],[-13,-44],[-43,-52],[-26,-14],[-16,-41],[-45,-54],[-74,-39],[-8,-26],[-70,18],[-16,21],[-83,-69],[-63,-78],[-62,-20],[-47,-54],[-29,-48],[-71,9],[-47,-49],[-60,-2],[-94,21],[-36,-39],[-79,-5],[-64,-14],[-37,-25],[-90,46],[-60,6],[-35,-45],[-42,-5],[-24,29],[-43,-21],[-19,-50],[-28,27],[-30,-28],[-43,13],[-43,-29],[-30,10],[-49,-15],[-18,19],[-26,-43],[-78,38],[-87,-67],[9,-41],[-90,-33],[-9,-38],[-33,-60],[12,-56],[-85,-18],[4,-29],[-15,-60],[-30,-33],[-23,-61],[-18,-11],[1,-61],[-23,4],[-2,-59],[-28,6],[-7,-54],[-65,-49],[-120,-124]],[[33329,82922],[-7,2240]],[[57266,85871],[13,51],[78,64],[31,64],[59,67],[23,-33],[40,30],[18,36],[65,52],[69,97],[37,-70],[31,-1],[40,25],[6,82],[41,23],[19,63],[28,46],[0,33],[80,85],[14,30],[-4,66],[-23,120],[7,44],[21,36],[42,115],[39,36],[20,37],[-4,54],[83,109],[38,7],[35,86],[41,24],[38,90],[0,109],[6,37],[25,38],[12,61],[-1,97],[-10,139],[-2,90],[-12,42],[0,60],[31,56],[14,110],[-40,141],[9,109],[-32,150],[-27,57],[-1,219],[-9,63],[-48,108],[-84,58],[-45,6],[-34,40],[-34,211],[-9,22],[13,59],[-25,49],[-17,86]],[[57971,89656],[61,-12],[135,50],[112,57],[80,10],[95,-6],[79,-46],[172,-201],[57,-57],[67,-40],[59,-23],[106,-10],[39,7],[150,62],[49,28],[38,37],[47,109],[76,251],[52,250],[18,58],[52,130],[57,127],[110,212],[68,160],[38,70],[35,44],[54,33],[93,19],[68,-5],[120,-52],[120,-101],[43,-53],[86,-64]],[[60407,90700],[-18,-129],[8,-69],[-8,-143],[15,-10],[64,59],[12,-32],[-3,-101],[24,-113],[-66,-52],[2,-69],[22,-34],[-1,-31],[42,-25],[68,-11],[24,-42],[-19,-35],[6,-36],[35,-90],[72,-55],[39,-16],[46,-35],[-4,-35],[42,-147],[-48,-41],[6,-77],[41,-78],[-11,-19],[1,-87],[-7,-64],[-41,-40],[-30,-92],[23,-41],[17,-74],[-12,-42],[3,-72],[-35,-34],[-20,-75],[-24,-20],[-29,-82],[19,-118],[-11,-56],[11,-22],[-1,-68],[-45,-42],[12,-55]],[[60628,88150],[-3,-36],[-35,-81],[-44,-66],[-5,-26],[-54,-53],[-12,-40],[-69,-121],[0,-43],[-22,-64],[5,-72],[-6,-118],[-26,-24],[13,-74],[-14,-47],[0,-77],[16,-46],[13,-132],[-32,-86],[-78,-68],[-38,-55],[-35,-76],[-23,-14],[-41,-76],[-36,-21],[-60,-53],[-30,-3],[-26,-50],[-73,-84],[-25,-38],[-37,-117],[-5,-35],[-44,-128],[-24,-49],[14,-94],[0,-76],[-11,-36],[-2,-117],[-21,-100],[-26,1],[-74,100],[-28,50],[-50,54],[-427,-528],[-46,43],[-119,45],[-85,-198],[-133,114],[-65,-151],[-33,-45],[-26,39],[-22,119],[-43,-13],[-38,42],[12,45],[-35,32],[-23,0],[-27,39],[-39,-17],[-71,12],[-19,21],[-55,22],[-71,50],[-38,-55],[-49,-10],[-27,-49],[-35,-33],[-35,-2],[-93,-47],[-40,-76],[-33,-15]],[[52230,94709],[-6,-122],[24,-31],[4,-37],[-10,-80],[27,-5],[-22,-84],[-50,-22],[-25,-67],[-42,-13],[-50,-31],[-5,-71],[-23,-63],[30,-67],[7,-74],[31,-78],[41,-37],[50,-112],[5,-75],[-10,-105],[12,-48],[-25,-62],[16,-78],[30,-30],[11,-74],[17,-3],[23,-63],[-9,-109],[17,-40],[80,-90],[-1,-29],[40,-40],[-39,-156],[-27,7],[-4,-81],[11,-51],[-7,-34],[-33,-28],[5,-63],[-21,-55],[97,-83],[66,-75],[20,-41],[2,-47],[33,-68],[-6,-47],[19,-77],[0,-39],[-22,-22],[-87,-41],[-23,-67],[66,-153],[-27,-48],[-10,-46],[46,-63],[-15,-44],[-51,-70],[-25,-76],[-29,-18],[-28,-142],[18,-23],[-20,-112],[-49,-26],[-25,-57],[-42,-38]],[[52210,90885],[-126,-18],[-33,-143],[-35,-34],[-18,-64],[-111,-126],[13,-41],[-14,-49],[29,-82],[-40,-76],[-17,-84],[-26,-38],[0,-37],[-17,-76],[20,-64],[-13,-27],[-34,-134],[-54,-49],[-36,-79],[-16,-86],[2,-100],[17,-91],[18,-49],[3,-55],[-189,186],[-43,49],[-20,49],[-18,76],[-79,78],[-15,32],[-63,77],[-10,41],[-38,40],[-37,20],[-81,10],[-25,18],[-57,8],[-46,119],[-30,1],[-4,33],[-131,81],[-30,4],[-60,76],[-68,-26],[-44,54],[-43,13],[-51,-23],[-22,20],[-52,8],[-87,39],[-66,59],[-60,14],[-38,27],[-45,0],[-74,18],[-10,18]],[[50086,90502],[1,77],[-116,22],[-38,-4],[23,-109],[21,-29],[-22,-68],[-47,16],[-66,80],[-56,23],[22,76],[32,64],[32,15],[8,43],[-68,59],[45,41],[38,-3],[29,32],[-38,51],[-17,57],[-24,-6],[-40,-53],[-66,-38],[-63,48],[40,51],[-14,71],[-25,30],[45,56],[-1,38],[37,4],[45,-48],[44,-7],[32,13],[10,53],[-35,35],[-27,71],[-17,19],[-64,34],[2,44],[48,44],[27,68],[8,64],[69,87],[-24,32],[-80,-18],[-18,24],[1,49],[59,115],[26,68],[-11,35],[-52,23],[-10,44],[94,49],[4,31],[-52,71],[-46,39],[-49,18],[-43,47],[-10,48],[35,109],[38,22],[9,23],[90,-31],[44,16],[22,65],[43,26],[-5,42]],[[49965,92570],[32,4],[-4,44],[34,21],[44,-63],[67,31],[-1,47],[21,50],[-37,80],[27,24],[46,105],[17,85],[-97,43],[-12,44],[14,48],[-14,30],[0,74],[12,18],[75,-24],[16,24],[8,105],[-93,17],[-3,59],[37,166],[-30,47],[-3,49],[-106,27],[1,54],[25,17],[0,33],[48,12],[-9,105],[30,32],[-8,104],[-43,22],[-43,-71],[-78,-38],[-41,13],[-14,53],[-24,21],[9,34],[-48,85],[47,63],[-25,13],[4,42],[-19,56],[19,44],[-19,59],[-44,7],[3,72],[43,63],[8,36],[28,16],[-34,99],[-13,-42],[-98,-7],[-5,-29],[-31,-47],[-29,40],[1,51],[-11,64],[22,18],[5,74],[40,80],[5,45],[-13,72],[-31,5],[-41,47],[5,47],[-16,22],[13,48],[-4,37],[-96,-6],[-25,-49],[-39,43],[-5,38],[33,53],[27,9],[31,42],[20,-8],[58,55],[-16,57],[12,38],[41,39],[31,2],[14,-25],[43,50],[-44,40],[-33,64],[-1,52],[65,27],[13,37],[-32,140],[2,77],[28,68],[38,14],[-9,70],[-19,19],[2,42],[23,58],[-4,31],[22,47]],[[49810,96420],[81,-28],[49,-29],[69,-25],[83,-43],[103,-40],[54,-10],[78,9],[84,36],[91,81],[73,45],[60,26],[88,1],[26,-7],[169,-111],[76,-107],[44,-97],[38,-48],[30,-13],[59,-89],[51,-89],[41,-161],[10,-102],[16,-86],[24,-66],[54,-106],[75,-107],[118,-105],[138,-104],[109,-76],[63,-21],[82,-11],[41,15],[75,-29],[68,-56],[100,-158]],[[18004,10402],[-30,-20],[-73,18],[-38,-25],[-30,-40],[-29,-67],[-55,-11],[-44,-104],[-39,-34],[-67,-23],[-35,-60],[-39,15],[-59,54],[-32,84],[-73,-5],[-25,-24],[-26,-71],[-29,-52],[-64,-73],[-89,-27],[-31,-18],[-55,-54],[-58,2],[-41,35],[-61,7],[-48,26],[-46,59],[-53,27],[-76,55],[-67,40],[-100,7],[-95,-46],[-35,2],[-49,30],[-23,-1],[-95,-40],[-23,13],[-25,111],[-45,57],[-47,20],[-66,70],[-51,74],[-32,62],[-36,5],[-13,-22],[-105,61],[-26,97],[-16,28],[-43,128],[10,37],[-14,69],[3,68],[-34,22],[-79,-6],[-65,-45],[-62,-32],[-37,-6],[-64,28],[-85,-17],[-93,46],[-37,-28],[-37,-46],[-63,49],[-61,36],[-61,51],[-79,79],[-35,53],[7,18],[82,-64],[24,27],[-51,80],[-27,55],[-23,74],[-23,-6],[-18,36],[-79,50],[-24,58],[48,156],[61,153],[-14,30],[14,36],[47,72],[31,19],[-10,77],[-28,40],[-66,44],[-63,56],[-14,24]],[[14648,12165],[63,24],[77,-11],[40,8],[99,54],[48,-61],[32,0],[-6,-130],[27,21],[1,50],[39,-8],[71,17],[33,-21],[57,-7],[20,26],[69,-150],[48,-55],[34,-58],[62,-29],[13,23],[53,-17],[49,40],[22,54],[100,0],[45,-44],[62,-17],[17,32],[-22,36],[3,40],[29,20],[0,57],[28,10],[90,-10],[82,19],[33,35],[26,-1],[30,49],[74,38],[57,50],[-1,47],[23,8],[20,44],[53,11],[45,-35],[-4,-26],[71,-2],[6,-41],[65,35],[54,-171],[29,-54],[77,-28],[30,-33],[52,-36],[7,-75],[73,-57],[16,88],[94,-69],[32,-5],[86,83],[10,97],[21,46],[50,33],[10,81],[47,94],[61,26],[7,22],[47,15],[24,-7]],[[14648,12165],[1,51],[36,49],[6,154],[-23,30],[-92,21],[-25,113],[-20,26],[-52,19],[-4,49],[-25,51],[-66,66],[-21,60]],[[14363,12854],[105,53],[53,-42],[60,15],[26,-13],[71,69],[22,-13],[87,78],[67,101],[-8,66],[48,37],[21,57],[35,-23],[-2,74],[38,25],[26,-29],[28,8],[3,39],[-25,59],[70,70],[42,20],[-10,41],[35,17],[39,-11],[25,58],[38,36],[45,24],[-3,71],[42,11],[12,88],[30,27],[24,-35],[26,-1],[42,41],[45,20],[25,52],[60,14],[18,-24],[4,112],[50,22],[-18,79],[5,84],[41,-8],[47,28],[-60,75],[-7,41],[15,38],[55,-29],[63,13],[36,70],[58,-24],[39,41],[-70,120],[-7,85],[37,22],[-2,66],[20,10],[31,-65],[70,-16],[35,108],[17,-2],[23,-55],[29,-35],[20,8],[-10,106],[6,124],[51,-86],[38,-31],[26,18],[11,48],[45,42],[55,-51],[17,-41],[20,2]],[[16413,14853],[22,-27],[45,-17],[106,-21],[27,-47],[-5,-77],[-27,-85],[-35,2],[-11,-32],[52,-17],[20,-104],[16,-5],[22,63],[40,6],[57,163],[24,-5],[9,-74],[32,-79],[-1,-30],[-26,-99],[-3,-66],[29,-52],[20,23],[39,102],[48,9],[2,54],[26,68],[23,16],[40,-1],[19,-56],[51,-81],[-11,-70],[-29,-35],[10,-47],[-8,-38],[37,-11],[8,48],[27,22],[12,-37],[41,-48],[56,-2],[21,-35],[-31,-74],[31,-98],[31,14],[4,61],[44,30],[12,-19],[-2,-68],[45,-68],[33,-16],[0,-31],[-31,-66],[52,-42],[-8,-43],[-37,27],[-9,-41],[20,-49],[-31,-73],[51,-29],[24,-90],[52,-30],[2,-104],[33,-64],[51,-31],[-27,-82]],[[29702,9917],[-83,110],[-79,142],[-90,177],[-54,156],[-35,-12],[-53,79],[-20,81],[-44,24],[-63,12],[-122,8],[-108,-75],[-40,-11],[-89,4],[-143,-72],[-47,8],[-140,186],[-160,154],[-49,36],[22,91],[29,59],[-37,45],[-5,28],[-69,57],[-25,41],[-33,-69],[-10,37],[-28,-27],[-13,28],[-33,14],[-20,47],[41,65],[-78,-17],[7,98],[-17,48],[-35,-19],[-19,18],[-25,120],[-61,-88],[-69,-2],[5,39],[34,29],[16,62],[-27,15],[-26,-34],[-28,2],[-8,52],[-55,99],[-56,15],[-18,31],[-8,76],[-54,-36],[-30,38],[8,64],[67,28],[-7,56],[34,-9],[28,27],[11,76],[27,-19],[22,-42],[31,3],[19,-21],[0,-68],[68,10],[30,46],[-11,98],[-65,-1],[1,25],[61,57],[-24,58],[-66,30],[5,126],[-18,9],[-50,83],[-50,17],[-44,42],[70,44],[15,24],[11,97],[15,67],[-58,-1],[-29,20],[-6,-50],[13,-48],[-21,-58],[-48,-26],[-45,-1],[-34,23],[-31,52],[-38,26],[-29,65],[49,48],[9,45],[59,70],[58,-20],[49,60],[3,24],[-35,75],[-4,50]],[[28473,14465],[-20,229],[21,104],[3,102],[29,47],[40,29],[7,70],[-13,78],[19,87],[42,113],[6,86],[-51,43],[12,47],[-10,41],[-51,3],[16,59],[-25,42],[-37,-39],[-49,17],[10,68],[-13,99],[-27,-2],[-19,46],[-1,45],[-41,68],[6,42],[-25,105],[53,-21],[-5,62],[-59,52],[30,94],[42,8],[-4,45],[-28,58],[67,88],[19,84],[-15,53],[9,64],[76,106],[41,46],[49,-22]],[[28577,16811],[25,-105],[39,-57],[72,-81],[70,-15],[42,20],[57,65],[24,107],[-10,132],[44,52],[77,-7],[16,33],[-4,49],[-40,128],[11,22],[36,-4],[48,-24],[75,-80],[31,-69],[22,-111],[27,-52],[41,-3],[57,53],[58,130],[79,110],[36,-1],[23,-59],[23,-116],[91,-156],[17,-57],[-22,-51],[-45,-11],[-42,8],[-46,-13],[-2,-71],[52,-55],[19,-39],[-22,-152],[25,-49],[44,-42],[88,-56],[92,-7],[146,104],[71,30],[84,72],[67,-27],[10,-21],[-12,-109],[-71,-96],[-74,-66],[-41,-68],[-68,-51],[-49,-64],[-10,-47],[7,-49],[42,-44],[83,-2],[71,13],[51,-43],[48,-115],[38,-42],[39,-21],[63,7],[21,21],[41,90],[17,74],[35,12],[42,-29],[22,-63],[37,-51],[22,-9],[100,32],[17,-15],[36,-75],[64,-88],[46,-31],[23,-47],[-15,-98],[-15,-23],[-46,-8],[-54,20],[-78,9],[-129,-85],[-77,1],[-23,25],[-53,12],[-68,-51],[-25,-62],[-54,-107],[-66,-79],[3,-38],[44,-5],[106,55],[77,24],[87,-18],[140,39],[32,22],[52,7],[26,-23],[-17,-72],[-46,-72],[-33,-137],[-16,-92],[-49,-98],[-14,-67],[23,-41],[24,-12],[60,1],[44,23],[37,-4],[19,-23],[66,-115],[51,-19],[98,142],[38,-6],[36,-55]],[[31008,14329],[4,-74],[19,-56],[45,-175],[111,-87],[36,-55],[26,-95],[-18,-49],[-33,-38],[-63,-26],[-39,-37],[-56,-109],[-50,-58],[-11,-43],[16,-33],[48,13],[59,49],[91,45],[45,-1],[58,-71],[44,-11],[66,-43],[73,5],[34,-32],[-21,-64],[-46,-39],[-81,-22],[-17,-36],[23,-59],[55,-32],[39,-3],[93,-50]],[[31558,13043],[14,-80],[-117,-2],[23,-104],[-10,-34],[-35,-45],[-23,-130],[52,-122],[-43,-40],[-12,-51],[89,-13],[71,-89],[2,-47],[-39,-40],[-116,0],[-110,-90],[-14,48],[-68,-34],[-8,-34],[83,-87],[141,30],[20,52],[79,-34],[-6,-64],[-35,-38],[1,-48],[61,-36],[15,-99],[-31,-57],[-11,-71],[38,-7],[42,-56],[30,0],[33,-66],[-29,-61],[-12,-50]],[[20594,12445],[12,41],[82,49],[11,182],[107,99],[31,51],[40,111],[-23,84],[-41,50],[12,61],[-32,117],[12,43],[37,37],[-10,127],[-19,20],[-15,70],[41,103],[7,55],[-9,47],[-56,57],[-13,81],[-41,35],[-54,63],[-21,41],[-10,108],[0,80],[-37,36],[-82,-16],[-26,14],[-22,90],[7,71],[31,30],[42,122],[-4,33],[11,115],[-6,51],[-64,10],[-28,81],[-28,43],[-54,7],[-54,-10],[-46,52],[-49,38],[-37,72],[6,40],[-31,85],[-24,288],[-25,37],[-93,54],[-43,45],[-28,62],[-50,35],[-70,-25],[-47,49],[7,34],[-1,144],[22,90],[-8,70],[-49,57],[-41,85],[-65,58],[-39,93],[-63,108],[-38,23],[-41,8],[-106,52],[-99,18],[-74,36],[-73,-6],[-46,48]],[[19077,16684],[-17,106],[-41,65],[-37,39],[-14,59],[-34,35],[-13,52],[12,53],[-14,20],[-8,61],[-44,79],[-16,67],[2,76],[11,48],[31,53],[-4,168],[29,55],[9,126],[63,81],[28,16],[15,35],[57,15],[39,61],[27,18],[-1,47],[-16,30],[12,37],[32,-14],[26,17],[6,40],[73,54],[28,54]],[[21044,17288],[37,0],[20,25],[59,-1],[47,-14],[29,40],[53,41],[37,-8],[119,-6],[39,9],[16,22],[92,21],[56,-5],[72,19],[57,-123],[32,-6],[31,21],[84,111],[58,15],[21,79],[15,2],[24,-80],[18,-28],[32,51],[26,9],[21,-65],[18,15],[30,-31],[82,95],[83,59],[-28,50],[82,63],[36,74],[121,-31],[25,-25],[73,-6],[39,28],[49,131],[47,-4],[35,71],[33,21],[20,52],[123,0],[4,93],[27,30],[12,97],[30,63],[22,2],[-3,-59],[56,63]],[[23155,18268],[46,-40],[34,14],[78,75],[43,-1],[37,-17],[9,-66],[45,3],[-1,79],[111,-51],[41,76],[97,21],[53,-55],[45,56],[37,-46],[42,77],[68,45],[34,-20],[29,50],[84,17],[52,54],[16,-38],[76,-9],[27,-18],[32,-87],[80,-10],[39,7],[18,-29],[73,-50],[10,15],[113,-45],[56,34],[16,-19],[46,9],[13,24],[50,-11],[50,43],[50,-41],[81,17],[49,64],[82,0],[32,-27],[63,17],[20,-9],[94,24],[7,33],[47,8],[45,-52],[56,-25],[41,-103],[71,60],[36,-24],[12,94],[96,63],[24,-28],[37,7]],[[25797,18433],[-7,-29],[-69,-25],[-37,-55],[-9,-153],[-61,-234],[-29,-28],[-46,12],[-1,71],[16,67],[-17,34],[-55,-53],[-34,9],[0,-43],[-71,-29],[-46,-30],[-38,11],[-30,-17],[3,-99],[-34,-53],[-20,-52],[2,-30],[-61,-79],[67,-89],[32,-25],[-8,-114],[16,-68],[-9,-19],[-54,-36],[-76,-68],[-8,-31],[-44,-17],[31,-64],[39,-18],[41,-137],[70,43],[110,-39],[49,-43],[47,0],[22,47],[105,24],[3,-33],[55,-32],[90,113],[51,131],[58,33],[74,-38],[41,3],[58,-49],[41,-54],[56,-10],[28,17],[30,-17],[9,-44]],[[25621,15368],[-68,5],[-24,-27],[-28,-77],[-10,-52],[0,-122],[-28,-127],[-37,-6],[-24,34],[10,39],[-8,79],[-22,47],[-28,10],[-41,-27],[-49,78],[-31,-4],[-7,-39],[-59,-30],[-3,-63],[14,-32],[30,-136],[24,-70],[-40,-9],[-22,51],[-80,-17],[-8,-19],[41,-65],[-18,-36],[-45,-6],[-14,-49],[20,-37],[55,-23],[15,-69],[-74,-12],[-45,-49],[-18,-1],[-40,67],[34,161],[-21,50],[-47,70],[-22,-116],[-20,-58],[-20,-21],[-34,0],[-65,93],[-47,94],[-25,13],[0,-92],[-27,-62],[-24,-30]],[[24641,14676],[-66,-86],[-91,-17],[-18,-43],[12,-34],[-47,-39],[-2,-54],[-37,-37],[17,-48],[20,19],[32,-33],[-512,-25],[-972,-54],[-38,-36],[18,-38],[70,-50],[50,-52],[3,-27],[-60,-23],[-55,11],[1,-59],[-27,-73],[-40,-77],[-13,-7],[-53,46],[-45,-16],[-9,-78],[-36,-70],[9,-62],[36,13],[36,-102],[-26,-43],[-51,48],[-22,-5],[-38,-53],[-70,-23],[-51,156],[-55,-24],[-16,-26],[-10,-167],[32,-19],[-6,-126],[18,-23],[65,-43],[-1,-30],[-49,-52],[-10,-38],[-45,-5],[-47,36],[-53,88],[-12,99],[-19,30],[-43,10],[-23,-38],[30,-84],[-25,-29],[11,-30],[52,-11],[18,-41],[-4,-100],[-57,-46],[-30,8],[-19,-33],[-35,-5],[-76,35],[-26,57],[-19,-6],[8,-80],[-23,-66],[-22,-3],[-20,-66]],[[82333,35281],[105,925],[44,6],[64,-36],[26,21],[13,55],[58,8],[43,29],[62,27],[6,54],[-8,65],[-82,85],[-22,120],[-24,7],[-24,61],[-43,28],[-42,90],[37,118],[34,3],[57,54],[32,47],[9,37],[31,2],[21,-27],[59,-39],[22,3],[-2,103],[11,96],[63,-20],[23,40],[2,45],[31,15],[44,-38],[50,17],[22,31],[52,17],[26,-14],[48,16],[2,57],[40,59],[-2,80],[42,52],[16,36],[-7,30],[42,10],[25,46],[-21,62],[45,43],[38,12],[26,36],[84,7],[77,31],[28,-43],[48,-21],[47,101],[56,-4],[69,-42],[32,11],[55,-6],[67,9],[87,44],[23,104],[33,26],[45,15],[-2,30],[33,27],[43,-18],[1,45],[33,36],[-22,36],[-31,19],[-40,-17],[-34,27],[-35,61],[-43,-3],[-66,20],[-31,-10],[-19,25],[-4,52],[-46,60],[-38,18],[-33,73],[-19,63],[5,40],[-28,68],[-5,50],[-28,33],[0,27],[34,63],[-1,56],[-17,26],[7,56]],[[83792,39050],[7,43],[58,17],[1,49],[38,31],[18,-21],[38,51],[21,53],[52,5],[14,72],[57,76],[46,16],[27,-12],[36,22],[33,72],[109,90],[65,11]],[[84412,39625],[24,53],[32,25],[50,5],[57,79],[60,61],[46,9],[32,-31],[26,51],[101,49],[40,-19],[40,4],[99,63],[35,2],[27,-23],[29,-72],[45,-28],[61,-17],[8,-34],[-5,-77],[32,-59],[47,27],[29,-16],[46,48],[32,3],[12,66],[57,-15],[86,168],[77,-17],[6,-33],[40,-32],[49,-17],[3,-55],[62,-11],[17,35],[85,15],[33,16],[95,-50],[20,-41],[66,4],[40,-19],[35,4],[14,51],[39,82],[27,20],[39,94],[-2,44],[22,25],[41,-13],[68,57],[56,33],[25,32],[28,-1],[17,-33],[112,-11],[5,31],[60,-15],[37,16],[61,-22],[67,1],[59,50],[32,-23],[41,4],[39,26],[43,-47],[41,-8],[15,28],[67,-19],[21,35],[37,-44],[74,-1],[39,-40],[72,-5],[10,-23],[38,5],[5,-98],[-21,-47],[61,-25],[32,37],[32,-2],[32,36],[99,21],[26,68],[26,4],[0,46],[33,39],[31,-9],[12,45],[-22,31],[-5,38],[-38,-38],[-16,65],[-8,78],[21,72],[99,50],[24,-4],[26,68],[35,0],[49,38],[-3,-61],[22,-16],[58,15],[72,49],[-15,29],[47,42],[-7,29],[52,83],[52,13],[58,-26],[62,10],[41,46],[26,45],[22,-9],[36,31],[27,-15],[81,11],[64,-24],[68,9],[26,-25],[-9,-45],[33,-1],[22,38],[4,57],[-7,97],[34,-2],[28,-32],[23,49],[-3,103],[35,-11],[27,40],[-10,40],[27,14],[22,-44],[46,17],[6,61],[-6,52],[79,57],[36,-3],[17,25],[35,-6],[55,-44],[35,43],[33,93],[-19,29],[16,85],[37,32],[3,25],[89,35],[14,32],[61,-28],[29,8],[3,-60],[43,-21],[35,40],[6,-70],[-11,-42],[38,-45],[-5,-52],[39,17],[25,-8],[43,68],[-25,50],[12,32],[84,-26],[7,90],[38,-22],[29,15],[46,58],[65,113],[36,23],[54,53],[24,9],[13,65],[28,17],[10,41],[46,48],[21,-2],[91,132],[53,44]],[[90494,42207],[34,-5],[45,92],[49,-27],[10,84],[31,10],[17,28],[-9,90],[32,16],[57,90],[44,23],[8,71],[88,-78],[68,35],[56,15],[17,-30],[27,28],[28,-8],[48,43],[1,-63],[36,-34],[36,13],[12,67],[41,6],[34,-39],[14,33],[31,9],[37,-30],[7,30],[33,-12],[29,-80],[25,94],[46,-5],[47,-31],[3,65],[52,48],[-20,83],[-17,36],[28,23],[23,-41],[40,21],[13,-39],[77,15]],[[91772,42853],[25,-24],[-35,-53],[-62,6],[-13,-78],[27,-77],[14,-65],[-20,-40],[29,-31],[31,-74],[60,-95],[-12,-28],[-43,-13],[-49,-49],[3,-87],[81,-58],[18,-21],[-26,-40],[-89,0],[-33,-58],[6,-41],[44,-47],[23,-64],[-13,-58],[22,-80],[1,-151],[-45,-110],[-72,-88],[-6,-64],[-62,-84],[-67,-5],[-50,32],[-51,-54],[-3,-27],[24,-92],[-2,-44],[-23,-40],[-49,23],[-29,-23],[-12,-44],[-2,-66],[-23,-42]],[[91289,40799],[-43,43],[-94,3],[-15,75],[-49,22],[-3,-44],[15,-37],[-22,-40],[-33,-21],[-43,-3],[-28,-36],[-24,19],[-3,38],[-21,37],[-59,-60],[-34,60],[1,47],[-55,48],[-44,-85],[-64,-106],[-53,65],[-14,47],[-70,41],[-28,-42],[-7,-60],[-19,-39],[9,-54],[52,-17],[32,6],[12,-100],[-72,-19],[-31,-21],[-48,-12],[-22,20],[-26,-49],[-23,-15],[-1,-58],[-49,-65],[-15,1],[-22,61],[-79,12],[-8,-52],[25,-82],[29,-31],[29,-75],[58,-47],[-30,-78],[-99,7],[-18,65],[-62,-21],[-10,-41],[38,-80],[-15,-33],[-17,-115],[-49,-19],[-36,64],[-38,-10],[9,-79],[22,-24],[1,-59],[-40,-44],[-36,54],[-37,-3],[10,-81],[-7,-17],[-92,-57],[-35,50],[-4,34],[14,56],[-36,-10],[-88,67],[-30,-15],[18,-69],[-56,15],[-23,32],[4,43],[-63,20],[-68,104],[-29,-38],[-21,3],[-29,37],[-73,36],[-19,88],[-23,45],[-36,-65],[-36,-7],[-40,-99],[-46,63],[-79,-88],[-46,-62],[-43,5],[0,-31],[29,-44],[10,-145],[-34,-23],[5,-79],[-17,-18],[10,-88],[-42,-3],[-48,13],[-26,-13],[-33,39],[-5,44],[-24,-2],[-23,-109],[-38,-37],[-12,-142],[-40,17],[-14,78],[24,48],[-49,80],[-31,33],[-22,-21],[-10,-59],[-36,-48],[-31,33],[-25,63],[-34,-29],[-24,-40],[-72,5],[-24,-19],[-9,-47],[-19,-10],[-32,-58],[5,-46],[-12,-40],[-42,-76],[24,-76],[-42,-57],[-18,-48],[-23,8],[-47,-33],[-13,57],[-46,13],[-72,-41],[-4,-52],[-78,-37],[-45,-2],[-8,-41],[48,-33],[20,-27],[-48,-64],[18,-72],[-42,-41],[-15,-40],[-31,-12],[-39,13],[-65,117],[-25,27],[11,72],[-12,20],[-69,-59],[4,-59],[-21,-70],[-2,-83],[-27,-32],[-57,19],[-66,-62],[-24,19],[-44,-5],[-37,-83],[-71,-43],[-4,-30],[22,-108],[-12,-50],[-36,9],[-15,-26],[-4,-91],[27,-49],[-15,-75],[41,-16],[-5,-42],[-30,-35],[-9,-82],[-97,-22],[-6,-53],[39,-67],[83,-71],[23,-42],[4,-56],[-23,-71],[-20,-5],[-16,42],[-24,21],[-34,0],[-24,-46],[19,-80],[-26,-64],[3,-35],[54,-57],[13,-36],[-16,-73],[-34,-45],[-69,-39],[-56,4],[-44,-9],[-35,-58],[13,-142],[-9,-55],[-31,-20],[-89,13],[-45,-8],[-29,-38],[-15,-52],[-7,-110],[20,-70],[-22,-93],[-41,-32],[-61,11],[-3,-125],[-27,-8],[-33,131],[-70,34],[-22,-26],[3,-106],[-68,-60],[-46,15],[-31,66],[-68,46],[-43,-1],[-16,-128],[-23,-12],[-9,69],[-71,36],[-59,-15],[28,-43],[-35,-84],[15,-81],[-12,-30],[-57,-32],[3,-40],[31,-45],[61,-46],[23,-77],[-39,-62],[0,-36],[-45,13],[-46,-1],[-9,-54],[-79,-40],[-18,-65],[23,-9],[-2,-44],[-46,-30],[-2,-67],[-40,-53],[-35,1],[4,-42],[21,-36],[-7,-49],[34,-28],[-82,-36],[15,-77],[-36,-109],[31,-20],[3,-42],[-24,-45],[64,-144],[-37,-13],[-19,-133],[-22,1],[-19,-40],[17,-66],[-13,-81],[3,-93],[-49,33],[-42,-29],[-51,-8],[-14,23],[15,39],[-82,82],[-19,45],[63,35],[35,7],[-14,58],[3,74],[-35,45],[-19,81],[-26,-18],[-21,43],[-23,5],[-89,-155],[-65,33],[-28,67],[-77,-21],[-3,75],[-20,20],[-38,5],[-45,-27],[-15,-57],[-17,-11],[16,-82],[-27,-82],[-40,34],[-35,-12],[-69,73],[-35,-33],[-43,-19],[-41,30],[-72,3],[-3,-28],[-98,8],[-28,-15],[-31,49],[-23,-4],[-27,-37],[-41,-1],[-61,76],[-15,-47],[-80,49],[-32,-49],[-7,-43],[-41,7],[-36,42],[-42,-12],[-33,-59],[-56,0],[-50,-29],[-38,-97],[-31,-5],[-22,-32],[-53,20]],[[83780,34301],[-8,36],[29,40],[-65,23],[-1,36],[-36,16],[-13,57],[-47,25],[1,45],[-41,-5],[-3,-26],[-48,-57],[-10,-77],[-30,-42],[-51,-10],[-39,-21],[-23,8],[-50,-84],[-65,20],[-26,32],[-28,73],[11,30],[-3,58],[-46,63],[-42,-35],[-21,-63],[-61,124],[-13,-49],[-108,-65],[2,55],[32,0],[-44,98],[-38,20],[-18,93],[25,15],[-3,91],[29,56],[64,93],[-35,36],[-47,78],[-38,5],[-24,58],[-38,17],[-31,48],[-43,-38],[-80,-20],[-29,-24],[-39,25],[-27,-10],[-26,35],[-53,27],[-72,-1],[-77,71]],[[82333,35281],[-44,32],[-66,-11],[-14,24],[-44,10],[-37,24],[-66,-2],[-18,-17],[-94,17],[-84,5],[-53,23],[-50,-19],[-76,21],[-21,-35],[-49,11],[1,81],[-55,30],[-37,-46],[-44,-121],[-80,-20],[-50,9]],[[81352,35297],[-1,21],[-48,37],[-43,-4],[-26,-41],[-66,43],[-28,-28],[-33,3],[-29,48],[-30,17],[-32,-32],[-19,26],[-41,22],[-143,112],[-37,-26],[-46,8],[-155,-79],[-36,-3],[-77,-37],[-103,-8],[-48,-38],[-23,10],[-60,-7]],[[80228,35341],[-6,237],[4,99],[15,74],[33,67],[-12,20],[16,65],[5,83],[-47,21],[-32,-6],[-14,-86],[-53,-19],[-59,252],[-222,-7],[-60,55],[-16,43],[-34,5],[-67,56],[-23,-21],[-47,10],[-26,-11],[-19,28],[-67,25],[-8,66],[-20,17],[-45,-12],[-101,59],[-16,41],[-55,26],[-106,127],[-18,33],[-32,8],[-80,-6],[-30,21],[-15,48],[-22,19],[-77,5],[-79,-86],[-54,-6],[-29,57],[-71,21],[-47,-8],[-86,77],[-118,56],[-32,44],[-98,11],[-69,-52],[-3,302],[8,36],[49,26],[41,54],[19,-22],[43,-7],[36,56],[67,56],[23,39],[29,81],[50,77],[13,52],[67,96],[15,92],[29,54],[-49,33],[-23,35],[-31,6],[-23,33],[-27,4],[-46,55],[-8,47],[6,72],[-43,15],[-25,33],[-2,43],[-51,-7],[-55,31],[-1,51],[-70,82],[-26,-1],[-39,101],[-14,72],[-53,87],[-37,16],[-58,53],[-23,52],[-41,9],[-31,65],[-11,176],[19,133],[-43,143],[-35,51],[-26,60],[-83,18],[-24,50],[28,26],[-14,47],[-34,24],[-36,52],[19,90],[-41,58],[-42,39],[-18,65],[7,46],[48,2],[-20,39],[-29,11],[5,38],[-31,3],[-41,38],[-10,64],[47,37],[42,91],[18,95],[33,55],[-40,109],[62,81],[-42,41],[-35,12],[-98,94],[-37,-31],[-56,4],[-32,14],[-41,64],[-28,94],[-102,101],[-53,67],[-17,34],[-37,20],[-44,58],[-69,23],[-34,32],[1,57],[-20,66],[-43,61],[-74,30],[1,47],[-39,41],[-23,-44],[-25,-13],[-24,24],[-3,73],[-18,43],[-35,22],[-41,-5],[-30,34],[-1,39],[-23,55],[-50,72]],[[76483,41846],[-17,58],[-38,45],[-7,98],[-14,61],[36,36],[26,65],[47,-10],[17,15],[-26,58],[18,54],[46,21],[28,-79],[33,11],[15,34],[32,-27],[114,-5],[33,23],[39,-28],[28,53],[-23,16],[-5,36],[43,29],[31,92],[-7,45],[34,38],[38,86],[9,93],[30,54],[-20,49],[33,29],[76,92],[17,-16],[25,30],[-2,36],[31,22],[30,-6],[50,-66],[36,1],[60,-54],[71,60],[-18,69],[13,41],[37,45],[-16,60],[26,19],[36,-49],[40,-6],[34,-40],[40,9]],[[77642,43143],[42,-23],[12,-106],[-47,-60],[60,-90],[40,2],[26,25],[51,-16],[27,31],[22,-23],[85,132],[10,44],[28,0],[44,50],[68,-33],[22,-27],[6,-52],[25,-21],[40,28],[54,-59],[61,-7],[39,-55],[32,59],[35,89],[35,17],[7,34],[37,74],[19,84],[34,13],[71,4],[33,-50],[11,-41],[64,-26],[35,70],[60,54],[46,71],[96,5],[32,21],[-42,119],[19,131],[22,48],[39,39],[49,-37],[20,3],[42,89],[3,50],[22,21],[24,-11],[58,6],[11,-39],[-22,-31],[27,-24],[4,-94],[-53,-40],[14,-113],[35,-35],[14,-49],[-18,-50],[-45,-25],[-45,30],[-24,-41],[4,-42],[55,-2],[61,21],[13,-16],[18,-110],[76,-87],[6,-25],[-41,-36],[-37,-17],[-25,-29],[51,-19],[13,-40],[36,-7],[15,-91],[62,-3],[33,-106],[21,6],[16,-84],[5,-101],[-34,40],[-50,26],[-43,-47],[7,-35],[77,-61],[22,-33],[19,-93],[-7,-56],[-21,-2],[-43,47],[-28,9],[-8,-56],[-51,-7],[-16,-24],[4,-59],[-65,-26],[-2,-84],[-43,-46],[2,-42],[41,40],[16,-31],[-26,-90],[-5,-52],[14,-36],[-12,-62],[34,-39],[-3,-41],[-58,3],[-29,-27],[34,-60],[-45,-20],[-14,-34],[28,-54],[42,-22],[28,-42],[26,-12],[21,-42],[52,75],[37,-57],[72,-52],[31,13],[46,-103],[-29,-21],[16,-61],[30,-30],[17,22],[21,-61],[59,-63],[31,10],[73,-87],[8,-79],[-11,-59],[-23,40],[-63,28],[-20,-23],[57,-53],[-14,-53],[-40,13],[-37,48],[-26,-13],[15,-50],[32,-41],[47,-33],[35,-2],[35,-54],[95,-83],[86,-26],[20,33],[-63,102],[14,52],[33,-38],[17,9],[61,-17],[-16,-48],[41,-52],[59,-48],[76,-100],[12,-49],[34,-51],[48,12],[-7,-54],[36,-36],[21,-44],[36,5],[6,59],[26,-4],[30,-67],[21,-147],[21,14],[44,-67],[25,-15],[17,-45],[27,-33],[69,-29],[40,-6],[4,-34],[-20,-50],[38,-79],[72,-52],[25,83],[46,-63],[26,14],[20,-48],[56,41],[38,-55],[63,-41],[20,-37],[39,27],[9,-84],[20,-9],[32,-64],[54,4],[-11,37],[7,49],[-33,26],[54,29],[95,-67],[33,3],[0,-58],[34,3],[24,-58],[33,-53],[-8,-74],[29,-71],[-11,-37],[36,-4],[8,-62],[24,-24],[69,31],[30,-15],[24,54],[38,-8],[31,-57],[38,-5],[27,24],[41,68],[32,-17],[45,36],[39,-39],[32,-53],[52,25],[24,-42],[56,-2],[38,-29],[82,-90],[13,26],[33,-40],[45,8],[12,25],[58,25],[51,-77],[4,-53],[22,-39],[62,19],[33,34],[34,-9],[37,-40],[99,2],[15,18],[60,-2],[44,-25],[19,39],[47,3],[20,-51],[18,0],[38,-77],[12,-82],[21,-42],[34,-31],[40,47],[28,12],[9,53],[33,26],[30,45],[44,16],[38,-3],[41,41],[59,22],[43,-15],[28,57],[38,16],[10,53],[54,7],[0,-26],[53,-19],[4,38],[34,27],[37,-12],[34,53],[18,77]],[[81477,22914],[-53,15],[-28,21],[-12,52],[6,73],[-12,61],[-36,43],[-20,65],[-72,-7],[-25,61],[-21,25],[-34,7],[-77,-58],[-53,14],[-25,-19],[-25,23],[-20,50],[-38,24],[-77,4],[-117,-66],[-17,71],[-35,63],[-47,-9],[-44,-36],[-34,18],[-17,104],[-40,10],[-36,48],[-34,122],[-53,14],[-37,-20],[-54,75],[-39,-21],[-61,45],[-3,34],[-46,81],[-30,32],[5,67],[-21,50],[3,38],[-38,143],[25,18],[-38,90],[-54,36],[-28,88],[-3,67],[-34,23],[-6,126],[-11,119],[-39,6],[-14,30],[-35,0]],[[79823,24834],[-74,103],[-39,69],[32,62],[-8,107],[-29,7],[-39,41],[22,37],[-22,68],[23,62],[22,92],[32,-7],[2,79]],[[79745,25554],[62,-45],[15,10],[-17,77],[38,18],[-4,60],[19,68],[23,-37],[35,37],[2,40],[72,-94],[17,22],[-12,41],[57,96],[49,-30],[65,20],[36,-16],[28,-34],[46,55],[-10,73],[46,53],[16,-30],[28,60],[29,-32],[6,53],[24,22],[26,-29],[31,-4],[1,39],[-32,14],[-32,81],[49,27],[41,-43],[36,40],[39,-11],[10,61],[22,35],[22,-53],[42,32],[44,9],[19,29],[45,-39],[17,41],[25,-24],[44,86],[65,-56],[53,-4],[56,12],[10,27],[44,-3]],[[81092,26308],[63,-8],[17,-22],[9,-98],[20,-7],[14,-43],[39,-58],[-20,-36],[15,-28],[15,-73],[-11,-17],[-13,-135],[16,-99],[-3,-58],[26,-26],[-13,-62],[33,-57],[-39,-38],[6,-77],[22,-67],[-18,-94],[-19,-52],[27,-24],[2,-43],[30,-99],[-10,-22],[-5,-86],[24,-67],[34,-45],[-14,-21],[-18,-147],[18,-17],[11,-69],[-4,-49],[16,-17],[12,-75],[34,-39],[-22,-31],[18,-120],[25,-29],[-14,-79],[10,-44],[-10,-50],[27,-46],[-3,-23],[18,-117],[-10,-70],[12,-108],[10,-26],[-36,-22],[-5,-44],[29,-98],[46,-49],[1,-77],[17,-16],[31,-73],[-27,-82],[7,-35],[-56,-57],[-8,-43],[19,-47],[-10,-33]],[[85753,21086],[-16,37],[23,64],[-2,63],[-20,20],[-76,-30],[-27,38],[-26,-36],[-34,-4],[-34,-72],[-33,26],[-32,-25],[-49,-15],[-28,44],[-45,106],[-59,26],[-27,-17],[45,128],[33,31],[-28,31],[10,125],[-48,-15],[-32,129],[-44,14],[22,49],[-5,63],[-25,-7],[-43,66],[-6,52],[33,4],[-16,119],[-41,40],[-84,-7],[-23,-57],[-33,-36],[-19,10],[-30,-30],[-4,-82],[-30,-46],[-38,1],[-2,56],[-24,24],[-70,-30],[-43,-73],[-31,-6],[22,85],[-21,18],[-21,79],[-65,-15],[-97,11],[-77,-21],[16,-93],[-40,-40],[-13,22],[-5,68],[-33,-5],[-33,62],[-39,-33],[-24,-88],[-23,-16],[-106,1],[-50,43],[-22,75],[25,16],[15,80],[-20,39],[-33,9],[-44,34],[-11,37],[1,75],[-20,39],[28,95],[0,58],[-20,11],[8,164],[-10,40],[16,39],[23,2],[-2,71],[-17,66],[4,81],[-20,29],[-48,21],[-28,64],[48,141],[-4,31],[-166,-189],[-20,49],[-33,-8],[-57,-61],[-82,-26],[-36,91],[-37,-2],[-52,-26],[-33,28],[-27,-17],[-7,-44],[-31,-8],[-11,-41],[-36,30],[-38,-68],[-43,-25],[-25,-49],[-30,-10],[-26,94],[-20,28],[-12,59],[-42,22],[-30,-22],[-18,-55],[-24,-35],[-51,-35],[-12,-21],[10,-51],[-39,-88],[-44,-47],[-41,-104],[28,-47],[-23,-36],[28,-49],[-13,-47],[14,-53],[-16,-27],[-68,-10],[-45,-62],[-5,-47],[22,-46],[-14,-78],[-18,-30],[1,-41],[-17,-49],[16,-66],[-15,-86],[-32,-40],[-14,-51],[68,-51],[3,-37],[-47,-105],[17,-25],[-41,-50],[-53,9],[-31,-16],[-28,18],[-25,75],[-97,48],[1,32],[-68,3],[-19,30],[-70,23],[-47,-32],[-28,-54],[-53,-5],[-20,-39],[10,-76],[-11,-109],[-30,-16],[18,-79],[-24,-8],[-3,-71],[-42,-10]],[[82048,21218],[-88,24],[-24,98],[-29,12],[-5,36],[-49,63],[-31,-20],[-59,18],[-39,57],[-34,-4],[-71,-48],[-27,4],[-17,-34],[-43,15],[-33,-58],[-20,21],[-65,-19],[-36,7],[-53,-26],[213,522],[2,81],[-16,58],[-28,17],[4,142],[-44,49],[-32,66],[-13,66],[12,56],[-14,23],[12,39],[-12,64],[43,83],[-1,76],[19,103],[-7,68],[14,37]],[[81092,26308],[22,52],[-12,45],[13,30],[-32,55],[37,12],[75,79],[32,14],[25,41],[40,10],[0,103],[60,-5],[16,25],[31,-27],[13,46],[-14,33],[3,62],[57,24],[34,-3],[19,43],[-36,24],[47,40],[-37,143],[0,32],[49,118],[54,102],[11,42],[83,50],[5,-29],[57,28],[67,-19],[24,32],[-25,30],[27,39],[-11,69],[-40,2],[-12,49],[45,136],[-26,60],[-3,36],[20,27],[-5,38],[-32,46],[6,89],[35,42],[33,-43],[44,52],[3,47],[22,29],[-18,67],[17,55],[-12,37],[20,60],[0,63],[24,-9],[14,38],[27,12],[23,-38],[27,45],[6,59],[-10,67],[32,16],[36,-84],[37,-23],[11,57],[-17,48],[-2,76],[17,26],[52,5],[0,150],[20,47],[8,56],[48,-7],[-2,55],[-25,-1],[-7,60],[13,13],[32,96],[65,93],[-6,33],[44,25],[2,51],[21,16],[-9,82],[-12,28]],[[82392,29632],[49,121],[88,93]],[[82529,29846],[56,-7],[31,-74],[54,-16],[33,24],[60,-17],[30,-52],[59,2],[16,-32],[105,-41],[25,14],[73,-50],[12,-21],[-16,-53],[24,-39],[0,-33],[39,-2],[-6,-63],[17,-47],[31,-141],[2,-48],[-13,-32],[47,-79],[34,-27],[9,-27],[74,-70],[37,11],[38,-48],[41,-26],[17,-49],[82,-94],[35,-120],[35,6],[25,-27],[43,-73],[47,-9],[37,-45],[12,-35],[40,-60],[16,1],[56,-63],[81,-71],[13,-23],[91,-67],[5,-22],[43,-55],[72,-50],[28,54],[47,14],[31,-33],[38,-13],[28,35],[43,-98],[-20,-67],[69,-59],[58,22],[35,103],[63,9],[53,-59],[38,15],[6,-26],[37,-26],[40,-47],[28,-14],[15,-37],[35,74],[49,47],[21,54],[60,16],[45,32],[19,34],[35,-6],[31,-25],[74,19],[54,-24],[47,5],[29,97],[-15,47],[45,26],[46,49],[21,49],[70,-1],[70,21],[67,124],[29,18]],[[85660,28425],[22,15],[42,-10],[5,-111],[35,-55],[-19,-62],[16,-87],[23,-36],[-4,-38],[-27,-49],[-60,-53],[-49,-19],[-22,-72],[4,-104],[14,-43],[-30,-29],[10,-54],[39,-58],[28,15],[62,-8],[-12,-55],[-43,-90],[-38,-5],[-12,-22],[10,-86],[-75,-57],[-31,-42],[25,-60],[70,-26],[68,-45],[9,-39],[26,-20],[61,0],[57,-60],[20,82],[55,-15],[33,24],[21,-24],[38,-10],[9,28],[49,-25],[34,-49],[32,-18],[-15,-35],[-7,-82],[-34,-63],[-11,-57],[38,-69],[34,-7],[11,-100],[-24,-11],[-33,28],[-20,89],[-35,43],[-19,54],[-46,-21],[-69,-90],[-32,-11],[-34,24],[-20,-37],[-12,-60],[20,-77],[-16,-88],[19,-51],[-44,-59],[18,-14],[5,-121],[50,-59],[-16,-24],[22,-55],[-19,-60],[-22,-9],[-15,-72],[3,-94],[41,-51],[27,-74],[5,-41],[-16,-27],[2,-44],[-24,-43],[-13,-52],[-57,-63],[-31,-50],[8,-59],[-12,-27],[39,-57],[-52,-69],[-32,3],[-55,-53],[-5,-45],[21,-11],[4,-45],[21,-15],[14,-99],[31,-85],[-29,-64],[13,-99],[-48,-25],[3,-62],[30,-56],[-10,-95],[-36,-39],[6,-68],[47,-15],[-8,-79],[-25,-54],[-79,-90],[23,-86],[-6,-49],[-37,-53],[-58,-22],[0,-29],[29,-33],[-12,-57],[18,-72]],[[60649,26994],[36,-84],[66,45],[94,0],[56,24],[61,71],[41,15],[55,41],[35,14],[46,37],[80,-7],[71,-46],[39,13],[55,0],[38,-36],[138,-33],[33,34],[139,39],[29,-71],[40,-38],[38,-100],[53,9],[44,-65],[23,-73],[72,-110],[61,-164],[72,-62],[3,-87],[-62,-54],[-17,-64],[4,-99],[12,-66],[-7,-22],[-49,-43],[-14,-37],[7,-72],[32,-18],[148,-10],[76,-31],[51,-61],[31,-117],[33,-54],[40,-108],[44,-28],[64,0],[11,-12],[32,-119],[107,-17],[24,-59],[22,-15],[53,12],[54,-22]],[[62863,25244],[52,-41],[60,-68],[30,-17],[60,32],[7,-49],[29,-37],[-15,-72],[7,-70],[-6,-54],[-18,-26],[22,-73],[20,-33],[24,-74],[-65,-131],[-12,-50],[-75,-41],[-31,-42],[-62,45],[-6,-84],[-26,-78],[-51,-16],[-10,-32],[-29,11],[26,-95],[-23,0],[-19,-34],[-18,-70],[-3,-51],[-65,-3],[11,-52],[23,-49],[-34,-83],[20,-71],[-33,-59],[-10,-62],[37,-111],[-71,-128]],[[62609,23376],[-35,-69],[-75,41],[-11,-15],[-6,-102],[-23,21],[-45,-2],[-44,29],[-4,21],[-43,27],[-9,33],[10,58],[-39,32],[-11,-19],[-48,-6],[-94,-71],[-11,-56],[-116,-110],[-21,-34],[24,-50],[-9,-99],[-21,-36],[-52,-49],[-16,-43],[-32,-46],[-45,20],[-45,0],[-33,27],[-76,16],[-60,61],[-37,13],[-55,-21],[-24,-62],[-23,-23],[-3,-50],[-52,-95],[-68,28],[-47,-34],[-30,1],[-6,-41],[-75,8],[-28,20],[-20,48],[-39,35],[-66,22],[-38,-63],[-13,-66],[-17,-22],[-1,-91],[21,-88],[-13,-88],[-34,-110],[-30,-70]],[[60921,22206],[-20,-3],[-68,-57],[-47,-24],[-75,4],[-30,92],[106,91],[8,33],[-19,71],[-12,86],[-62,12],[-2,73],[21,35],[-68,-2],[6,78],[-58,-49],[-26,-82],[27,7],[2,-45],[-23,-37],[-35,25],[-18,39],[4,38],[-18,55],[-19,13],[-31,-18],[14,-47],[-41,-169],[-45,-39],[-61,-13],[-42,16],[20,37],[10,112],[2,101],[-5,90],[-32,29],[-12,-39],[-61,39],[-41,-35],[-15,47],[-35,-24],[-19,67],[-1,48],[-68,36],[3,58],[-10,46],[-27,-8],[5,-50],[-58,-8],[-50,40],[-23,42],[31,24],[-8,54],[-46,38],[-23,46],[31,12],[21,43],[-39,53],[52,14],[-1,80],[-26,15],[-27,57],[-24,-47],[-14,61],[-52,-71],[-29,28],[31,53],[28,13],[-10,60],[52,-7],[20,23],[-57,120],[4,28],[67,-17],[-22,99],[-23,66],[26,24],[8,42],[67,-22],[36,53],[-16,49],[-41,38],[-3,36],[19,32],[48,35],[-44,21],[-29,47],[17,33],[62,70],[15,39],[-27,36],[-27,64],[20,31],[-84,30],[-69,70],[-41,-111],[22,-90],[-5,-51],[-40,16],[-5,-41],[-47,-24],[-11,31],[-31,4],[22,143],[-51,-8],[-11,34],[-52,-49],[-22,-8],[-17,34],[5,36],[-55,-1],[-69,48],[-56,21],[-37,-74],[-43,60],[23,62],[7,80],[-48,8],[-31,52],[4,39],[48,-40],[39,10],[61,48],[40,-14],[21,33],[11,169],[-17,33],[-54,17],[-74,-26],[-18,105],[-35,-3],[-48,73],[-31,-39],[-48,15],[-19,-62],[19,-15],[43,23],[-3,-61],[-77,-47],[-53,60],[-82,-12],[12,-59],[-52,-35],[-28,36],[-7,-61],[-36,-46],[-28,5],[-8,44],[13,26],[-59,87],[-24,98],[-30,16],[-62,66],[-25,-8],[-18,-40],[-47,15],[-7,53],[-46,-11],[-25,-58],[-32,-20],[-78,34],[-78,46],[-155,1339]],[[58100,26595],[49,27],[38,45],[-20,86],[-22,31],[53,26],[145,-69],[37,38],[-29,36],[10,63],[26,55],[-8,52],[42,23],[23,88],[-27,47],[25,40],[-6,67],[34,27],[40,116],[33,-12],[17,-37],[26,6],[13,71],[15,23],[82,-17],[57,27],[11,34],[-15,68],[-27,40],[9,38],[32,9],[25,-20],[62,24],[70,76],[24,38],[50,32],[19,-18],[-13,-107],[28,-63],[36,-8],[30,-32],[21,20],[15,100],[1519,-691]],[[58100,26595],[-14,-49],[-57,44],[-42,1],[-29,-110],[-46,-44],[-62,-17],[-17,-86],[27,-34],[4,-49],[40,33],[30,-34],[34,-12],[-12,-36],[19,-29],[-44,-83],[-10,48],[-31,-7],[-76,56],[-99,23],[2,-26],[-42,-88],[-36,-26],[-12,75],[-19,51],[-26,24],[-41,-28],[-13,26],[-54,-13],[-28,87],[24,69],[-37,68],[17,21],[7,81],[-28,-27],[-66,38],[-75,18],[-22,47],[-57,40],[-19,-48],[-43,-26],[-54,13],[-35,-11],[-20,-27],[-56,-27],[-13,67],[-37,-13],[-8,33],[-27,9],[-31,55],[-51,-30],[-27,18],[-46,-52],[-10,-34],[15,-70],[-4,-32],[-63,78],[-41,7],[-35,-64],[13,-19],[-39,-74],[3,-38],[-37,-8],[-14,41],[18,37],[-25,68],[-25,-26],[-12,-47],[-60,69],[28,95],[-48,34],[-37,68],[-34,20],[59,41],[-31,57],[14,36],[-40,43],[-4,53],[-18,12],[-56,-87],[-11,-51],[-50,-83],[-9,-42],[-36,-18],[-16,-42],[-57,-6],[-53,-87],[-4,-32],[-46,38],[-39,-13],[-54,57],[-36,12],[-51,-42],[-79,-103],[-23,46],[-26,-6],[-52,53],[-40,7],[-27,125],[-48,10],[-57,-41],[-67,-5],[-36,-26],[-66,116],[-3,59],[-42,40],[-93,4],[-34,-16],[-46,10],[-50,-11],[-42,-36],[-37,64]],[[54929,26849],[27,44],[3,50],[34,78],[47,63],[25,89],[-40,86],[-80,-4],[-74,14],[-56,36],[-51,9],[-28,35],[-85,-8],[-97,-74],[-112,60],[-20,27],[8,49],[52,52],[-33,78],[-40,7],[-83,-56],[-27,-82],[-32,-24],[-59,-19],[-15,103],[-34,99],[-49,64],[-72,46],[-125,26],[-48,32],[-18,-93],[-24,-68],[-123,-28],[-22,62],[-89,67],[-40,18],[-71,-3],[-69,232],[-25,47],[-27,78],[-45,29],[-75,-9],[-99,93],[-25,59],[-4,67],[-58,139],[-50,41],[-80,-19],[-95,-95],[-54,-42],[-40,76],[-36,15],[-2,74],[-15,89],[-9,165],[47,82],[25,62],[19,-1]],[[52761,28866],[-4,-65],[-20,-133],[29,-52],[3,-65],[54,-101],[26,10],[13,50],[75,49],[11,42],[34,35],[46,1],[62,54],[45,-9],[63,35],[62,-8],[45,39],[41,-4],[42,113],[16,8],[40,94],[22,-14],[75,-87],[27,84],[50,16],[23,-6],[26,32],[21,80],[-4,67],[33,-18],[23,11],[30,81],[12,116],[56,97],[28,-15],[54,71],[21,45],[39,0],[64,65],[2,62],[53,-9],[6,-70],[35,36],[29,-11],[24,34],[33,-13],[23,26],[-17,69],[-47,43],[7,82],[69,-14],[11,98],[44,-11],[16,-82],[0,-40],[29,-41],[69,21],[24,-50],[16,40],[33,14],[-24,61],[28,51],[24,-59],[20,15],[12,81],[-28,78],[51,35],[21,-18],[8,-70],[22,5],[-17,71],[27,45],[-27,21],[-35,78],[-7,74],[-28,57],[7,45],[72,-49],[51,32],[17,-33],[28,-4],[35,39],[-11,63],[13,38],[52,-18],[21,11],[-8,45],[13,70],[47,6],[24,-75],[60,-6],[60,45],[7,63],[31,8],[53,-36],[926,1040],[37,10],[40,-72],[18,43],[80,60],[22,-13],[25,35],[28,-12],[16,139],[55,-6],[19,70],[18,-23],[102,28],[29,52],[57,-74],[21,-79],[32,-46],[26,45],[5,105],[58,12],[62,60],[12,-22],[39,-8],[0,58],[24,36],[24,-16],[26,-57],[67,-6],[20,-27],[39,3],[27,56],[38,0],[28,29],[35,7],[29,-43],[43,17],[28,52],[37,-43],[70,71],[21,-49],[8,-51],[-9,-50],[26,-44],[31,-27],[33,2],[1,-60],[59,-71],[72,-48],[17,6],[27,-68],[74,17],[19,-38],[20,25],[57,3],[22,-43],[45,-45],[14,-69],[-10,-80],[28,-99],[119,-78],[22,-33],[26,-72],[6,-55],[84,-49],[-51,68],[11,108],[-59,61],[0,27],[64,56],[27,70],[-39,33],[-23,64],[-55,44],[-20,65],[-11,128],[38,15],[18,66],[-2,56]],[[58094,31803],[33,-37],[63,4],[64,59],[28,94],[47,127],[13,79],[671,291],[14,-47],[-2,-57],[-14,-25],[5,-45],[-16,-21],[75,-88],[31,-6],[100,22],[50,67],[29,13],[56,-2],[41,-53],[31,18],[80,-15],[25,-43],[24,3],[51,62],[21,-35],[-3,-50],[50,-42],[45,49],[31,-17],[73,-5],[6,44],[54,-4],[1051,-1055]],[[60921,31088],[31,-38],[14,-77],[-12,-79],[25,-137],[-1,-75],[44,-147],[26,-46],[25,-99],[40,-86],[45,-78],[91,-112],[-600,-3120]],[[48736,25524],[-28,7],[-9,33],[-32,19],[-51,81],[-28,23],[-48,-89],[-52,4],[-27,-27],[-47,3],[30,-202],[37,-25],[-19,-81],[4,-26],[-32,-54],[-17,0],[-33,-52],[-22,4],[-20,41],[-36,-1],[-66,-24],[-27,-42],[-58,21],[-33,56],[10,39],[-65,24],[-58,-97],[-30,-2],[-37,53],[-36,4],[-26,-49],[-40,-3],[-116,-64],[33,-35],[17,-46],[-40,-24],[-27,-49],[-63,-24],[-17,24],[7,94],[-30,66],[-44,0],[-59,-89],[3,-51],[35,-16],[-5,-114],[15,-52],[-26,-45],[36,-58],[-19,-47],[-48,60],[-54,-36],[-42,4],[-37,-32],[-18,72],[-58,54],[-109,66],[7,65],[-10,68],[-29,39],[2,27],[-29,69],[8,62],[77,-8],[53,17],[10,26],[-37,64],[9,39],[35,-30],[40,-7],[17,31],[-45,79],[4,30],[33,47],[41,36],[10,75],[-29,40],[-15,67],[-18,8],[-31,112],[61,70],[45,11],[9,-35],[85,7],[46,-19],[61,-11],[27,15],[11,35],[30,14],[25,108],[-39,75],[5,56],[-34,76],[-133,204],[-28,-3],[-29,-30],[-1,-47],[-17,-26],[52,-43],[22,-72],[-22,-46],[-67,-44],[-33,-44],[-55,-51],[-51,55],[-84,20],[-74,86],[24,155],[-9,12],[-96,-49],[-10,-42],[-105,-36],[10,-126],[36,-45],[16,-42],[-6,-41],[-105,69],[-75,177],[-40,8],[-59,-14],[-74,-103],[-21,5],[-37,54],[-91,-55],[-31,-79],[-26,15],[-27,-39],[7,-71],[-26,-39],[11,-90],[-26,-61],[-42,20],[-34,51],[-49,0],[-5,-43],[-44,-68],[-31,6],[-32,-30],[-39,-68],[3,-87],[-23,-105],[-18,4],[-29,47],[-32,16],[-52,-17],[-18,-48],[42,-101],[-19,-68],[-16,-13],[-70,97],[-6,25],[23,39],[-42,28],[-45,51],[-27,57],[-1,44],[16,139],[-5,73],[-42,52],[-7,53],[-32,82],[0,32],[21,57],[1,104],[-35,162],[-65,-8],[-28,22],[-23,45],[-3,75],[-29,54],[-56,33],[-62,2],[-47,109],[41,81],[-32,24],[-70,28],[-70,-18],[-74,-176],[28,-115],[49,-82],[-27,-131],[-16,-19],[-75,1],[-53,-15],[-14,10],[-27,83],[-43,25],[-17,51],[21,83],[5,65],[-15,92],[-39,-5],[-31,-58],[-36,-39],[-30,13],[-54,73],[-36,16],[-52,47],[-55,2],[-66,-53],[-35,10],[-62,59],[-56,-29],[-39,63],[-40,26],[-69,29],[-50,-21],[-31,-67],[23,-63],[-6,-35],[-37,-28],[-33,-81],[-3,-50],[21,-40],[50,-23],[28,-60],[-26,-74],[-36,-9],[-44,43],[-52,18],[-59,75],[-54,54],[-51,22],[-37,-5],[-27,-78],[-49,-85],[-36,-22],[-53,33],[-19,28],[-34,106],[-11,100],[-59,43],[-43,47],[-82,48],[-52,-63],[17,-32],[61,-53],[38,-48],[6,-50],[-21,-27],[-59,-14],[-73,-86],[-29,-19],[-75,34],[-23,40],[-65,151],[-38,29],[-37,-1],[-41,29],[-7,46],[22,54],[41,26],[29,91],[50,41],[9,48],[-27,33],[-62,-44],[-62,13],[-38,-11],[-59,-114],[-66,-35],[-31,-76],[-36,-13],[-18,112]],[[42782,26701],[-5,50],[-32,54],[5,49],[59,30],[43,9],[43,40],[1,50],[-33,124],[-1,59],[-30,93],[-68,91],[-60,127],[-46,41],[-75,29],[-35,62],[-15,45],[-55,85],[-6,28],[16,132],[-48,163],[0,42],[37,85],[41,2],[26,-95],[54,-113],[62,-44],[112,1],[105,24],[18,17],[-9,44],[29,59],[1,31],[-35,40],[16,60],[56,65],[62,88],[-24,36],[8,73],[20,24],[42,13],[42,51],[-22,35],[-63,29],[-62,104],[-39,16],[-16,24],[11,51],[44,24],[66,18],[19,16],[11,68],[-10,23],[-56,18],[-7,37],[48,107],[32,33],[41,-88],[34,27],[35,-2],[21,30],[-33,39],[36,13],[25,33],[9,43],[30,38],[26,-19],[14,37],[-18,77],[41,128],[70,30],[45,87],[11,42],[-8,62],[41,66],[6,39],[-61,64],[20,60],[-34,-10],[-13,80],[35,23],[-33,59],[-3,62],[-47,-57],[-63,-16],[-28,4],[-9,94],[-18,14],[-4,54],[-36,19],[-8,73],[17,97],[37,-21],[30,14],[1,41],[-17,33],[-1,64],[28,60],[-29,98],[75,69],[3,25],[-48,8],[-10,21],[24,47],[-12,57],[-29,13],[-35,-57],[-28,-18],[-22,55],[-44,-34],[-17,-62],[-65,-13],[-36,53],[-36,-2],[-39,38],[18,84],[-31,32],[9,58],[-1,64],[52,0],[-28,78],[53,65],[32,55],[25,17],[48,-44],[30,1],[4,32],[31,23],[13,33],[1,80],[45,30],[32,61],[-4,37],[45,34],[26,44],[46,19],[12,88],[-3,61],[-51,39],[-4,40],[-21,48],[12,32],[-30,58],[4,34],[-36,36],[-13,93],[23,13],[38,54],[67,165],[-27,14],[-3,39],[25,85],[43,53],[43,110],[42,46],[32,54],[10,57],[-5,40],[19,42],[-14,48],[14,187],[44,-20],[21,50],[6,60],[27,31],[32,67],[2,69],[-36,32],[-6,43],[20,82],[-13,27],[-41,-8],[-46,-44],[-67,12],[-51,24],[-47,2],[-49,-13],[-23,-35],[-47,-37],[-62,-77],[-32,-80],[-34,2],[-58,-43],[-59,-112],[-114,-89],[-64,33],[-50,-33],[-33,-113],[-48,-46],[-175,12],[-61,41],[-101,33],[-99,86],[-31,85],[-80,91],[-52,16],[-30,-11],[-68,-71],[-44,-21],[-42,30],[-44,59],[-57,-5],[-45,-29],[-40,1],[-90,-92],[5,-53],[-55,-53],[-17,-73],[-55,-43],[-44,-53],[-65,-20],[-49,20],[-82,-46],[-61,22],[-70,47],[-52,-27],[-68,11],[-22,-22],[-8,-44],[-39,-1],[-45,-33],[-122,-40],[-23,5],[-115,69],[-93,-93],[-38,-17],[-55,8],[-30,-50],[-36,-26],[-35,-4],[-32,-41],[-5,-60],[-24,-35],[-37,-27],[-62,-114],[-36,7],[-25,-62],[-32,46],[-59,10],[-77,60],[-50,-6],[-10,-49],[-38,-57],[-68,-29],[-80,-18],[-51,-83],[-16,-10],[8,-77],[-32,-39],[1,-32],[-90,-1]],[[39577,32174],[-2,50],[-19,12],[2,69],[32,5],[6,37],[-44,62],[-50,44],[3,48],[-18,39],[19,32],[29,-15],[40,50],[-7,37],[6,68],[-50,33],[-43,49],[-42,83],[-25,-25],[-32,-4],[-21,63],[23,25],[26,57],[50,-9],[33,27],[-25,88],[3,24],[68,103],[-26,38],[-34,12],[7,52],[26,15],[5,48],[85,45],[57,-3],[10,15]],[[39669,33448],[37,38],[58,-90],[24,-55],[39,20],[26,-20],[29,13],[8,48],[-23,37],[-19,86],[-62,-3],[-19,13],[-4,43],[67,56],[62,-7],[55,-55],[98,-22],[11,35],[-22,41],[-30,24],[22,57],[-22,60],[14,68],[42,-8],[7,-25],[56,-19],[15,-33],[-27,-49],[39,-40],[15,-43],[-9,-41],[-24,-27],[39,-32],[35,-48],[-22,-95],[24,-35],[44,-22],[44,30],[-17,56],[-40,81],[47,6],[38,-14],[8,46],[24,0],[37,-51],[29,-90],[32,20],[55,6],[31,30],[-3,-67],[11,-31],[63,17],[-12,92],[8,39],[61,26],[-18,92],[-19,18],[13,53],[34,-17],[13,-49],[29,-11],[-2,-52],[25,-138],[38,40],[47,5],[-8,50],[-29,9],[25,82],[7,70],[26,-13],[-4,-69],[11,-25],[43,44],[15,-58],[26,-12],[55,50],[19,-12],[55,11],[31,65],[-46,-6],[12,86],[-16,17],[6,72],[81,43],[36,-13],[12,23],[-90,113],[-44,41],[7,29],[92,10],[-45,51],[94,-13],[29,-15],[38,36],[-31,81],[46,43],[25,-58],[35,-27],[28,-61],[16,2],[26,-45],[37,-21],[5,-43],[29,-25],[67,60],[26,117],[10,82],[24,-42],[34,26],[-23,44],[43,74],[51,10],[40,44],[-1,40],[33,61],[11,48],[-46,52],[-136,251],[-101,-21],[-76,25],[27,124],[70,97],[71,159],[25,96],[38,86],[-11,145],[-27,35]],[[41631,35580],[1313,-257],[621,754],[33,-57],[73,-33],[69,-117],[42,-29],[42,-56],[36,-159],[34,-43],[8,-33],[30,-29],[44,24],[18,-35],[84,-58],[30,-30],[36,4],[88,-25],[56,62],[7,82],[20,-6],[59,34],[37,-79],[40,-13],[20,57],[26,5],[32,38],[28,-22],[5,-61],[26,-29],[41,52],[72,67],[37,-42],[33,47],[21,-18],[57,-86],[16,60],[-4,48],[15,28],[29,-27],[49,9],[61,67],[19,53],[-52,11],[0,137],[-36,42],[1,61],[-44,124],[15,42],[32,39],[13,-17],[92,-19],[25,-73],[68,10],[32,15],[28,43],[-18,124],[15,14],[-11,54],[-27,8],[61,96],[12,48],[-46,85],[-14,46],[-37,-33],[-55,16],[-17,103],[-25,7],[-45,96],[-67,60],[-16,84],[7,30],[-41,66],[6,58],[29,20],[6,31],[-33,62],[-3,62],[12,51],[62,6],[20,86],[-16,35],[-11,131],[-40,56],[-5,62],[-38,39],[-22,-1],[-42,122],[3,42],[-32,76],[9,48],[-3,72],[-40,41],[-47,28],[-31,76],[-37,126],[-26,59],[47,97],[37,105]],[[44689,38636],[22,13],[31,-20],[4,-32],[36,-10],[56,74],[77,-25],[65,38],[19,-15],[-13,-45],[31,-39],[62,-46],[76,-106],[-3,-33],[34,-12],[19,-67],[43,-45],[40,-6],[9,-36],[68,-2],[56,-21],[49,-74],[86,-80],[23,-42],[78,-30],[4,-103],[-7,-73],[-30,-99],[-7,-140],[-32,-110],[-6,-72],[-20,-55],[-58,-53],[-38,-9],[-26,-25],[17,-132],[11,-25],[-14,-47],[919,-383],[31,59],[51,29],[42,99],[39,54],[115,75],[14,-6],[79,14],[63,-27],[37,-2],[77,62],[24,-77],[40,-19],[36,19],[23,39],[65,30],[70,91],[71,-1],[25,26],[19,-16],[111,36],[78,58],[19,-31],[39,-19],[59,-5],[40,132],[44,36],[94,-9],[55,77],[30,4],[60,39],[42,73],[71,44],[32,-12],[46,39],[48,-39],[19,-35],[17,-93],[17,-21],[41,5],[50,-40],[48,-4],[17,-23],[94,-38],[45,16],[10,77],[15,42],[32,31],[40,16],[-23,123],[16,73],[31,23],[0,-90],[58,-110],[6,-32],[28,-1],[39,47],[30,-8],[41,-46],[17,65],[-20,74],[-58,73],[-11,33],[22,51],[28,14],[-28,46],[0,70],[33,4],[23,-35],[15,33],[-33,62],[-44,114],[15,40],[37,-22],[6,-76],[33,3],[60,-48],[35,47],[-11,85],[-35,75],[19,38],[53,-1],[1459,16],[-31,100],[-79,133],[30,37],[-8,44],[26,47],[-31,67],[-47,21],[34,31],[-44,59],[18,43],[-16,38],[7,44],[26,11],[1,64],[15,30],[-3,68],[-41,41],[-26,6],[-7,55],[22,15],[20,59],[38,76],[18,71]],[[50367,39354],[19,3],[21,50],[67,29],[31,27],[24,-20],[1,-40],[27,-45],[29,-1],[35,-42],[44,-83],[74,-82],[14,-37],[44,36],[-7,50],[-32,12],[-29,40],[-27,95],[8,55],[36,22],[-17,84],[-78,101],[-41,28],[-48,56],[-76,39],[-20,62],[24,59],[66,51],[90,1],[45,25],[52,-34],[17,29],[53,6],[18,-20],[24,45],[-16,39],[18,60],[-2,39],[36,27],[9,29],[-59,11],[-50,35],[-30,0],[-89,58],[-91,98],[-37,59],[15,37],[52,-8],[57,9],[45,-19],[53,-4],[51,-21],[40,1],[31,-20],[93,18],[26,-5],[-25,100],[1,93],[39,51],[-1,60],[24,60],[10,78],[-17,56],[-38,40],[-37,95],[24,160],[11,-23],[41,-147],[48,-80],[41,-26],[-15,-58],[15,-29],[43,-9],[88,67],[-3,60],[55,104],[23,66],[34,2],[-56,-101],[-11,-44],[5,-68],[-11,-63],[-49,-60],[-4,-40],[-81,-45],[-26,-111],[1,-80],[-8,-51],[9,-52],[-29,-53],[43,-18],[21,-42],[8,-50],[29,-45],[-3,-49],[-32,-70],[-25,-25],[-91,-60],[-55,-55],[-40,-81],[-33,-84],[-3,-50],[16,-137],[38,-72],[66,-47],[117,-17],[13,-46],[27,-6],[58,54],[28,3],[77,-25],[32,-35],[-13,-30],[-32,5],[-110,-20],[-65,-6],[1,-100],[16,-67],[29,-57],[60,-52],[25,-43],[34,-20],[23,-33],[70,-66],[-30,-62],[-39,-18],[-23,11],[-10,-47],[-31,-51],[-71,-73],[-15,-87],[1,-103],[-22,-27],[-39,31],[-3,-164],[61,10],[76,-132],[-1,-45],[27,-101],[-6,-51],[-29,-65],[-42,5],[-33,-20],[4,-34],[-49,-12],[-75,17],[-5,-26],[72,-128],[-17,-74],[86,-15],[69,-29],[114,-14],[34,25],[37,-12],[-10,-67],[-23,-58],[-15,-141],[-24,-32],[-47,8],[-18,-49],[30,-54],[-15,-45],[13,-47],[45,39],[57,-10],[60,23],[30,30],[44,-9],[80,-98],[93,-16],[13,-108],[23,-72],[-26,-70],[28,-66],[8,-53],[35,24],[31,-12],[37,42],[51,4],[44,-55],[26,-48],[103,22],[57,-21],[-104,-94],[-6,-94],[-88,13],[-42,-80],[-22,-24],[1,-131],[-27,-26],[-30,-74],[-15,-8],[-3,-57],[-30,-50],[0,-55],[-25,-20],[-28,62],[21,42],[-13,33],[-47,50],[-10,-46],[-32,-13],[-41,-69],[-43,-22],[43,-52],[37,-19],[49,-87],[14,-108],[19,-31],[21,-68],[83,42],[36,-15],[36,35],[17,73],[30,34],[23,-33],[65,-51],[15,-42],[168,-99],[24,16],[56,-51],[72,-84],[34,-63],[20,-66],[-71,17],[-48,53],[-50,21],[-77,11],[-94,33],[-46,-16],[-148,10],[-92,-23],[-41,-36],[-35,-66],[-29,-33],[8,-31],[44,9],[30,-18],[25,-38],[47,-5],[79,-144],[74,-45],[19,29],[53,-58],[-12,-41],[48,-68],[-102,7],[-31,-18],[-27,-42],[-27,-16],[-8,-61],[36,-110],[42,-88],[31,-35],[-5,-63],[-47,-80],[-26,-8],[-71,63],[-53,62],[-21,46],[-37,-63],[18,-23],[7,-110],[-54,-126],[33,-233],[-5,-45],[9,-63],[22,-13],[-22,-60],[17,-57],[-22,-24],[-24,33],[-13,60],[-30,34],[-43,85],[-10,41],[-32,-53],[42,-142],[-4,-39],[-78,20],[-15,27],[-41,19],[-28,45],[-45,-36],[-26,19],[-48,-53],[15,-16],[72,-20],[31,12],[25,-91],[111,-40],[23,-27],[-17,-47],[22,-19],[9,-53],[44,-21],[53,-97],[59,-43],[22,-43],[-14,-77],[-71,-83],[97,-23],[26,-57],[-28,-92],[22,-5],[50,50],[27,0],[7,112],[37,82],[24,23],[44,-23],[93,-120],[80,-45],[15,-76],[1,-108],[-24,-114],[35,-50],[-3,-57],[-20,-9],[-16,-101],[8,-24],[83,51],[17,32],[28,-46],[83,-67],[36,68],[-57,21],[11,57],[-35,-8],[-42,121],[12,55],[16,13],[3,73],[60,85],[39,8],[76,36],[12,52],[35,27],[38,10],[-16,-52],[-14,-124],[49,-123],[36,4],[2,-47],[-20,-63],[45,-46],[52,-11],[38,17],[70,2],[65,-41],[24,-3],[70,-40],[7,-42],[-58,28],[-71,-11],[-72,48],[-99,13],[-41,-107],[-12,-50],[19,-93],[19,-37],[58,-69],[-15,-69],[0,-49],[-15,-21],[-100,-38],[-37,-1],[-30,21],[-17,-17],[-125,26],[-39,-69],[-11,-37],[57,-48],[-34,-32],[-4,-89],[6,-37],[37,27],[29,-27],[16,23],[30,-34],[56,65],[27,-16],[41,50],[58,-24],[-28,-99],[-41,-13],[0,-40],[34,-32],[5,-33],[26,-11],[-6,-58],[12,-73],[-30,-51],[-72,19],[-8,21],[-64,-13],[-22,43],[-59,-147],[-35,-66],[-29,-8],[-32,28],[-9,-72],[-56,-69],[-46,-108],[43,32],[23,35],[92,44],[38,-22],[33,53],[34,3],[64,-67],[58,62],[20,-22],[-18,-132],[52,26],[59,-4],[2,-25],[65,12],[0,31],[39,44],[28,-53],[-28,-40],[-33,-127],[-34,0],[-14,-29],[2,-60],[-51,-76],[-72,-68],[-55,40],[-23,-56],[-1,-82],[-56,-91],[-26,-65],[29,-16],[128,140],[9,-97],[28,47],[23,72],[163,-29],[25,-16],[43,-83],[9,-96],[-2,-106],[-18,-17],[-3,-71],[27,-100],[37,81],[47,55],[21,10],[18,-67],[26,48],[-45,207],[14,153],[24,1],[38,-31],[35,12],[-29,91],[-10,58],[37,47],[38,-23],[34,14],[52,-69],[40,7],[38,-95],[6,-62],[-18,-52],[-47,-54],[-6,-52],[53,28],[35,-12],[43,-45],[11,-47],[-8,-117],[-44,-44],[16,-23],[-61,-52],[-19,2],[-35,74],[-6,-140],[16,-49],[-28,-47],[-38,-7],[-5,-36],[-41,-95],[-46,-28],[-8,-76],[-68,-81],[-91,-34],[-14,27],[-40,-2],[-46,60],[-134,-57]],[[52821,29533],[-33,-16],[-62,-72],[-72,-65],[-30,-5],[-39,-50],[-30,37],[-24,4],[-11,44],[-34,33],[-34,56],[-25,6],[-48,67],[-24,81],[-48,21],[-84,-59],[15,-37],[-23,-91],[-30,-21],[-113,-3],[-26,28],[-53,-28],[-24,-62],[-24,-9],[-22,-47],[-37,-41],[-32,52],[-23,85],[-79,120],[-2,55],[-14,64],[-29,24],[-33,-22],[-29,18],[-48,-31],[18,-50],[-26,-38],[36,-21],[-14,-28],[-38,47],[-37,21],[-58,53],[8,120],[-44,66],[-83,3],[12,-49],[30,-43],[-3,-44],[-48,24],[-23,-36],[4,-95],[-67,8],[-6,49],[-106,68],[-42,-32],[11,-35],[-19,-31],[-38,49],[-85,-39],[-57,-44],[-20,-2],[-60,-42],[-23,10],[-72,-23],[-29,60],[-41,-23],[-28,46],[-47,-41],[-29,3],[-79,-39],[-37,-59],[-29,6],[1,63],[-12,74],[-38,66],[-33,-9],[1,39],[-28,87],[-22,37],[-20,-7],[-3,-54],[-20,-39],[39,-22],[-3,-34],[-44,-2],[-18,-24],[-24,22],[-49,-35],[-11,-41],[-44,-9],[-56,34],[-41,-55],[-26,11],[4,164],[-18,64],[-34,12],[-86,-96],[-32,20],[-54,71],[-15,126],[-28,25],[-40,1],[-42,35],[-10,56],[-40,-5],[16,-50],[-12,-31],[-27,3],[-6,-60],[-24,1],[-39,33],[-55,-24],[-18,-49],[-88,-11],[-47,-28],[1,-111],[20,-30],[-31,-104],[-1,-31],[69,-33],[30,-74],[11,-120],[28,-20],[28,-53],[41,1],[18,-20],[69,-35],[9,18],[51,1],[103,-78],[30,-73],[26,-29],[11,-52],[-12,-51],[-1,-65],[15,-72],[17,-28],[-5,-63],[-66,-29],[-46,-4],[-88,-52],[22,-69],[49,-199],[-11,-17],[106,-91],[19,-31],[47,-34],[85,-3],[19,18],[66,11],[41,-27],[6,-49],[43,-69],[4,-87],[33,-51],[87,6],[62,-41],[5,-134],[28,-39],[28,-4],[18,-33],[74,12],[31,18],[39,-29],[34,4],[46,-16],[63,18],[34,37],[91,45],[18,-35],[8,-109],[24,-50],[-8,-58],[13,-41],[-3,-71],[-26,-26],[2,-44],[-29,-29],[-38,-84],[20,-89],[-17,-42],[20,-68],[21,-25],[-47,-104],[22,-36],[12,-106],[-25,-12],[-42,-116],[16,-50],[-23,-35],[-10,-61],[-23,-22],[6,-42],[-30,-43],[-13,-43],[-42,-51],[-12,-97],[-30,-36],[-15,-64],[-33,-29],[-14,28],[-29,-11],[-18,-39],[12,-39],[-19,-20],[-3,-50],[11,-84],[34,-27],[-21,-59],[-30,1],[-41,-76],[-53,42],[-9,57],[-73,26],[-40,48],[-23,8],[-46,-22],[10,80],[-32,-18],[-23,-52],[-56,-47],[5,74],[-23,10],[-5,71],[-21,5],[-38,43],[-21,-39],[-34,22],[-46,-57],[-49,-92],[-47,-40],[-43,60],[-14,41],[-45,-25],[-11,-49],[-43,-35],[-29,30],[-37,70],[-35,-17],[-26,35],[-90,-1],[-17,-43],[-30,38],[-26,-3],[7,-92],[-36,-7],[-40,88],[-25,12],[-16,-37],[31,-49],[2,-34],[25,-41],[-105,-60],[-31,-52],[-15,-63],[-53,77],[-40,33],[-7,65],[-18,41],[-21,85],[-49,19],[-11,67],[-81,20],[-48,-44],[-23,-125],[-60,-52],[-29,-59],[10,-17],[53,23],[21,-49],[-16,-85],[5,-52]],[[20868,49800],[-11,-45],[-40,-36],[-3,-39],[38,-2],[59,-46],[4,-50],[55,-66],[-69,-27],[-64,33],[-29,-46],[3,-58],[24,-37],[-9,-58],[-41,-27],[-18,-62],[-69,9],[-2,-39],[46,-22],[1,-27],[49,-4],[-7,-49],[-22,-44],[-38,10],[-71,-18],[16,-121],[-31,1],[-19,32],[-62,20],[-27,-5],[13,-53],[-29,-62],[0,-119],[-30,14],[1,40],[-25,26],[-19,-36],[-57,-44],[-8,27],[-44,-14],[-49,31],[-30,-45],[-12,-46],[-26,-44],[-33,-1],[-36,46],[-74,24],[-19,-16],[1,-45],[-59,9],[-13,-28],[32,-62],[27,-25],[-18,-38],[2,-53],[-10,-72],[72,-33],[24,17],[16,-36],[1,-58],[-24,-19],[-32,3],[-9,-46],[-43,41],[-27,-23],[-61,14],[-39,-16],[8,-71],[-13,-35],[-48,5],[-51,-41],[-3,-43],[-35,-44],[-50,7],[-29,38],[-15,-21],[49,-81],[-3,-24],[32,-29],[-76,-69],[-49,-12],[-40,-43],[-17,-83],[-17,-39],[-55,52],[-23,2],[-13,-42],[35,-42],[-34,-134],[-30,-36],[6,-37],[85,-3],[16,-119],[-34,-1],[-26,29],[-45,-3],[-8,-60],[-37,-60],[-21,-10],[-56,16],[-20,-27],[-30,21],[-41,-53],[-41,8],[-32,55],[-41,-23],[-20,-53],[65,-60],[37,24],[25,-24],[9,-55],[-30,-45],[5,-23],[-36,-61],[27,-115],[-92,-52],[-21,23],[-27,-41],[25,-43],[25,0],[17,-56],[-9,-30],[-55,-4],[-3,-87],[38,14],[26,-85],[58,-44],[-23,-45],[15,-42],[-14,-36],[55,-19],[42,12],[51,35],[6,-52],[38,-1],[15,-54],[-8,-42],[-49,2],[-17,-60],[21,-62],[62,2],[33,17],[7,-62],[-63,-11],[-5,-74],[-17,-29]],[[19305,45845],[-27,-11],[-221,-44],[-18,-30],[-43,16],[-259,-59],[-186,-37],[-50,-123],[-121,-113],[-8,24],[12,53],[-257,169],[-29,-76],[-207,-41],[37,43],[-54,71],[-210,-71],[-14,14],[-9,151],[13,140],[21,65],[-3,32],[19,78],[5,117],[-27,96],[-5,106],[27,177],[-10,108],[-38,44],[-22,-2],[-27,54],[23,79],[8,65],[-6,41]],[[17619,46981],[1,28],[26,54],[-5,40],[49,126],[66,75],[26,44],[-8,94],[16,59],[-37,115],[-38,26],[-2,37],[25,32],[25,94],[49,-2],[35,24],[22,36],[2,126],[7,89],[-29,58],[-55,8],[2,74],[-33,26],[2,54],[37,37],[6,43],[-24,60],[14,24],[63,-28],[43,37],[-17,177],[51,-13],[-9,84],[11,28],[101,30],[59,-43],[-39,-82],[29,-9],[35,32],[15,82],[58,-13],[19,32],[-15,37],[35,71],[-84,8],[-57,32],[-29,29],[49,25],[17,39],[-21,61],[-5,70],[-42,38],[-15,41],[0,45]],[[18050,49272],[499,-293],[46,54],[17,50],[69,33],[45,48],[1,54],[15,34],[39,18],[25,29],[-6,65],[15,74],[56,-21],[60,48],[-48,57],[34,137],[-2,35],[-27,106],[15,43],[56,4],[48,87],[-14,73],[22,36],[45,-18],[63,54],[-15,48],[8,26],[-49,18],[-18,32],[31,37],[22,-2],[2,95],[25,1],[24,45],[24,18],[29,62],[44,37],[-7,53],[13,59],[34,71],[-71,106],[43,36],[-28,115],[43,60],[65,-20],[54,92],[25,15],[4,-57],[24,-64],[1,-60],[15,-75],[34,-76],[136,-83],[-14,-23],[67,-151],[26,-11],[7,-36],[63,-7],[3,45],[49,-4],[29,38],[12,48],[35,7],[23,-24],[42,85],[71,-8],[22,30],[22,60],[34,29],[64,-58],[63,-89],[24,-113],[70,-63],[99,-114],[-12,-40],[-34,-35],[-37,-125],[194,-117],[-41,-3],[-31,-45],[-9,-61],[85,-43],[103,26],[51,0],[70,17],[46,-33],[37,-50]],[[20382,56637],[29,-14],[74,19],[86,-29],[43,1],[75,41],[29,38],[42,102],[32,47],[19,5],[41,-32],[34,-79],[39,-146],[76,-172],[48,-81],[68,-84],[33,-28],[60,20],[52,114],[35,106],[22,34],[55,52],[85,16],[70,-40],[21,-37],[36,-108],[33,-216],[19,-38],[46,-41],[53,-9],[87,-44],[60,4],[127,-21],[27,-30],[13,-47],[14,-103],[40,-110],[11,-75],[13,-145],[6,-229]],[[22135,55278],[10,-111],[19,-108],[69,-234],[15,-78],[-5,-65],[-23,-47],[-39,-50],[-84,-82],[-79,-111],[-29,-85],[8,-78],[14,-46],[55,-131],[21,-79],[17,-207],[-2,-114],[-16,-115],[-12,-150],[1,-191],[-9,-173],[-10,-89],[-39,-148],[-74,-178],[-26,-38],[-78,-56],[-48,-76],[1,-75],[28,-51],[22,-12]],[[21842,52300],[1,-93],[27,-36],[45,-16],[7,-19],[-30,-63],[-39,-21],[-53,0],[49,58],[-24,19],[-46,-27],[-35,72],[-21,-66],[-44,-75],[20,-83],[-100,-32],[-45,-2],[-2,52],[-23,51],[-25,-63],[14,-77],[-51,-4],[-15,75],[-54,-27],[8,-69],[-6,-54],[10,-61],[-14,-52],[21,-25],[17,60],[48,26],[13,-106],[30,-86],[-28,-20],[-27,40],[-56,40],[-50,4],[-14,31],[-27,-36],[-26,14],[-21,-42],[46,-40],[-5,-39],[-28,4],[-27,-32],[3,-138],[-72,-43],[-5,-89],[-69,-38],[1,-77],[-30,-46],[-1,-62],[-30,-49],[45,-76],[45,-15],[-35,-124],[-16,-23],[-40,38],[-69,39],[-33,1],[-2,-75],[36,-159],[17,-12],[10,-83],[46,4],[27,-49],[17,-124],[21,5],[23,-35],[48,-40],[-14,-48],[-47,35],[-36,-53],[-17,-55],[60,-85],[-34,-31],[-37,34],[-56,-13],[-51,1],[-18,-21],[17,-75],[1,-53],[49,-56],[-70,-41],[-34,20],[-14,30],[-30,1]],[[18050,49272],[20,15],[-5,64],[16,46],[34,54],[-6,26],[-66,49],[-22,32],[-5,66],[66,61],[-27,49],[-56,-25],[-15,24],[-62,40],[5,45],[22,18],[37,80],[1,50],[-42,-2],[-30,-26],[-18,41],[26,38],[-25,63],[66,56],[8,-29],[56,8],[31,135],[-49,23],[-49,8],[27,62],[-12,74],[27,23],[30,-17],[30,11],[17,31],[-9,89],[-68,48],[4,37],[28,51],[52,44],[-19,63],[3,43],[-38,35],[33,92],[-20,28],[-57,-21],[-66,7],[-11,28]],[[17912,51009],[-8,94],[-46,50],[41,73],[33,21],[28,64],[60,-45],[12,24],[4,81],[-48,69],[-24,59],[-58,-57],[-29,3],[-26,39],[23,24],[9,81],[-12,26],[36,46],[-30,22],[-12,46],[-32,-28],[-68,43],[25,24],[7,55],[34,34]],[[17831,51857],[549,-44],[354,-26],[323,-15],[152,-4],[25,-12],[47,20],[62,79],[-12,49],[-29,-1],[11,65],[-3,94],[34,68],[-18,61],[-30,-7],[-25,-31],[-36,57],[62,90],[69,65],[-8,38],[25,38],[-81,95],[26,124],[-31,26],[-29,-7],[-33,28],[-18,46]],[[19217,52753],[18,41],[-11,45],[1,66],[31,-19],[44,1],[46,-36],[-22,91],[-37,19],[-18,61],[68,-44],[28,11],[64,-15],[58,60],[-1,68],[-22,65],[9,57],[35,-14],[26,-79],[53,-4],[75,13],[40,27],[7,50],[23,34],[-42,48],[20,104],[-18,43],[109,68],[11,44],[-49,15],[-13,105],[-17,-9],[-8,-61],[-53,70],[13,71],[21,44],[48,12],[4,22],[-63,30],[-3,66],[25,64],[31,44],[-44,45],[9,55],[41,5],[16,-38],[39,11],[34,-29],[33,45],[-1,54],[-44,7],[-17,28],[-46,16],[4,25],[-22,52],[25,26],[68,-51],[-2,32],[50,18],[31,27],[-31,51],[-39,5],[-15,-50],[-26,34],[-6,37],[-76,6],[15,33]],[[82392,29632],[-69,118],[-39,183],[-97,221],[-10,112],[-62,247],[8,15],[-2,84],[64,100],[13,31],[-5,132],[19,89],[-18,101],[49,114],[6,114],[21,167],[-5,115]],[[82265,31575],[33,12],[159,-91],[215,19],[59,12],[65,25],[100,24],[111,34],[51,2],[88,109],[24,38],[31,0],[118,43],[58,63]],[[83377,31865],[34,-45],[62,-35],[53,-84],[35,-9],[28,-65],[33,-158],[-6,-25]],[[83616,31444],[-50,-80],[-36,-39],[17,-136],[-10,-64],[14,-20],[-9,-50],[-27,-34],[-1,-82],[19,-62],[-29,-54],[5,-31],[-34,-35],[-2,-125],[-32,-62],[7,-84],[-24,-42],[17,-32],[-5,-49],[-53,-39],[-16,-67],[-19,-29],[-64,7],[-30,56],[-61,39],[-70,-41],[-51,3],[-16,15],[-28,-30],[-31,16],[-50,-20],[-35,14],[-39,-20],[-33,3],[-207,-168],[-23,-26],[-64,-201],[-17,-29]],[[72929,27680],[-46,-75],[-17,-11],[-39,41],[-54,30],[6,50],[-14,60],[-59,46],[-26,43],[-20,-1],[-112,-133],[-45,-35],[-51,24],[-40,99],[-33,-30],[-6,-72],[-31,-19],[-60,-73],[-13,11],[-11,122],[-26,90],[-28,14],[-68,-12],[-118,-5],[-33,38],[-57,37],[-43,-46],[-31,-70],[-21,-24],[-41,-13],[-12,32],[2,71],[-27,-6],[-24,-42],[-12,-78],[-28,-78],[105,-46],[51,-15],[72,-122],[4,-105],[-8,-43],[-36,-66],[-47,-34],[-38,-14],[-29,-59],[-42,18],[-18,-57],[-19,-17],[-35,8],[-27,32],[-64,31],[53,109],[21,73],[-9,24],[-60,33],[-15,-6],[-72,-82],[-34,-49],[-29,-13],[-32,22],[20,163],[-10,53],[-33,89],[-16,15],[-54,-6],[-17,-59],[-1,-54],[-39,-46],[8,-37],[56,-27],[-5,-66],[-30,-48],[17,-41],[40,-9],[29,17],[21,-20],[0,-49],[-39,-38],[-22,48],[-21,-45],[43,-25],[42,-66],[40,-10],[-2,55],[31,-3],[19,-53],[3,-77],[-34,-110],[-26,-39],[-55,-18],[-1,-48],[34,-66],[-28,-35],[-73,-49],[-55,8],[-25,-9],[-15,-42],[-47,-14],[3,48],[-24,24],[-26,-29],[-11,-56],[-28,43],[24,51],[-39,7],[-27,-38],[-13,-83],[-31,-65],[15,-49],[-42,-8],[-23,38],[-21,-32],[25,-40],[-20,-25],[-59,35],[-56,77],[-39,70],[-46,17],[-28,36],[-23,-36],[16,-29],[38,-28],[-11,-43],[-24,-11],[-45,42],[-50,-24],[-12,-40],[-35,20],[-131,-12],[-17,11],[-46,80],[55,184],[-16,44],[-32,3],[-97,-126]],[[70242,26582],[-38,55],[-6,46],[-36,58],[27,54],[-35,47],[-7,42],[37,108],[4,72],[16,53],[16,94],[-8,154],[-23,-11],[-10,77],[12,52],[42,-4],[12,39],[44,1],[4,132],[16,60],[24,40],[-26,40],[33,31],[22,94],[32,27],[20,41],[-12,42],[14,54],[17,2],[15,112],[25,99],[-4,47],[17,27],[-3,52],[57,44],[2,54],[40,92],[36,50],[-15,74],[20,47],[23,12],[34,-16],[40,24],[39,-3],[31,17],[110,21],[118,-28],[45,78],[-8,97],[16,96],[32,21],[-6,39],[8,155],[21,21],[26,71],[2,33],[26,74],[4,56],[29,7],[26,91],[19,91],[-6,59],[20,45],[-1,56],[22,29],[8,43],[49,51],[28,66],[23,5],[0,93],[27,10],[85,65],[20,37],[27,1],[34,-108],[-3,-40],[28,-40],[7,-87],[-13,-17],[11,-90],[21,-9],[7,-57],[-14,-58],[16,-170],[28,-13],[50,-72],[21,12],[44,-37],[95,-125],[30,-9],[22,-57],[53,-76],[-2,-51],[13,-64],[55,-70],[63,-18],[40,16],[34,43],[28,118],[46,130],[49,122],[40,63],[211,67],[28,5],[308,-3],[84,36],[347,60],[78,-19],[37,3],[77,40],[33,36]],[[27795,27380],[-92,7],[-47,-21],[-38,-45],[-32,-144],[19,-169],[6,-153],[-25,-120],[-41,-128],[-46,-109],[-59,-58],[-57,-20],[-64,22],[-80,61],[-31,57],[-57,146],[-33,148],[-31,51],[-45,36],[-115,-3],[-40,-31],[-38,-77],[-87,-197],[-50,-165]],[[26712,26468],[-33,-85],[-50,-77],[-42,-42],[-71,1],[-90,34],[-65,82],[-75,114],[-143,346],[-32,146],[-12,104],[-26,122],[-4,107],[-69,95],[-45,25],[-56,-12],[-149,-8],[-113,13],[-107,45],[-52,36],[-54,52],[-93,67],[-61,12],[-73,-4],[-51,-47],[-39,-69],[-25,-99],[-41,-104],[-28,-47],[-44,-34],[-64,1],[-114,88],[-169,162],[-39,68],[-7,56],[39,118],[54,141],[22,104],[4,67],[-52,86],[-71,21],[-47,-5],[-114,-64],[-93,-30],[-42,-21],[-82,-4],[-41,-39],[-117,-79],[-67,-174],[-8,-73],[-1,-88],[8,-115],[1,-96],[-14,-81],[-20,-65],[-42,-45],[-68,-37],[-56,8],[-59,25],[-124,92],[-72,111],[-41,37]],[[23473,27410],[-30,25],[-35,116],[-29,352],[-5,195],[-21,76],[-38,71],[-61,57],[-64,25],[-60,0],[-76,-76],[-81,-247],[-46,-252],[-43,-110],[-79,-128],[-73,-79],[-86,-34],[-72,47],[-76,69],[-32,103],[-16,105],[-7,98],[11,97],[2,106],[-38,390],[-13,110],[-21,98]],[[22384,28624],[70,46],[97,15],[70,64],[22,47],[-7,39],[-23,21],[-47,15],[-96,-42],[-44,4],[-37,20],[-50,51],[-40,61],[-46,42],[-4,44],[76,36],[57,54],[133,34],[50,25],[51,40],[9,23],[-10,73],[-69,99],[-19,104],[1,100],[41,90],[31,38],[28,-1],[28,-44],[13,-116],[89,-71],[36,-90],[60,7],[19,41],[-25,125],[-29,46],[-91,73],[-37,57],[-7,40],[29,4],[88,-76],[26,8],[2,59],[-10,86],[0,70],[14,83],[24,74],[24,32],[71,-3],[25,21],[11,62],[-1,61],[58,70],[11,47],[-11,28],[-33,-15],[-63,-70],[-3,-43],[-28,-62],[-43,-19],[-37,10],[-50,42],[-74,26],[-17,49],[97,46],[25,22],[9,41],[-3,76],[32,92],[-23,54],[-29,16],[-38,-15],[-47,7],[-78,48],[-33,76],[26,108],[53,39],[35,-49],[19,-64],[9,-95],[38,11],[39,80],[55,54],[21,72],[-16,72],[-79,83],[-14,41],[4,39],[86,76],[31,43],[62,60],[1,54],[-37,123],[5,41],[28,57],[8,48],[23,58],[62,62],[56,-12],[15,-21],[14,-65],[47,-94],[19,-20],[53,17],[21,31],[-15,97],[0,58],[31,82],[26,103],[-22,30],[-49,22],[-69,-31],[-29,4],[-40,55],[11,41],[43,4],[41,21],[71,129],[17,18],[14,68],[-21,57]],[[23302,32448],[30,41],[42,-44],[16,-47],[-45,-89],[-18,-66],[9,-18],[66,-25],[41,-69],[4,-41],[44,15],[9,45],[-9,92],[-51,75],[-6,30],[54,80],[58,30],[47,-12],[15,-87],[21,-61],[24,-38],[23,8],[14,53],[11,104],[12,13],[62,-6],[8,41],[-51,54],[10,134],[-22,37],[-18,120],[41,37],[66,-90],[15,-2],[36,70],[43,38],[108,4],[10,31],[-27,35],[-8,41],[14,28],[62,39]],[[25820,34222],[-13,-64],[48,-46],[-6,-26],[-34,-4],[2,-34],[-27,-53],[-2,-64],[14,-38],[47,-49],[11,-90],[28,-58],[19,-77],[15,-16],[61,29],[18,-28],[14,-132],[10,-25],[74,-53],[37,-14],[59,-70],[68,-56],[34,-1],[13,-39],[34,-42],[20,-105],[12,-28],[56,10],[22,-49],[21,-10],[36,18],[13,-22],[-14,-45],[-13,-99],[59,-36],[44,-45],[26,41],[22,9],[21,-30],[-9,-40],[47,-102],[89,-43],[87,-28],[27,-35],[-5,-86],[-15,-78],[-33,-32],[-11,-48],[60,-136],[42,-19],[8,-41],[-28,-39],[17,-120],[-13,-34],[0,-86],[-22,-96],[21,-15],[-3,-80],[22,-71],[-24,-54],[-5,-50],[-65,-10],[-15,-82],[-29,15],[-16,-30],[-92,-41],[-5,86],[-42,-5],[9,-36],[-33,-103],[-3,-60],[49,-52],[10,-45],[-6,-108],[5,-528],[24,-13],[175,-41],[480,-125],[5,-88],[26,-97],[39,-40],[47,6],[84,-79],[31,-41],[18,-80],[90,-151],[61,-65],[-15,-67],[18,-24],[-15,-56],[35,-41],[-4,-44],[78,-115],[6,-54],[-15,-155],[9,-33]],[[83616,31444],[100,102],[77,52],[29,48],[65,29],[73,-37],[86,-5],[47,-29],[70,-66],[54,-35],[37,-41],[48,-26],[59,0],[38,-60],[46,-31],[50,15],[35,-23],[38,-43],[28,-52],[33,-90],[31,-21],[-38,-201],[70,-73],[30,11],[40,-19],[18,-62],[39,-14],[23,-35],[35,-101],[4,-52],[25,-62],[52,-65],[128,-99],[44,5],[57,-34],[519,1],[44,-38]],[[85750,30293],[-8,-39],[10,-138],[28,-16],[32,-42],[51,-30],[-68,-61],[49,-36],[17,-28],[54,-47],[52,-91],[37,-107],[65,-36],[-35,-42],[-17,-68],[-55,-48],[3,-77],[-58,19],[-57,-35],[6,-47],[-37,-43],[14,-57],[-49,-33],[-39,-54],[-7,-117],[-24,-38],[6,-35],[-36,-83],[-36,-43],[-44,-25],[-27,-37],[30,-21],[41,-54],[7,-60],[-35,-61],[-8,-56],[48,-82]],[[95610,29137],[-833,1140],[-357,487],[-469,623],[-171,264],[-55,72],[-93,183],[-32,23],[-87,-17],[-35,-43],[-59,-110],[-25,-59],[-13,-63],[-33,-81],[-46,5],[-59,23],[-30,1],[-45,-20],[-44,3],[-51,-61],[-25,30],[-14,44],[-51,-13],[-6,-28],[-86,-35],[-61,4],[-67,30],[-84,-15],[-36,46],[-23,-6],[-48,48],[19,94],[-22,92],[1,40],[-59,100],[-29,-3],[-93,-53],[-59,9],[-22,-20],[-69,16],[-56,-33],[-39,-50],[-44,-30],[-36,-49],[-24,-1],[-39,-56],[-47,-90],[-39,-19]],[[91915,31559],[-21,2],[-78,60],[-37,54],[-34,10],[-9,76],[-25,77],[17,47],[-2,35],[-30,68],[2,57],[-21,65],[-27,30],[14,60],[15,15],[-15,73],[-52,73],[-5,59],[-25,55],[-156,-29],[-42,40],[-74,21],[-67,-10],[1,69],[18,165],[27,29],[25,1],[33,38],[35,64],[-2,83],[-41,141],[9,36],[39,30],[5,83],[14,78],[42,25],[19,36],[39,-3],[5,32],[32,32],[10,33],[6,84],[-13,133],[20,35],[25,9],[21,88],[-40,36],[1,32],[-46,36],[-58,115],[-26,27],[-63,-87],[-28,-5],[-98,-90],[-23,-12],[-65,-63],[-30,19],[-11,30],[-48,36],[-73,-2],[-21,15],[-31,-24],[-35,34],[-47,14],[-38,-16],[-32,16],[21,48],[52,79],[25,72],[1,65],[49,121],[16,11],[-4,66],[-22,95],[-35,90],[-4,47],[-29,7],[-2,149],[-25,32],[-39,91],[13,81],[28,50],[-30,38],[-57,21],[-35,-9],[-48,48],[41,17],[39,75],[5,55],[-34,56],[-49,58],[-15,59],[30,13],[-2,64],[49,3],[-3,24],[21,59],[12,115],[-54,50],[-23,46],[-7,57],[8,137],[-4,49],[68,88],[15,109],[25,4],[25,63],[40,58],[9,127],[-48,32],[-31,-39],[-52,-38],[-29,67],[-39,54],[-22,-7],[-53,26],[-48,2],[6,37],[-13,46],[-28,9],[-17,33],[-30,16],[-41,-12],[-22,-34],[-49,12],[-37,25],[39,72],[10,86],[67,75],[17,153],[23,50],[50,38],[-47,43],[11,38],[-7,40],[31,90],[-13,38],[14,30],[53,55],[50,162],[-20,55]],[[90596,37771],[28,48],[-13,68],[19,30],[-22,52],[3,108],[43,5],[-13,150],[25,41],[63,53],[65,-34],[38,19],[29,61],[92,-46],[26,3],[74,110],[6,84],[-9,43],[38,46],[-4,32],[60,0],[25,38],[26,6],[37,61],[43,2],[56,-53],[26,43],[109,43],[60,54],[54,27],[41,6],[74,-32],[14,-18],[24,-86],[25,-36],[47,-35],[23,-74],[20,-37],[8,-175],[-5,-40],[78,-33],[42,-1],[78,-18],[40,33],[8,27],[60,-13],[26,19],[19,-21],[35,-1],[31,22],[45,68],[38,42]],[[92351,38462],[12,65],[16,32],[0,44],[47,54],[35,23],[-25,68],[11,33],[39,31],[-27,29],[-7,44],[30,8],[15,-31],[52,-21],[51,-2],[20,19],[-15,39],[8,111],[55,138],[-48,58],[-5,21],[53,26],[71,93],[18,77],[31,48],[77,22],[14,55],[32,60],[54,24],[26,-30],[30,-4],[20,35],[-63,154],[11,120],[65,40],[53,118],[-18,87],[65,202],[9,101],[-4,79],[-26,128],[-35,96],[-37,47],[-11,78],[-35,48],[-18,90],[24,33],[6,82],[28,23],[27,54],[5,114],[35,35],[-11,75],[27,38],[5,57],[96,30],[59,-29],[31,43],[92,3],[25,-11],[48,7],[36,160],[-13,24],[14,72],[40,10],[11,83],[-28,30],[1,70],[34,67],[28,15],[19,59],[26,9],[17,45],[67,7],[17,20],[-5,45],[38,51],[21,-13],[58,17],[37,38],[11,30],[40,26],[32,55],[74,48],[88,-48],[8,-21],[-72,-70],[-5,-85],[-23,-40],[0,-143],[89,-109],[33,-27],[77,18],[42,111],[45,-24],[24,-47],[36,23],[32,81],[-10,64],[39,34],[33,88],[29,118],[-4,53],[42,16],[18,26],[-14,38],[21,34],[4,39],[-25,87],[58,44],[-12,54],[3,59],[-7,84],[32,-8],[12,27],[69,12],[24,21],[43,-7],[34,19],[13,77],[71,5],[-15,90],[39,28],[-22,93],[20,67],[-30,72],[-14,97],[-45,34],[-45,0],[-10,48],[-52,99],[39,57],[-31,73],[-65,-16],[-2,140],[28,2],[128,55],[81,41],[17,30],[-29,52],[-1,27],[54,37],[26,-30],[36,31],[31,-7],[88,-101],[122,47],[19,23],[46,4],[22,-39],[36,29],[21,-11],[54,14],[36,-88],[40,-162],[0,-77],[25,-54],[135,8],[35,-3],[22,-27],[60,-28],[12,-41],[54,-21],[43,13],[21,-18],[104,-27],[71,-60],[36,48],[29,19],[26,-37],[93,-1],[97,73],[19,-75],[32,-19],[5,-37],[52,-26],[-7,-82],[-19,-39],[-30,-9],[-40,-34],[-46,-5],[-14,-28],[22,-84],[18,-24],[6,-97],[-10,-45],[21,-60],[0,-42],[40,-25],[21,-76],[58,51],[51,10],[8,61],[14,16],[55,5],[38,52],[27,89],[93,-10],[38,-64],[45,-15],[40,-57],[42,14],[9,-30],[59,-13],[49,61],[51,21],[4,-52],[23,-62],[19,-21],[10,-50],[-40,-47],[12,-168],[-50,-33],[-37,-62],[-34,-23],[-29,-53],[-25,-14],[-9,-51],[2,-74],[41,-114],[30,-35],[-6,-64],[29,-18],[-13,-50],[7,-37],[60,-40],[14,-60],[-7,-42],[26,-38],[2,-39],[-45,-39],[-67,-24],[-14,-52],[-29,-5],[-15,-103],[-16,-36],[-23,-4],[-55,-98],[27,-58],[39,-50],[6,-32],[-34,-74],[-62,-81],[-28,1],[5,-50],[-35,-22],[-12,-51],[-67,9],[-18,-42],[62,-86],[-20,-59],[43,-81],[22,24],[33,-18],[-12,-70],[-31,-57],[-4,-35],[35,-3],[15,-53],[51,68],[51,-41],[-58,-88],[-41,-41],[-48,-82],[27,-24],[20,-85],[45,0],[40,-18],[47,-72],[43,-17],[62,-81],[41,58],[33,-20],[1,-78],[9,-48],[-14,-50],[-28,-54],[-42,-12],[-21,-36],[-7,-188],[39,-228],[28,-33],[-15,-120],[-40,-38],[-13,-42],[9,-73],[34,-61],[-26,-27],[-19,-75],[57,-21],[37,-40],[-11,-36],[-33,-29],[9,-61],[65,-85],[46,-70],[28,-80],[-25,-57],[33,-89],[27,-32],[29,-10],[66,-85],[4,-65],[-14,-48],[27,-99],[43,-11],[34,-99],[1,-94],[38,-70],[46,-30],[27,-36],[-12,-69],[21,-67],[50,-9],[30,-73],[22,-17],[18,-48],[27,-29],[55,-32],[51,-51],[43,2],[20,39],[42,8],[-28,-158],[-23,-9],[-47,-101],[-65,-3],[-21,-35],[4,-67],[26,-104],[-9,-72],[-63,-108],[-26,-15],[-22,-59],[-13,-64],[-56,-57],[16,-75],[-20,-28],[-46,-16],[-52,-59],[-57,9],[-55,-67],[-6,-51],[42,-137],[14,-19],[50,-19],[3,-48],[22,-45],[23,-9],[-14,-48],[-27,-34],[79,-77],[6,71],[42,25],[46,-50],[60,-30],[76,39],[59,-39],[12,-72],[44,-100],[30,-10],[52,-192],[36,-96],[29,-36],[80,-54],[48,-17],[34,7],[21,-59],[71,-87],[7,-22],[46,-1],[26,14],[10,-39],[34,-31],[8,-51],[58,-39],[63,-77],[10,-26],[85,55],[45,81],[16,49],[70,-13],[13,45],[21,16],[39,-8],[45,31],[40,-72],[28,16],[19,51],[27,23],[24,-20],[-2,-71],[11,-55],[51,67],[41,38],[57,16],[105,13],[31,-15],[30,9],[54,41],[2,67],[23,75],[-38,45],[-10,58],[42,42],[-18,67],[0,96],[31,27],[28,-78],[84,-108],[44,-17],[20,38],[-1,72],[22,41],[38,34],[69,24],[76,-14],[60,-46],[4,-44],[-43,-68],[1,-47],[41,-53],[47,-28],[4,-19],[-27,-69],[-41,-76],[-43,-63],[-78,-64],[-112,-75],[-85,-100],[-53,-85],[-32,-98],[-38,-155],[-35,-64],[-75,-57],[-107,-56],[-101,-92],[-66,-83],[-63,-122],[-63,-143],[-106,-299],[-71,-115],[-18,-58],[2,-68],[14,-47],[-44,-45],[-96,-137],[-142,-195],[-118,-155],[-204,-316],[-109,-179],[-109,-195],[-118,-231],[-135,-278],[-69,-164],[-104,-230],[-73,-170],[-32,-101],[-92,-228],[-12,-61],[-41,-141],[-59,-165],[-54,-243],[4,-55],[-14,-13],[-40,-99],[-69,-129],[-102,-72],[-133,-47],[-301,65],[-51,-74],[-172,-147],[-116,-128],[-128,-134],[-72,-48],[-54,-20],[-98,11],[-57,23],[-69,47],[-108,-170]],[[31136,30609],[7,61],[33,74],[82,-29],[18,32],[34,-3],[8,-39],[48,5],[0,53],[-47,128],[-2,57],[67,-2],[41,69],[-2,25],[-37,34],[-20,44],[113,85],[-9,60],[106,73],[-8,77],[34,-1],[19,70],[23,8],[34,-20],[-3,94],[-71,36],[2,55],[36,4],[31,-40],[52,5],[10,60],[-24,50],[-9,61],[70,10],[-25,73],[34,13],[11,137],[-58,-3],[22,91],[41,20],[-16,75],[-46,57],[16,40],[-40,48],[6,16],[50,-16],[15,70],[34,-59],[-3,-47],[39,1],[17,43],[30,36],[9,37],[-9,87],[10,50],[-45,32],[22,32],[7,67],[37,24],[18,52],[25,27],[-33,28],[19,51],[-15,35],[32,30],[15,55],[-3,37],[53,-38],[57,70],[1,70],[32,71],[17,-26],[21,65],[37,-28],[9,-37],[54,-3],[18,51],[30,-29],[84,-32],[28,8],[22,-21],[42,-3],[21,-21],[44,25],[97,-43],[75,-61],[49,4],[67,20],[17,18],[113,25],[18,-17],[81,-40],[78,-50],[51,-13],[66,-74],[60,139],[-31,19],[-49,62],[52,80],[-21,25],[-20,55],[15,56],[39,40],[16,74],[-6,78],[-28,42],[-39,4],[-12,33],[12,90],[45,63],[41,83],[33,17],[17,46],[40,35],[44,17],[22,105],[-22,36],[19,98],[32,27],[-21,79],[25,69],[-33,64],[3,98],[-23,32],[36,43],[5,35],[-22,118],[0,66],[-46,25],[-54,67],[-454,316],[33,35],[50,30],[3,80],[29,31],[-18,74],[82,103],[20,-5],[17,57],[25,-5],[-5,94],[33,37],[7,34],[29,-12],[27,42],[6,37],[29,14],[-10,63],[29,-8],[6,-42],[31,28],[-46,80],[-20,73],[29,40],[-43,34],[35,32],[69,-7],[6,-29],[34,9],[9,-37],[32,24],[2,91],[22,17],[0,50],[22,43],[-49,25],[-31,-2],[-31,62],[-33,-42],[10,-33],[-13,-41],[-34,27],[-26,110],[43,-3],[-21,57],[19,24],[-41,31],[-24,-35],[-53,73],[55,98],[29,-5],[15,-51],[31,16],[6,30],[58,4],[15,74],[-35,13],[-23,107],[30,-9],[75,30],[-24,37],[-1,44],[-37,31],[-24,38],[24,24],[4,36],[-33,19],[-4,54],[62,-25],[23,-85],[61,5],[-51,106],[22,96],[-24,9],[-63,-52],[14,141],[49,-41],[23,36],[-38,86],[-14,66],[14,54],[18,5],[45,-44],[29,6],[32,-70],[27,-23],[38,31],[-12,68],[37,-4],[4,-101],[35,-49],[23,17],[23,69],[8,56],[-7,42],[-59,5],[-4,74],[43,48],[-11,24],[-44,-26],[-25,-48],[-26,36],[7,44],[44,44]],[[36396,34783],[-2,-161]],[[36394,34622],[-79,-8],[-43,-38],[-46,-105],[-33,-28],[-2,-45],[-34,-81],[-33,-6],[-52,-72],[-92,-15],[-28,12],[-11,-32],[-91,-71],[-34,-38],[-40,-84],[-30,-11],[-27,-49],[18,-22],[-11,-49],[14,-70],[31,-35],[15,-95],[38,-81],[11,-85],[-26,-50],[-95,11],[-7,-58],[20,-40],[6,-80],[-36,-12],[-12,-63],[-34,19],[-35,-23],[0,-37],[53,-46],[11,-34],[41,-19],[0,-49],[-16,-37],[-72,25],[-31,35],[-23,-42],[-39,-16],[-21,-41],[6,-25],[53,16],[13,-54],[-21,-34],[9,-74],[-35,-24],[-57,78],[-33,83],[-34,-14],[-17,-41],[-48,-32],[1,-59],[22,-10],[-14,-57],[30,5],[22,-91],[-65,-16],[21,-115],[-41,0],[-40,-19],[-23,-39],[-42,-13],[-68,79],[-13,46],[-100,-33],[15,-60],[29,-21],[28,-61],[-6,-69],[13,-39],[64,-15],[-33,-51],[4,-24],[54,-98],[22,13],[22,81],[22,51],[-1,57],[28,11],[36,-41],[38,-22],[-17,-60],[16,-31],[-9,-35],[-38,-34],[3,-71],[-30,-57],[21,-48],[30,5],[44,-24],[53,-89],[-19,-48],[-37,28],[-32,-49],[-66,-46],[-17,-94],[-99,34],[-18,-79],[19,-65],[24,-9],[25,33],[55,-71],[8,-32],[34,-10],[19,44],[-20,28],[19,31],[54,-23],[39,2],[7,-23],[-34,-45],[-25,-7],[-20,-33],[-65,-45],[5,-38],[40,-33],[40,27],[26,-15],[5,-86],[29,-54],[30,-2],[19,-31],[31,23],[-5,53],[20,8],[44,-45],[22,-65],[8,-56],[-10,-85],[-42,-57],[-28,-19],[-14,100],[-26,20],[-34,-31],[0,-102],[9,-67],[-8,-85],[32,-40],[-31,-32],[-91,-27],[0,-24],[31,-41],[40,-7],[40,-64],[13,-65],[-9,-37],[-62,13],[-57,41],[-50,124],[-19,-22],[-11,-116],[-38,-13],[-38,58],[-69,85],[-33,-22],[34,-94],[32,-26],[83,-138],[37,-26],[39,7],[4,-46],[-52,-66],[-6,-28],[20,-86],[75,-47],[33,7],[37,47],[-49,60],[9,37],[-23,20],[-11,53],[26,14],[234,-124],[19,-33],[-15,-48],[-90,-115],[-94,-11],[-11,-25],[13,-44],[25,-15],[38,11],[79,3],[55,-14],[43,-150],[-25,-51],[-52,-27],[-29,21],[-44,66],[-87,4],[-16,-62],[46,-61],[80,-74],[73,-14],[2,-20],[-37,-36],[-45,-16],[-74,-2],[-17,73],[-26,28],[-72,-50],[-65,-35],[-27,16],[-11,70],[-21,9],[-57,-108]],[[35193,29328],[-20,29],[-4,48],[-34,-2],[-42,25],[12,-117],[-72,56],[-44,-17],[19,-64],[-51,13],[-50,-18],[-34,40],[-1,33],[-47,8],[-16,-78],[-38,-3],[-58,-96],[-23,35],[-62,17],[-73,-67],[-60,-29],[-91,38],[-14,-48],[-60,69],[-45,-42],[-8,72],[-47,20],[-1,45],[-67,41],[-59,63],[-31,-26],[-35,22],[-63,18],[-30,-8],[-28,-72],[-32,-20],[-24,-50],[-38,42],[-45,-5],[-89,29],[-36,-7],[-54,19],[-96,5],[-28,-63],[8,-119],[57,-118],[1,-22],[-67,-29],[-15,-23],[-57,-3],[-23,-24],[-83,-51],[-26,8],[-23,-27],[-57,-26],[-20,11]],[[10636,27024],[-30,48],[-49,55],[-71,66],[-79,51],[-84,30],[-77,-31],[-97,-84],[-71,-71],[-124,-115],[-71,-52],[-71,-27],[-65,-8],[-141,17],[-88,29]],[[9518,26932],[-55,18],[-70,58],[-44,60],[-74,249],[-77,89],[-55,30],[-106,-3],[-48,-29],[-50,-44],[-33,-74],[-65,-186],[-37,-65],[-67,-60],[-62,-28],[-49,15],[-51,35],[-51,62],[-63,98],[-91,274],[-48,72],[-44,48],[-73,21],[-35,-18],[-29,-45],[-29,-117],[-9,-153],[-73,-267],[-7,-108],[1,-175],[14,-202],[-8,-127],[-18,-108],[-27,-67],[-32,-27],[-44,-11],[-43,15],[-46,75],[-54,118],[-64,197],[-61,198],[-46,160],[-33,166],[-32,115],[-14,129],[-2,122],[14,119],[35,112],[63,117],[86,176],[127,278],[66,154],[47,173],[22,139],[8,118],[-4,100],[-50,108],[-74,46],[-125,-11],[-45,-30],[-72,-84],[-92,-57],[-37,-63],[-88,-131],[-127,-160],[-49,-51]],[[7219,28495],[-63,42],[-12,35],[27,23],[11,43],[32,57],[-72,11],[-74,65],[-21,81],[24,23],[-2,71],[27,29],[50,0],[10,-39],[94,7],[-4,28],[-50,51],[3,38],[-30,24],[-32,3],[-9,67],[22,53],[13,133],[18,14],[67,-27],[11,61],[-5,53],[35,21],[56,-38],[-37,-77],[21,-17],[36,31],[25,70],[-42,60],[-9,69],[21,25],[7,87],[-8,38],[-41,27],[9,30],[48,1],[-2,68],[63,45],[32,-44],[19,12],[-7,56],[28,10],[1,36],[-64,1],[-2,31],[24,48],[-32,16],[21,39],[-37,103],[20,31],[-11,27],[-31,9],[-81,123],[-90,103],[27,61],[4,49],[31,51],[50,7],[30,-11],[1,-40],[27,-30],[34,19],[25,143],[45,47],[-5,62],[-27,16],[-25,-12],[-99,33],[-22,28],[27,31],[0,54],[-30,29],[-10,53],[-59,76],[-10,35],[15,139],[47,15],[30,115],[27,-13],[26,50],[-42,103],[8,73],[23,39],[41,-73],[88,-15],[10,57],[51,20],[0,65],[20,8],[28,-59],[49,-19],[63,46],[34,3],[-9,114],[-41,58],[-19,54],[-23,-18],[-11,61],[18,101],[-22,31],[-3,111],[15,29]],[[7663,32278],[17,-3],[60,-56],[41,44],[20,-9],[102,24],[105,36],[26,-44],[30,0],[61,36],[95,95],[58,44],[23,51],[37,-4],[26,18],[9,55],[85,149],[84,1],[56,72],[148,125],[52,-94],[5,-42],[32,-41],[35,-104],[60,-127],[17,-5],[52,-66],[14,-46],[33,-28],[33,1],[53,-39],[19,-46],[39,-30],[81,-28],[23,-30],[26,13],[73,-27],[24,-29],[35,61],[49,44]],[[9501,32249],[8,-80],[17,-62],[52,8],[13,-30],[23,-110],[24,-45],[86,-58],[29,-43],[27,67],[47,8],[87,-84],[27,-63],[29,11],[2,-70],[13,-54],[18,-16],[27,-133],[-3,-42],[37,-27],[-19,-65],[23,-50],[-28,-117],[12,-32],[48,22],[9,-23],[-19,-50],[-39,-38],[6,-133],[-21,-25],[-17,-75],[18,-32],[-1,-52],[26,-23],[25,27],[26,-77],[27,-8],[35,22],[17,-69],[-24,-31],[50,-57],[-18,-22],[-28,10],[-56,-46],[27,-49],[-9,-70],[-41,-87],[64,-50],[9,-64],[-17,-58],[36,-36],[13,69],[61,-61],[18,-60],[-22,-56],[-79,-61],[21,-68],[82,63],[62,13],[24,-45],[10,64],[39,-28],[28,65],[40,21],[64,-53],[9,-33],[-9,-54],[34,-15],[15,-72],[40,-34],[25,-79],[-22,-34],[-19,-63],[42,-64],[48,-52],[4,-82],[67,-19],[43,10],[-11,-81],[-41,-25],[46,-41],[-7,-43],[-38,-48],[-11,36],[-29,-9],[11,-43],[-32,-37],[-15,-63],[6,-68],[20,-30],[-3,-51],[35,1],[20,-55],[-6,-86],[28,-2],[-4,-47],[27,-21],[31,31],[23,-31],[-8,-71],[16,-66],[18,8],[14,53],[25,-24],[-1,-96],[-35,-66],[23,-39],[43,-4],[1,-26],[-40,-56],[24,-64],[-4,-79],[-43,1],[-41,-41],[-25,39],[-17,-56],[68,-28],[4,-61],[-21,-9],[0,-66],[-19,-22],[-21,-104],[16,-73],[-35,12],[-31,52],[-48,34],[29,-83],[-25,-106],[66,-30],[24,-1],[28,-39],[-52,-54],[-65,-31],[-13,-21],[56,-87],[39,-3],[3,-72],[70,12],[8,42],[28,14],[47,-30],[59,-72],[2,-58],[-29,-68],[-6,-67],[-50,-21],[-65,4],[-28,-13],[-35,8],[-48,-14],[-42,48],[-62,2],[-39,-11]],[[9501,32249],[-42,43],[6,88],[10,37],[-5,60],[-19,50],[-42,29],[-12,42],[-37,55],[-16,59],[17,81],[-16,55],[1,47],[-27,17],[-13,50],[17,96],[8,103],[-73,92],[-22,1220],[1,400],[-29,1809],[-130,1]],[[9078,36683],[-3,307],[17,2],[0,116],[-17,20],[-1,290],[66,-32],[14,-26],[54,-27],[26,12],[78,-34],[60,-59],[10,-25],[62,-61],[50,39],[88,121],[-35,59],[-34,11],[-32,101],[-6,75],[-39,63],[-16,102],[-26,50],[-21,71],[232,-10],[73,4],[-7,28],[8,75],[6,144],[17,80],[-17,71],[-2,72],[-16,28],[9,67],[31,31],[-31,48],[29,22],[-13,59],[39,121],[-29,53],[-3,53],[-21,65],[7,44],[-61,103]],[[9624,39016],[23,64],[-9,50],[17,37],[77,-55],[61,-31],[29,-82],[36,14],[54,43]],[[9912,39056],[14,-25],[9,-92],[23,-55],[73,-50],[11,-26],[-55,-39],[58,-119],[2,-45],[39,-37],[28,-101],[-33,-45]],[[10081,38422],[38,-80],[26,-90],[17,-14],[32,-176],[25,-99],[-41,-83],[-2,-50],[20,-69],[-37,-74],[-4,-55],[31,-44],[3,-59],[-38,-11],[-8,-31],[26,-32],[-6,-42],[35,-108],[-15,-29],[-8,-73],[12,-71],[-21,-61],[-4,-63],[11,-69],[60,-104],[-8,-61],[35,-139],[31,-71],[44,-16],[20,-29],[56,-12],[38,8],[54,33],[24,82],[36,-112],[72,-53],[47,-52],[32,-67],[12,-55],[46,-37],[63,-32],[47,-102],[17,-14],[-12,-65],[14,-28],[-9,-49],[9,-64],[-13,-52],[10,-79],[-40,-36],[17,-80],[-38,-17],[14,-124],[21,-61],[54,-36],[37,-63],[-40,-41],[19,-107],[-94,-41],[56,-71],[30,-19],[12,-32],[-23,-57],[-26,-32],[29,-81],[47,-11],[-7,-52],[-101,-68],[-39,43],[-11,-22],[43,-98],[36,-38],[37,-6],[7,-42],[-68,-82],[-71,3],[-1,-27],[47,-99],[29,-27],[-24,-39],[582,-363],[366,-105],[25,-50],[49,-30],[101,-30],[39,-43],[27,-55],[108,-37],[78,7],[76,96],[73,24],[29,-10],[25,-48],[-42,-70],[29,-18],[23,-47],[-33,-42],[22,-48],[4,-52],[46,-66],[39,-24],[-34,-69],[-12,-58],[-24,-21],[-77,36],[-28,-34],[-43,-15],[-28,-56],[8,-52],[21,-29],[41,-18],[87,26],[30,68],[63,-43],[24,4],[45,-28],[21,108],[47,9],[41,58],[27,-22],[14,-47],[0,-101],[17,-59],[-14,-36],[58,-31],[-22,-88],[-22,-17],[-64,38],[-21,54],[-43,24],[-49,-126],[18,-60],[30,-40],[19,-53],[-14,-42],[-66,-40],[-18,-76],[10,-62],[112,-42],[32,19],[5,-38],[-20,-55],[-57,-6],[-59,17],[-26,-104],[2,-105],[-38,-16],[-30,73],[0,136],[-11,71],[-52,-6],[-34,-25],[-81,-83],[-54,-47],[41,-69],[17,-64],[88,-16],[32,-23],[30,-50],[41,-126],[-46,-16],[-20,9],[-46,81],[-90,5],[-23,-82],[5,-27],[45,-65],[23,-5],[-7,-56],[10,-38],[27,-26],[50,-6],[67,42],[28,-11],[10,-60],[-46,-81],[-50,-38],[-57,-88],[-34,32],[-27,65],[-57,17],[-27,-6],[-49,-89],[-6,-129],[3,-76],[-30,-55],[36,-44],[54,-2],[17,28],[44,21],[18,-11],[11,-56],[21,-17],[9,-53],[30,-9],[3,-44],[-29,-43],[-36,7],[-31,38],[-49,-10],[3,-60],[-57,-47],[25,-29],[65,-27],[45,-77],[39,-32],[-1,-92],[-13,-77],[12,-60],[-43,-31],[-108,-50],[-70,-11],[22,-49],[23,-11],[52,16],[35,-45],[47,-42],[66,-22],[7,-97],[13,-28],[39,-18],[-77,-37],[-39,66],[-33,-66],[-66,-62],[24,-95],[-37,-66],[21,-74],[19,-25],[36,35],[16,-42],[-1,-117],[27,-14],[4,-68],[-33,-49],[-58,-8],[-58,34],[-31,-14],[12,-54],[50,-49],[7,-77],[17,-58],[25,-6],[26,-65],[-34,-55],[-39,-41],[31,-66],[38,8],[45,41],[34,-16],[21,48],[28,17],[81,-30],[-22,-96],[6,-32],[55,-59],[18,-96],[31,-18],[46,10],[-37,-139],[-19,-17],[-37,-106],[-8,-62],[12,-102],[-23,-38],[-40,26],[-47,11],[-17,-77],[29,-65],[-35,-38],[-48,38],[-55,88],[-50,25],[-28,-21],[4,-86],[34,-100],[21,-35],[-3,-45]],[[12291,28012],[-120,11],[-49,-16],[-52,-61],[-83,-148],[-64,-87],[-77,-79],[-116,-100],[-83,-84],[-75,-52],[-104,-82],[-94,-136],[-71,-126],[-87,-135],[-109,-116],[-102,-68],[-90,-41],[-47,5],[-54,41],[-178,286]],[[14622,37374],[-1,-86],[-43,-17],[-17,-57],[-56,-14],[-28,10],[-14,-30],[28,-57],[65,-71],[-12,-55],[66,-15],[31,-114],[-45,-14],[7,-91],[41,-46],[-53,-39],[42,-14],[-1,-136],[-19,-178],[1,-68],[20,-2],[-3,-55],[18,-67],[42,4],[17,-79],[30,28],[39,-76],[-44,-69],[-49,-59],[-45,41],[-15,-38],[61,-65],[-17,-130],[38,-5],[92,-148],[-32,-186],[35,-10],[28,-92],[-36,-56],[52,-39],[22,8],[31,-55],[-29,-35],[-7,-64],[36,-76],[-102,-17],[-35,-126],[8,-94],[-26,15],[-35,67],[-41,-8],[-35,-50],[-3,-46],[22,-73],[73,-96],[17,-45],[-26,-102],[9,-45],[55,60],[9,46],[33,20],[18,-17],[20,-85],[-11,-59],[18,-58],[-21,-40],[-47,-37],[-36,58],[-44,-51],[-2,-33],[44,-89],[-63,-106],[1,-35],[78,13],[67,44],[63,-54],[8,-21],[-67,-137],[9,-28],[-36,-25],[-92,-1],[-18,-14],[-52,-97],[23,-31],[53,-41],[-30,-18],[17,-51],[63,59],[20,69],[51,-8],[35,-89],[6,-118],[-59,2],[-68,-38],[-35,-40],[3,-56],[50,-70],[11,-60],[-36,-26],[-29,31],[-29,95],[-16,12],[-31,-29],[-30,-61],[-42,-36],[27,-29],[25,-81],[23,-48],[55,-23],[29,-27],[40,-13],[-3,-56],[-44,-20],[4,-63],[-28,-2],[-58,39],[-17,-35],[24,-84],[-27,13],[-43,-42],[-15,-36],[-15,-87]],[[14562,32493],[-6,-38],[21,-20],[16,-74],[-16,-27],[-8,-89],[43,-19],[-7,-25],[-62,-41],[-15,-22],[-4,-72],[-12,-20],[-42,-8],[41,-148],[-8,-32],[-27,-9],[-54,50],[-20,55],[-52,34],[-57,50],[-17,49],[-20,-39],[11,-24],[10,-103],[42,-61],[-33,-84],[14,-62],[64,-76],[-23,-37],[-50,-31],[-16,-54],[-18,-18],[-71,33],[-20,-12],[0,-42],[45,-56],[63,-18],[21,-19],[4,-117],[15,-64],[-8,-41],[19,-62],[-12,-58],[7,-31],[-27,-57],[6,-72],[-17,-25],[-54,17],[-57,-93],[12,-20],[104,-22],[28,-39],[35,-15],[-8,-37],[-60,-59],[-64,-10],[-9,-24],[25,-55],[14,-57],[-37,-14],[-82,45],[-37,12],[-27,-25],[0,-47],[28,-57],[29,-24],[53,-78],[35,-31],[20,-73],[-22,-27],[-49,0],[-45,-34],[-10,-39],[72,-34],[40,17],[15,-36],[-15,-27],[-107,-44],[-65,91],[-40,-7],[-52,11],[-27,31],[14,56],[-26,6],[-23,-25],[-10,-93],[38,-65],[67,-73],[44,-30],[58,-62],[26,-54],[-34,-74],[-5,-32],[-29,-40],[-97,-2],[-82,49],[-42,-37],[27,-81],[18,-23],[77,2],[9,-23],[-3,-89],[8,-32],[92,-99],[23,4],[32,-79],[43,47],[36,-10],[12,-42],[23,3],[35,42],[18,-3],[18,-117],[-16,-83],[-35,-40],[8,-74]],[[14249,28880],[-51,-16],[-36,-65],[-43,-166],[-21,-113],[-16,-123],[-109,-213],[-51,-53],[-55,-30],[-61,-19],[-68,-64],[-45,-93],[-15,-102],[4,-126],[38,-86],[32,-55],[64,-188],[17,-77],[44,-122],[4,-72],[-5,-81],[-24,-61],[-61,-91],[-31,-10],[-89,-8],[-54,23],[-45,38],[-114,164],[-91,106],[-69,118],[-106,155],[-50,46],[-29,58],[-68,108],[-65,59],[-55,28],[-54,-6],[-65,-79],[-35,-61],[-20,-54],[-13,-70],[-10,-175],[0,-162],[10,-86],[-10,-299],[-9,-64],[-25,-84],[-75,-94],[-81,-74],[-76,-28],[-68,9],[-49,18],[-106,97],[-41,49],[-37,67],[-12,60],[0,76],[16,178],[38,134],[118,262],[59,105],[50,118],[30,143],[-4,122],[-27,85],[-49,58],[-89,18]],[[10081,38422],[1443,104],[780,63],[-24,1705],[-12,952],[-6,216]],[[12262,41462],[42,-35],[36,-7],[30,-26],[61,41],[42,46],[33,-41],[57,13],[32,98],[28,-1],[34,38],[22,-41],[32,2],[23,52],[38,-22],[77,48],[13,-32],[47,19],[18,-124],[30,-59],[44,-47],[-2,-39],[59,-112],[20,7],[29,-59],[32,-11],[15,-48],[37,5],[59,-51],[15,-28],[29,19],[17,-29],[27,-3],[21,-45],[35,-32],[13,-49],[39,-28]],[[85750,30293],[22,79],[-49,194],[-20,45],[-25,5],[1,56],[13,38],[59,-22],[61,68],[20,93],[69,35],[58,55],[-58,46],[-13,133],[43,38],[41,3],[21,32],[10,52],[-7,36],[-40,32],[40,86],[14,62],[42,52],[7,72],[-12,58],[60,35],[39,-21],[7,67],[30,59],[44,34],[35,1],[29,-62],[24,-14],[30,26],[33,77],[49,43],[36,120],[28,59],[-4,54],[42,-8],[5,68],[20,81],[40,56],[16,46],[3,52],[43,71],[16,47],[49,47],[2,69],[-33,55],[-16,53],[-28,42],[-31,98],[5,44]],[[86620,32940],[3,87],[29,36],[19,63],[21,118],[-20,59],[-35,29],[1,28],[33,87],[-24,42],[-9,48],[12,37],[24,9],[-12,47],[-24,40],[23,38],[1,34],[43,36],[25,69],[52,-1],[27,29],[58,30],[32,52],[100,-51],[39,-11],[85,-98],[61,-60],[39,-26],[51,-74],[23,-16],[31,11],[76,-35],[128,-82],[19,-19]],[[87551,33496],[-4,-25],[-44,-75],[-38,-22],[-53,-109],[34,-52],[44,-109],[12,-57],[5,-94],[95,-52],[6,-43],[-40,-116],[1,-51],[-22,-34],[-9,-71],[-37,-170],[-2,-71],[-33,-24],[-2,-55],[17,-96],[43,-59],[71,-40],[40,-34],[92,-59],[63,-11],[-4,-92],[-22,-68],[-32,-35],[-9,-76],[-15,-52],[35,-131],[50,-31],[-12,-57],[18,-116],[30,-56],[35,-41],[-36,-93],[-41,-49],[7,-107],[-20,-34],[0,-46],[48,-54],[13,-58],[50,-12],[52,-83],[16,-74],[-11,-110],[37,-60],[3,-59],[-32,-60],[-1,-43],[95,-164],[23,-72],[38,-31],[32,8],[44,-28],[65,-214],[46,-129],[59,-16],[101,-147],[45,-8],[87,114],[39,0],[49,-49],[21,-60],[56,-52],[21,31],[50,-37],[102,-46],[75,-5],[39,17],[30,40],[77,67],[50,-2],[93,-33],[27,-21],[113,-9],[54,-31],[18,-25],[14,-80],[23,-22],[77,-26],[19,-39],[30,-27],[119,-22],[42,-32],[9,-26],[-14,-74],[26,-90],[58,-27],[89,-4]],[[89990,28899],[9,-48],[-22,-86],[39,3],[32,-157],[-8,-44],[-61,-155],[0,-15],[53,-124],[10,-46],[-34,-74],[-67,-60],[-50,-22],[13,-28],[2,-107],[-50,-72],[13,-39],[-16,-82],[-26,-91],[3,-44],[-16,-54],[-27,-29],[-55,-103],[-26,-18],[-24,-50],[19,-79],[-11,-24],[29,-93],[3,-116],[9,-21],[-2,-100],[23,-57],[9,-61],[-5,-48],[27,-65],[19,-8],[60,-61],[22,-77],[3,-66],[31,-81],[6,-87],[40,-68],[8,-36],[-73,-193]],[[79745,25554],[-89,48],[20,59],[7,66],[-28,67],[25,28],[11,54],[59,70],[-3,196],[28,41],[6,217],[77,71],[28,239],[49,94],[18,19],[11,115],[-15,90],[55,29],[-15,64],[16,70],[-27,75],[-12,62],[13,207],[27,76],[6,53],[-55,159],[-3,151],[80,138],[-53,105],[59,91],[20,166],[-19,40],[27,93],[-18,34],[-64,-56],[-30,-1],[-31,-27],[-16,-60],[-24,-24],[-126,7],[-38,65],[-74,-5],[-43,13],[-81,92]],[[79523,28645],[26,22],[-20,44],[-4,152],[34,72],[-1,95],[-16,57],[-29,49],[-58,10],[-3,57],[-28,54],[20,17],[-63,53],[7,89],[-12,45],[35,57],[-29,54],[-1,128],[24,26],[-45,29],[4,91],[-13,47],[34,25],[12,32],[3,68],[-9,48],[24,48],[-20,26],[-26,84],[-33,16],[8,47],[-42,71],[36,41],[-3,66],[-38,73],[31,56],[-17,40],[-9,60],[39,12],[22,41],[-9,58],[15,41],[33,0],[-9,66]],[[79393,30912],[25,21],[10,41],[35,33],[26,81],[-13,23],[26,46],[4,62],[-10,31],[39,69],[-27,40],[33,14],[23,54],[76,17],[52,65],[-13,71],[22,43],[40,39],[15,96],[62,-4],[12,63],[51,31],[23,56],[22,23],[-20,88],[48,32],[20,122],[23,46],[-13,47],[17,43],[25,10],[-17,62],[17,122],[14,54]],[[80040,32553],[31,-66],[25,-10],[20,-62],[25,-25],[12,-39],[55,-60],[33,-170],[17,-30],[47,-28],[41,-56],[15,-70],[47,-71],[8,-32],[36,-36],[40,-64],[54,-10],[42,-20],[4,-35],[50,23],[-33,51],[35,86],[41,31],[27,-12],[3,67],[47,4],[96,-69],[21,40],[-24,34],[5,57],[-22,36],[28,55],[-1,33],[55,36],[-9,101],[19,109],[-4,85],[25,28],[-2,30],[33,22],[42,63],[24,74],[139,-77],[22,31],[51,-23],[79,-1],[63,-23],[95,18],[33,-35],[7,-35],[34,18],[45,-19],[46,30],[28,-13],[29,13]],[[81719,32537],[4,-65],[65,-66],[21,-37],[28,-169],[71,58],[48,1],[35,-24],[11,-38],[51,-29],[12,-145],[-36,-55],[10,-119],[19,-2],[38,-64],[49,-4],[39,79],[38,26],[18,-54],[0,-57],[29,-67],[-34,-35],[30,-96]],[[73722,32274],[-951,2121]],[[74411,40062],[79,8],[47,46],[5,38],[-29,6],[-53,43],[-36,98],[55,32],[29,-33],[55,67],[47,-30],[40,43],[67,5],[68,-9],[74,64],[-2,58],[40,29],[14,73],[29,-53],[24,-2],[14,103],[15,22],[48,-17],[45,25],[20,43],[-21,61],[0,39],[50,3],[7,-32],[66,-71],[106,-27],[12,-95],[26,29],[6,90],[17,42],[56,-37],[18,-40],[38,-35],[41,-15],[17,34],[-21,32],[2,42],[19,17],[23,59],[46,62],[-1,19],[45,46],[20,104],[50,17],[19,25],[-1,54],[33,19],[38,61],[20,77],[0,46],[43,32],[93,1],[35,-46],[-29,-65],[45,-30],[22,-51]],[[76046,41188],[-29,-53],[13,-111],[0,-108],[64,-107],[25,-86],[3,-55],[14,-39],[-23,-37],[100,-103],[31,-49],[37,18],[35,-41],[0,-58],[51,-47],[52,-1],[25,-48],[0,-46],[40,-51],[18,-69],[70,-46],[40,-67],[30,39],[102,0],[25,-58],[40,31],[38,-14],[31,-51],[5,-79],[31,-41],[2,-33],[-56,-33],[-16,-53],[-23,-25],[-96,39],[-36,-37],[-37,-113],[-24,-38],[18,-47],[-4,-62],[-54,10],[-23,-41],[-49,-13],[-37,29],[-19,35],[-31,11],[-12,-64],[37,-58],[-20,-54],[-32,-8],[-45,21],[-16,-39],[24,-62],[48,-77],[-18,-31],[-26,1],[-88,84],[-50,18],[-9,-32],[25,-59],[31,-15],[11,-55],[-11,-34],[-75,-21],[-73,-113],[-61,-40],[41,-46],[16,-39],[26,-21],[16,-79],[24,-70],[7,-85],[29,-33],[63,-26],[10,-40],[-24,-45],[0,-36],[26,-22],[51,-15],[-7,-45],[-51,-53],[-5,-53],[13,-17],[43,3],[44,25],[31,-25],[37,-109],[21,-15],[19,-58],[-18,-61],[32,-25],[12,-69],[18,-34],[3,-44],[-41,28],[-28,-40],[-9,-72],[47,-63],[10,-37],[25,5],[83,-105],[45,-8],[-29,-47],[2,-54],[-16,-43],[17,-60],[20,-29],[44,-24],[8,-43],[-37,8],[-48,-52],[27,-41],[24,-127],[-28,-46],[51,-33],[61,-69],[21,-7],[-15,-69]],[[76780,36637],[-24,3],[-64,82],[-29,-25],[16,-93],[-5,-21],[-50,-9],[-28,28],[-21,-54],[14,-63],[-57,-77],[-18,-92],[-15,-25],[32,-50],[6,-56],[-27,-38],[-12,-51],[-36,-25],[34,-59],[64,-41],[56,-3],[7,-25],[-40,-24],[-1,-32],[25,-55],[-23,-40],[-37,25],[-14,-43],[-30,-40],[4,-39],[21,-36],[-32,-40],[-32,-102],[9,-43],[-37,-120],[26,-33],[25,19],[20,-21],[-37,-45],[15,-68],[-15,-100],[49,-16],[-4,-26],[22,-71],[51,-47],[-21,-54],[50,-1],[8,-80],[-52,-48],[-11,-73],[12,-46],[32,44],[53,1],[18,-63],[54,-85],[36,6],[43,-57],[6,32],[48,-7],[32,-19],[37,34],[14,34],[56,-47],[7,36],[32,6],[37,-73],[21,8],[77,-46],[14,-30],[-19,-53],[39,-28],[38,-55],[-1,-47],[36,-37],[17,-83],[-7,-29],[19,-38],[4,-55],[33,-8],[2,-57],[43,-32],[54,30],[57,-62],[58,-15],[3,-45],[27,-38],[49,-29],[43,3],[35,-51],[9,-47],[25,-31],[16,-50],[55,-11],[25,-43],[22,-8],[-3,-57],[20,-39],[15,-97],[46,-5],[23,-58],[-3,-37],[52,-86],[-16,-44],[-4,-51],[21,-51],[-2,-49],[-20,-56],[-30,-18],[-18,-44],[8,-52],[-3,-83],[-34,-36],[22,-86],[30,-26],[9,-43],[-78,-86],[17,-35],[41,-46],[18,-2],[53,-57],[30,-49],[43,-6],[-12,-52],[-27,-4],[-19,-38],[-37,-7],[50,-78],[-7,-74],[15,-57],[50,11],[47,-28],[35,4],[73,-42],[1115,-923]],[[79523,28645],[-45,-29],[-55,30],[-7,139],[-58,161],[-33,37],[-19,74],[-50,-13],[-37,-30],[-16,28],[-58,33],[-23,81],[-73,7],[-255,82],[-19,39],[2,47],[-15,63],[-49,56],[-32,11],[-51,-21],[-71,10],[-23,-54],[-55,-41],[14,-40],[-59,19],[-50,-42],[-90,48],[-64,-32],[-34,17],[-25,85],[-30,13],[-41,-5],[-22,-28],[-14,-103],[-31,31],[-30,-1],[-109,-104],[-17,-54],[-72,-47],[12,-61],[-13,-60],[-28,-33],[-48,25],[-21,-29],[-36,6],[-45,-27],[-29,-148],[-55,-36],[-10,-31],[-36,-23],[-55,0],[-36,-62],[11,-23],[-15,-56],[-36,-3],[-31,-43],[-11,-48],[-35,-28],[-32,-97],[-27,11],[-66,-59],[2,-28],[-35,-15],[-20,39],[-49,-38],[-41,-53],[-50,-49],[-40,-84],[-38,-9],[-85,-69],[33,-28],[-19,-36],[19,-38],[-33,-51],[-2,-93],[11,-27],[-19,-32],[-39,56],[-36,11],[-41,70],[-29,15]],[[55814,39136],[17,-31],[35,-122],[-48,-29],[-9,-61],[46,-18],[37,-81],[-7,-119],[10,-78],[-5,-60],[24,-33],[25,28],[30,4],[14,-26],[6,-82],[-16,-15],[-35,-84],[-29,-28],[-18,-73],[-50,-89],[-16,-69],[-45,-59],[-9,-73],[-20,-57],[23,-71],[-5,-134],[-22,-40],[22,-133],[-33,-118],[-29,-46],[-10,-38],[-49,-24],[-24,-88],[17,-54],[59,-40],[16,-58],[36,-29],[26,-58],[-26,-65],[-4,-50],[15,-19],[41,-2],[46,-37],[16,60],[-33,8],[-9,27],[27,46],[1,63],[35,29],[55,3],[2,68],[39,9],[59,-24],[16,-75],[45,-50],[1,-41],[-15,-55],[25,-24],[-14,-38],[22,-18],[0,-61],[22,4],[37,-30],[31,-2],[10,30],[50,19],[-2,-55],[17,-11],[26,89],[25,17],[36,-129],[19,-25],[-2,-125],[25,-75],[34,-38],[18,-76],[-13,-27],[24,-98],[26,-30],[22,-69],[71,10],[62,56],[51,8],[31,-94],[19,-101],[35,-11],[25,-33],[73,-55],[50,-5],[6,35],[42,-39],[22,-91],[40,-8],[-8,-55],[26,-27],[80,15],[41,-109],[31,-4],[22,-36],[26,-1],[33,-45],[30,6],[127,-78],[83,25],[41,-22],[86,-23],[58,-63],[-111,-315],[0,-52],[28,-65],[-21,-58],[-11,-234],[20,-30],[47,-26],[38,-104],[44,-75],[85,3]],[[57849,34372],[21,-36],[13,-110],[27,-86],[6,-75],[-18,-33],[8,-61],[-34,-29],[-35,-129],[0,-170],[34,-46],[-45,-115],[-29,-11],[-25,-79],[8,-85],[19,-21],[-73,-109],[-38,-28],[-47,-54],[26,-65],[43,-20],[-7,-98],[21,-28],[56,6],[18,-67],[-37,-52],[8,-81],[-28,-62],[-18,-128],[12,-44],[48,-12],[24,-76],[-15,-42],[1,-62],[28,-44],[71,-49],[20,-27],[11,-61],[90,-99],[84,-122],[-3,-59]],[[52761,28866],[31,6],[49,60],[39,10],[37,54],[1,43],[-27,40],[-32,5],[-45,-26],[-49,22],[-12,76],[-17,42],[39,83],[3,65],[38,2],[-1,49],[-15,29],[21,107]],[[50367,39354],[-49,119],[37,65],[-68,50],[-78,-12],[-40,32],[-36,7],[-38,44],[37,39],[-15,89],[-26,39],[35,34],[40,155],[28,45],[-68,30],[-20,45],[-41,52],[5,60],[-44,35],[-68,79],[-18,7],[-22,87],[-2,93],[-11,107],[9,98],[-17,81],[-31,107],[3,59],[43,171],[4,77],[25,34],[-1,28],[-55,16],[-28,-13],[-35,41],[-37,-12],[-2,69],[-22,24],[2,46],[53,34],[5,65],[-14,65],[14,75],[22,29],[41,-5],[12,45],[15,119],[-55,96],[-29,17],[-48,89],[-38,36],[-32,73],[-9,64],[-36,35],[-40,-22],[-127,19],[-22,20],[-59,0],[-37,-35],[-52,-24],[-23,-71],[-25,10],[-72,83],[-25,-9],[-61,55],[-26,-20],[-52,53],[10,39],[-20,52],[-81,79],[13,51],[29,-1],[27,26],[-23,34],[4,40],[-39,19],[-89,-19],[-54,30],[-18,22],[-91,33],[-18,-18],[-30,24],[-16,38],[22,83],[32,79],[43,27],[23,-9],[69,26],[-3,40],[-34,122],[-2,77],[-26,26],[-6,72],[27,29],[16,57],[17,18],[37,-22],[22,22],[-3,74],[39,37],[-14,92],[2,53],[-12,44],[28,28],[44,-28],[44,49],[23,7],[39,-23],[38,-6],[24,20],[11,42],[21,10],[74,-29],[7,169],[16,45],[-16,50],[17,12],[90,-12],[-12,52],[-59,41],[-55,113],[-51,6],[-12,85],[-63,155],[-26,11],[19,58],[32,34],[13,50],[-14,68],[26,47],[68,-18],[51,-41],[27,55],[-1,107],[-20,34],[-46,9],[-26,20],[32,91],[24,26],[121,11],[-18,112],[-26,54],[6,103],[-24,19],[8,44],[49,40],[26,60],[41,11],[36,60],[-4,51],[68,-20],[9,18],[52,-20],[10,20],[-50,114],[-30,44],[-16,48],[25,15],[44,-61],[33,-8],[25,38],[26,2],[53,-93],[60,-12],[73,57],[-3,69],[20,50],[37,-36],[-5,-98],[29,-6],[55,32],[57,156],[28,31],[-21,91],[-65,99],[-10,62],[3,58],[-39,35],[-68,34],[-39,158],[-17,39]],[[49822,46591],[15,61],[2,56],[25,20],[45,-12],[33,-28],[-4,-105],[73,-189],[19,-17],[91,32],[97,17],[40,-32],[24,-139],[30,-33],[95,-36],[17,12],[25,314],[20,130],[27,11],[140,27],[38,74],[39,-34],[-6,-58],[-27,-131],[-31,-94],[-52,-71],[-21,-44],[9,-84],[63,-47],[57,17],[94,83],[177,71],[47,-7],[29,-30],[-11,-72],[-88,-186],[-24,-99],[26,-39],[122,-12],[116,-31],[80,-61],[36,10],[16,55],[-5,50],[-20,49],[-20,93],[8,36],[54,32],[50,50],[74,47],[79,59],[59,-47],[52,7],[20,27],[41,124],[34,45],[37,4],[24,-16],[19,-73],[-48,-224],[-42,-96],[-42,-72],[-25,-156],[9,-74],[27,-9],[39,14],[46,43],[35,-22],[53,-142],[29,-6],[35,81],[13,53],[6,164],[15,42],[68,52],[42,8],[21,-19],[-2,-48],[-54,-129],[-4,-60],[19,-126],[18,-36],[31,-2],[79,48],[31,-68],[25,-112],[22,-128],[40,-6],[103,56],[109,30],[61,-2],[28,-32],[-81,-119],[-24,-60],[-1,-62],[45,-139],[19,-12],[40,19],[22,33],[32,8],[22,-39],[6,-55],[-2,-142],[11,-54],[-20,-120],[-42,-114],[0,-86],[16,-22],[120,25],[75,-28],[59,-54],[0,-46],[-25,-66],[-54,-92],[-16,-59],[8,-98],[44,-147],[27,-26],[117,102],[78,88],[39,5],[46,-22],[71,11],[21,21],[32,-8],[8,-28],[-85,-113],[-64,-73],[-19,-65],[-48,-111],[26,-53],[34,7],[116,82],[73,122],[24,8],[23,-26],[-1,-60],[-23,-58],[-39,-32],[-56,-97],[-49,-67],[-140,-220],[-46,-136],[11,-17],[50,15],[58,36],[44,-95],[20,-10],[67,3],[27,21],[70,109],[70,37],[17,-1],[86,-83],[31,-50],[31,-94],[13,-73],[-9,-46],[-23,1],[-63,82],[-53,59],[-18,-4],[-87,-153],[-18,-55],[4,-55],[54,-158],[31,-75],[37,-64],[73,-94],[116,-14],[45,4],[99,45],[-17,61],[-42,36],[-9,37],[31,56],[-4,51],[14,48],[135,13],[37,-2],[168,-89],[28,26],[13,93],[-19,147],[9,35],[59,-2],[25,-55],[10,-100],[33,-117],[7,-95],[-46,-40],[-52,-1],[-58,-21],[-72,-11],[-4,-30],[21,-34],[-4,-29],[-81,-48],[-21,-42],[10,-148],[-19,-67],[17,-58],[67,-56],[72,-19],[112,13],[107,18],[68,-7],[26,-34],[53,-110],[11,-63],[22,-60],[78,-85]],[[83377,31865],[-32,115],[-28,63]],[[83317,32043],[222,47],[342,97],[37,17],[246,177],[107,105],[59,41],[118,58],[74,59],[116,184],[176,327],[50,98],[38,32],[44,135],[51,53],[63,9],[62,-19],[30,1],[90,102],[54,12],[163,-42],[31,-1],[253,124],[16,2],[221,-63],[35,2],[67,-90],[71,-13],[68,-53],[96,-218],[108,-95],[15,-52],[24,-17],[91,-113],[65,-9]],[[83780,34301],[-48,25],[-102,-135],[-30,40],[-58,-4],[-46,-77],[3,-32],[-33,-104],[-16,-129],[-18,-2],[-26,-51],[-35,-22],[-33,-69],[-148,-840],[-43,-78],[-4,-81],[71,-197],[26,-43],[35,-23],[13,-34],[-23,-66],[-3,-79],[8,-60],[39,-35],[8,-162]],[[81719,32537],[-43,92],[5,35],[-58,33],[-32,41],[-29,7],[-11,84],[-20,14],[0,58],[-34,46],[21,45],[-52,96],[-41,7],[-13,57],[-42,46],[-24,83],[-20,37],[15,38],[-44,34],[-27,91],[-9,149],[104,134],[-15,108],[-45,18],[-27,-8],[-14,63],[-24,36],[30,63],[1,40],[27,32],[44,4],[22,18],[-233,645],[39,100],[1,60],[77,57],[25,42],[20,-7],[20,47],[12,65],[40,-8],[23,20],[-19,40],[3,34],[-20,64]],[[16537,36872],[-24,-47],[-37,-33],[18,-69],[21,7],[41,-19],[-5,-57],[23,-43],[-28,-45],[-67,-1],[-55,26],[-14,-33],[35,-77],[58,-13],[48,-36],[-26,-101],[-48,-18],[-10,-47],[-36,-64],[9,-32],[68,6],[5,-74],[-24,-41],[29,-117],[-60,-79],[-8,-37],[42,-52],[-16,-27],[7,-97],[-26,-28],[793,-65],[572,-41],[-51,-164],[-35,-31],[24,-24],[50,-4],[34,-32],[89,-104],[41,-36],[47,21],[39,-56],[24,-10],[28,60],[41,-37],[12,-34],[-19,-80],[-26,-24],[-19,-63],[16,-22],[-28,-104],[6,-60],[-23,-5],[-72,34],[-24,87],[-20,30],[-40,15],[-66,-47],[-80,-45],[-12,-30],[44,-72],[38,35],[27,-22],[18,-53],[31,-10],[30,-33],[109,-40],[28,-32],[-6,-52],[-27,-3],[-29,-39],[-4,-61],[36,-47],[-13,-25],[-80,-27],[-23,-37],[7,-82],[18,-27],[1,-77],[37,-131],[-14,-13],[-65,13],[-36,-10],[-11,-31],[9,-96],[-10,-70],[-26,-47],[-88,-84],[1,-21],[45,-21],[23,-30],[7,-47],[-13,-81],[-52,30],[-49,-2],[-161,-122],[-43,-22],[-17,-40],[17,-77],[-16,-32],[-44,44],[-14,42],[-12,86],[-25,43],[-129,37],[-30,-8],[-44,-49],[-59,-23],[-20,-53],[25,-27],[90,-40],[45,-116],[117,-121],[36,-61],[-1,-46],[-24,-15],[-116,84],[-42,-22],[-29,-43],[-8,-53],[90,-76]],[[17307,32698],[-130,45],[-769,193],[-243,-41],[-510,-130],[-604,-148]],[[15051,32617],[-403,-100],[-86,-24]],[[60921,31088],[36,18],[21,76],[-10,138],[-29,51],[-4,63],[18,67],[-4,32],[-32,22],[42,45],[-9,58],[-32,71],[23,9],[-6,44],[16,36],[58,56],[-3,25],[-37,28],[-14,70],[-4,97],[12,113],[21,-9],[9,-85],[17,-12],[50,37],[17,27],[-25,62],[16,114],[20,89],[34,35],[-19,84],[11,78],[46,-20],[20,6],[72,180],[34,16],[20,-42],[24,9],[14,123],[-23,94],[9,67],[36,37],[38,0],[21,31],[-19,143],[19,45],[54,33],[8,30],[-27,66],[2,34],[31,30]],[[61493,33509],[4,-74],[40,-26],[-18,-36],[29,-64],[-7,-49],[35,-141],[36,17],[22,-139],[16,-28],[23,35],[28,-62],[48,-40],[2,-74],[-8,-28],[-33,-19],[-9,-62],[-27,-83],[10,-55],[47,-6],[-23,-144],[11,-50],[-41,15],[-21,-9],[-5,-49],[21,-45],[27,-23],[27,10],[22,-22],[61,8],[30,-25],[10,-40],[-24,-28],[-30,-188],[-50,23],[-10,-16],[-45,15],[-5,-28],[-35,-24],[1,-120],[28,-43],[-31,-25],[15,-46],[-38,-58],[19,-69],[-3,-64],[19,-51],[6,-84],[29,-26],[40,-76],[30,-19],[-20,-90],[33,-67],[25,15],[43,-51],[46,31],[68,-6],[28,-68],[42,42],[35,-17],[8,-91],[-21,-28],[16,-59],[-18,-23],[29,-45],[-20,-59],[41,-134],[-4,-82],[40,6],[8,36],[34,47],[72,25],[20,-48],[-20,-14],[23,-81],[42,-56],[-16,-63],[13,-79],[-68,-55],[34,-24],[-41,-28],[-44,72],[-45,3],[-41,62],[-32,-26],[-9,-62],[46,-63],[-35,-123],[-3,-34],[18,-33],[-4,-34],[-66,30],[-36,-15],[-8,-63],[-18,0],[-14,-54],[5,-56],[21,-33],[37,-14],[63,2],[71,-19],[113,13],[179,-84],[154,-68],[48,4],[59,58],[38,26],[74,18],[29,-6],[76,-61],[25,0],[51,33],[25,42],[3,77],[38,129],[45,91],[34,47],[49,30],[95,-28],[31,-43],[-1,-41],[35,-17],[53,-151],[73,-78],[7,-80],[17,-32],[4,-68],[26,-60],[-7,-84],[21,-160],[-32,-59],[23,-55],[-19,-96],[-10,-96],[5,-27],[39,-45],[28,-6],[41,-68],[9,-96],[22,-49],[11,-55],[43,-51],[57,-30],[22,-72],[42,-69],[31,-24],[30,33],[33,-11],[-4,47],[61,119],[24,-56],[32,-9],[32,-84],[4,-54],[46,-15],[36,-33],[28,-53],[74,-1],[57,-20],[96,26],[13,30],[32,22],[39,-12],[97,-5],[14,6]],[[64594,28287],[9,-115],[58,-80]],[[64661,28092],[-37,-25],[-45,-70],[-36,-4],[-53,-34],[-35,-89],[-26,-2],[2,-96],[-112,9],[-21,-17],[-93,7],[-52,-21],[-78,-64],[-30,-72],[-38,-48],[-44,-132],[-8,-89],[11,-62],[23,-45],[-17,-27],[-19,-77],[-39,-31],[-87,6],[-64,-68],[-11,-129],[-25,-47],[-55,-41],[-54,-18],[-27,-36],[29,-125],[13,-97],[-54,-139],[-5,-47],[20,-45],[4,-74],[-71,-158],[-3,-86],[10,-75],[17,-46],[28,-13],[8,-51],[-24,-31],[-8,-51],[-61,-158],[1,-45],[-35,17],[-95,149],[-54,34],[-57,0],[-13,-72],[17,-55],[-14,-119],[-39,-70],[-201,-10],[-21,-14],[-22,-56],[-41,-55],[-57,-34]],[[59431,39975],[24,-62],[6,-100],[-12,-75],[0,-59],[34,-111],[11,-102],[-6,-110],[28,-95],[15,-74],[38,-68],[50,-44],[54,-100],[242,-195],[77,35],[20,61],[26,29],[9,96],[16,45],[35,26],[9,55],[91,9],[22,-66],[-1,-45],[16,-49],[31,69],[58,23],[19,28],[1,70],[23,14],[14,-35],[30,22],[58,17],[45,69],[42,35],[36,-42],[24,16],[22,-61],[22,-32],[-2,-67],[-31,-63],[-4,-33],[37,-16],[52,-57],[50,-30],[40,-11],[42,-38],[40,-71],[33,-1],[27,-51],[24,-5],[35,-70],[46,-24],[24,16],[40,-60],[1,-21],[48,-45],[16,-29],[83,-45],[84,-85],[55,-5],[31,35],[67,-25],[951,-1172],[112,-38],[15,-14],[26,-93],[30,-34],[33,-6],[60,-34],[71,-56],[15,-31],[53,-47],[39,-14],[40,-41],[30,-69],[48,-62],[53,-144],[18,-82],[3,-90],[13,-61],[-4,-54],[21,-52],[41,-24],[26,-71],[15,-94],[36,-117],[13,-105],[41,-25]],[[63297,35738],[0,-62],[-24,-19],[30,-36],[-33,-47],[17,-25],[-35,-43],[15,-32],[-11,-32],[1,-68],[-36,-5],[1,35],[-82,77],[-43,18],[-14,58],[44,0],[1,34],[-61,33],[0,52],[-54,-15],[-12,-18],[-40,43],[-33,-44],[-16,36],[0,87],[-17,44],[-24,-18],[-41,4],[-14,23],[22,77],[-28,53],[7,33],[-59,28],[-6,-43],[28,-22],[5,-50],[-37,-78],[-54,52],[-14,-14],[-76,47],[-101,168],[-62,77],[-16,-3],[-22,-62],[-70,-71],[-7,-69],[-63,48],[-21,-5],[-59,-62],[-31,17],[-30,130],[-20,36],[-34,0],[-66,25],[-24,-11],[5,-78],[14,-47],[-26,-78],[-12,-86],[-77,-55],[-82,-9],[7,-105],[22,-111],[3,-170],[-13,-17],[-52,13],[-59,51],[-8,63],[18,26],[-18,100],[11,63],[-8,25],[-54,7],[-7,-44],[-48,-4],[-79,-48],[-16,-51],[68,-56],[6,-30],[63,-44],[-51,-13],[-9,-50],[-55,-30],[12,-43],[-28,-33],[-34,-5],[-20,-30],[-22,16],[-42,-20],[-2,-42],[-48,-25],[-18,22],[-9,-101],[40,-15],[-18,-79],[23,-30],[45,-28],[-7,-40],[30,-32],[18,-53],[9,-72],[-15,-21],[-33,57],[-33,-44],[0,-37],[-28,-15],[-19,-46],[44,-83],[11,-118],[-28,-24],[16,-53],[18,-101],[-15,-41],[24,-47],[116,-59],[48,41],[46,-32],[17,-46],[63,-27],[52,-49],[39,-62],[-23,-34],[35,-16],[-8,-79],[-36,-60],[-50,-14],[-6,-56],[-39,16],[-41,-22],[-46,67],[-35,-66],[-6,-129],[-25,-22]],[[57849,34372],[52,28],[40,-24],[44,7],[42,32],[47,2],[25,15],[48,-25],[-1,41],[27,33],[61,-1],[15,31],[109,-31],[16,48],[34,-13],[8,-36],[44,38],[19,-4],[31,31],[-4,34],[11,77],[37,12],[1,32],[74,-5],[17,-30],[-9,228],[8,269],[-4,54],[24,55],[20,138],[29,105],[6,100],[18,59],[30,3],[21,-46],[35,52],[-13,126],[5,65],[21,54],[21,16],[30,-32],[16,-54],[38,3],[-6,46],[26,61],[-10,29],[15,61],[25,-6],[25,34],[10,67],[47,31],[5,29],[-9,153],[-31,31],[-18,97],[-40,70],[-591,532]],[[15065,43970],[-36,-6],[-19,32],[0,48],[-41,12],[-58,-23],[-19,59],[-33,2],[-22,74],[-30,-1],[-22,38],[-36,-6],[-21,-29],[24,-56],[2,-91],[-34,13],[-43,-21],[5,68],[-43,-39],[-33,-12],[-53,147],[-41,63],[-43,35],[-35,3],[-25,-40],[-9,-72],[-53,58],[31,147],[-28,86],[37,7],[-34,66],[-67,40],[13,49],[-37,22],[1,55],[23,20],[9,50],[-36,24],[-4,44],[-25,8],[32,69],[-13,29],[-46,-5],[-58,11],[-13,-54],[-72,-22],[-7,130],[10,37],[-3,54],[18,15],[50,-8],[9,37],[-41,7],[-15,65],[32,34],[-31,45],[-12,45],[-53,8],[6,47],[-26,58],[-29,15],[-34,-11],[-12,38],[42,73],[-12,35],[-41,24],[-40,-20],[-55,21],[-26,-16],[-67,27],[-4,37],[-51,60],[-40,8],[-50,43],[31,70],[26,1],[38,57],[33,-14],[44,31],[35,10],[37,-21],[31,2],[80,42],[44,-1],[41,49],[51,20],[8,31],[69,29],[14,51],[28,-7],[61,-42],[25,-59],[30,-120],[24,-4],[9,-39],[42,-26],[25,-38],[33,-3],[45,17],[21,-10],[29,76],[32,44],[6,53],[17,11],[65,-25],[31,11],[29,-23],[37,30],[47,-31],[45,4],[25,25],[77,-35],[29,7],[62,-92],[20,-66],[51,-28],[11,-19],[42,18],[30,-34],[4,-52],[43,-2],[61,-87],[48,-27],[17,23],[-9,48],[35,18],[30,-31],[46,7],[54,-47],[87,8],[31,-34],[26,36],[33,15],[54,-27],[83,3],[38,-61],[88,-114],[11,-51],[37,-27],[15,-72],[7,-108],[22,-23],[8,-49],[38,-112],[5,-47],[20,-41],[64,-34],[70,-104],[53,-7],[-245,1448],[72,46],[28,40],[65,2],[63,56],[16,36],[56,83],[24,83],[28,63],[-1,77],[24,84],[-2,57],[-30,155]],[[16405,46963],[53,-78],[17,-13],[72,0],[0,116],[108,-5],[371,1],[593,-3]],[[19305,45845],[-10,-120],[25,-114],[-14,-34],[42,-47],[-5,-60],[-18,-81],[-12,-11],[-69,9],[7,55],[-29,32],[-95,-6],[-14,-45],[11,-50],[-13,-34],[-68,-31],[-39,35],[7,48],[-52,77],[-26,-4],[6,-55],[-8,-58],[-50,-36],[-118,-147],[-54,-11],[-42,16],[-18,-32],[5,-65],[-35,-1],[-46,21],[-45,78],[-23,-15],[-49,2],[-13,-51],[-38,-94],[19,-102],[-27,-51],[-26,-18],[-5,-70],[1613,69],[180,16],[104,5],[24,-119],[24,-17],[104,-11],[-8,-588],[-18,-421],[10,-410],[-2,-163],[59,-33],[34,21],[38,-1],[32,36],[43,2],[56,-18],[25,5],[74,-16],[-8,-118],[-68,-107],[-20,-79],[59,18],[32,24],[62,14],[46,53],[56,-62],[34,-63],[1,-28],[81,-86],[47,-72],[26,-25],[18,30],[-29,38],[15,40],[47,-15],[35,-50],[32,-86],[43,-76],[0,-94],[48,-107],[10,-43],[37,-76],[34,-98],[9,-59],[120,-4],[118,247],[101,60]],[[21744,42308],[403,29],[62,95],[-10,33],[-36,43],[2,68],[-29,154],[0,64],[13,16],[246,-19],[91,28],[81,18],[27,20],[118,6],[48,36],[96,-8],[39,40],[32,6],[80,35],[50,-19],[17,34],[26,-7],[68,14],[99,-137],[34,-68]],[[23117,38720],[-921,200],[-21,-27],[0,-66],[-36,-49],[-51,-96],[-10,-41],[-44,-74],[-3,-44],[-28,-62],[-16,2],[-16,-52],[-31,8],[-16,-75],[-57,-92],[-28,-62],[-31,-2],[-28,-35],[-4,-43],[-29,-20],[-51,55],[-55,-23],[-21,-35],[-30,3],[-50,-18],[-41,-57],[-70,-5],[-42,-68],[-39,-27],[-34,-71],[-71,-8],[-24,-65],[14,-53],[-22,-80],[-69,-14],[-39,15],[-20,-31],[-33,10],[-21,-86],[-24,-33],[32,-48],[2,-34],[22,-37],[18,-78],[32,15],[25,-67],[-78,-33],[31,-62],[-10,-96],[29,-20],[0,-63],[-36,-4],[-46,-51],[-23,-5],[-21,-41],[-6,-46],[-56,-7],[5,-45],[26,-31],[-13,-42],[-82,-34],[-9,-37],[-44,-9],[8,-44],[-31,-52],[12,-47],[-17,-25],[27,-60],[-33,-8],[-4,-76],[-23,-40],[13,-32],[-13,-32],[-40,47],[0,44],[-28,26],[-29,-27],[-5,-52],[13,-91],[13,-1],[20,-88],[-19,-50],[5,-55],[37,-51],[-22,-51],[-32,-13],[-28,21],[3,-63],[27,-10],[-6,-70],[-41,1],[3,-31],[54,-48],[-7,-39],[-35,-65],[-24,-18],[9,-63],[-40,-6],[-47,-37],[21,-53],[40,-13],[-12,-45],[11,-52],[64,45],[31,-49],[-31,-53],[-64,-34],[-46,9],[-13,-34],[-30,32],[-32,-26],[-27,18],[-6,39],[-43,19],[-29,-61],[-24,10],[-14,-33],[15,-79],[55,-31],[-12,-77],[-29,-28],[-42,-70],[25,-30],[85,33],[42,-13],[20,-49],[-4,-33],[-44,0],[-51,-52],[-5,-37],[29,-58],[42,1],[23,-47],[5,-65],[-25,-1],[-31,-45],[1,-123],[-38,-14],[6,-37],[36,-51],[8,-73],[-17,-10],[-59,32],[-31,-13],[-24,41],[-68,-35],[-31,-2],[27,-70],[56,-11],[14,-21],[11,-72],[-31,-51],[-57,26],[-67,2],[-51,42],[-62,-57],[-41,0],[10,72],[-59,-59],[-30,-61],[-47,-25],[10,-32],[31,-27],[-23,-52],[-22,15],[-27,-20],[16,-96],[-14,-16],[-40,34],[-75,-1],[-32,30],[-17,-21],[-56,-30],[-32,-39],[3,-36],[31,-32],[8,-98],[41,-38],[-13,-71],[-40,-50],[9,-51],[31,-67],[62,-45],[37,11],[-5,-54],[-36,-2],[21,-134],[-3,-95],[-14,-91],[-42,12],[-31,-46],[24,-116],[-18,-177],[25,-13],[-51,-58],[28,-45],[-19,-34],[14,-62],[32,-22],[43,6],[8,43],[32,-10],[33,-76],[10,-53]],[[19812,32127],[-2,-29],[-42,2],[-1,-52],[-14,-25],[-84,33],[-30,-30],[-34,3],[-13,33],[-5,72],[-38,4],[-17,57],[-33,13]],[[19499,32208],[-1219,310],[-538,22],[-435,158]],[[36394,34622],[-3,-197],[-13,-52],[-6,-107],[18,-63],[-10,-19],[15,-82],[-15,-107],[-16,-36],[17,-63],[38,-45],[24,0],[24,-59],[11,-60],[2,-107],[-22,-36],[0,-42],[28,1],[52,-37],[18,27],[23,-16],[30,22],[45,3],[10,-48],[35,-16],[-8,-35],[18,-34],[41,-10],[5,-55],[-29,-30],[1,-52],[24,-38],[-31,-25],[-7,-45],[-35,-42],[-40,-3],[-30,-42],[14,-93],[-1,-89],[66,-4],[19,-28],[25,14],[43,-43],[9,-56],[35,-84],[32,-51],[36,41],[33,-52],[28,2],[6,-83],[33,8],[3,-41],[-16,-35],[-13,-78],[-53,35],[-8,-65],[27,-39],[42,0],[-48,-60],[25,-23],[19,29],[28,5],[30,29],[13,45],[19,10],[25,-40],[-7,-58],[27,-44],[1,-95],[-36,22],[-22,-101],[-33,-31],[39,-57],[16,17],[41,-18],[8,-49],[-30,-29],[-14,-52],[20,-65],[31,0],[-20,-83],[119,-64],[5,-34],[-22,-80],[24,-29],[-23,-102],[26,-43],[-54,-16],[-15,43],[-26,1],[-20,-71],[35,-19],[-16,-61],[-29,-13],[-45,51],[-22,57],[13,31],[-34,38],[-23,-41],[-31,7],[-4,-80],[13,-74],[-21,-39],[37,-95],[28,-16],[-28,-43],[3,-44],[29,1],[24,41],[33,22],[8,-49],[-35,-76],[-45,-69],[-50,9],[-6,-49],[74,-5],[15,-55],[-39,-69],[-77,-20],[51,-24],[5,-23],[-55,-20],[-12,-19],[13,-69],[-43,13],[-39,58],[-42,-33],[-6,-47],[43,-66],[28,18],[14,-25],[-5,-64],[-18,-15],[-52,34],[-29,36],[-6,-53],[-31,-39],[38,-43],[-27,-43],[-8,-82],[-34,14],[-23,43],[-35,-76],[-64,-74],[74,-53],[7,-61],[24,-28],[38,8],[4,74],[-32,79],[14,16],[59,-9],[16,-65],[47,13],[-24,-82],[19,-39],[-9,-47],[-47,-72],[30,-59],[-52,19],[-12,-30],[35,-79],[17,-14],[-23,-70],[27,-46]],[[36796,29484],[4,-47],[60,-43],[-18,-64],[13,-90],[-9,-45],[-29,-53],[-22,-6],[-67,35],[-34,30],[-53,80],[30,17],[25,44],[-28,54],[-44,-33],[-93,-32],[-109,-7],[-15,-36],[27,-45],[21,-72],[29,-38],[9,-36],[-1,-73],[-13,-32],[-36,-15],[-90,60],[-33,-8],[-31,46],[-23,-3],[-23,-69],[-47,-38],[3,-53],[49,-81],[-1,-116],[-27,-53],[6,-53],[-29,-46],[-25,-5],[-27,64],[-36,25],[-33,-33],[-19,-84],[0,-90],[39,-110],[16,-27],[20,-92],[44,-20],[42,34],[64,19],[13,-35],[-32,-52],[-7,-53],[43,-104],[-43,-24],[-10,-56],[-25,-9],[-48,37],[-30,-18],[3,-82],[24,-54],[-17,-52],[-40,52],[-82,81],[-3,48],[10,69],[-13,16],[-43,-8],[-51,-110],[-41,-61],[-7,-54],[1,-125],[40,-59],[30,3],[60,31],[32,0],[39,-55],[-19,-92],[-17,-49],[-26,-28],[-64,-44],[-39,-6],[-68,95],[-61,8],[-26,-43],[8,-95],[27,-131],[-4,-35],[-25,-27],[-35,1],[-72,51],[-74,18],[-29,-25],[-16,-52],[-40,-74]],[[35505,27042],[-17,90],[-28,98],[-9,69],[7,76],[-27,139],[18,56],[60,75],[88,52],[-5,36],[-53,67],[-21,11],[-39,-13],[-31,44],[12,79],[23,29],[31,-5],[47,-35],[14,9],[-4,80],[10,65],[43,110],[-16,15],[-52,-38],[-16,34],[34,53],[3,42],[-35,62],[18,35],[26,4],[55,-23],[19,14],[48,105],[28,35],[56,-30],[38,28],[-4,36],[-67,68],[-19,42],[2,49],[18,18],[10,51],[-79,51],[-31,-58],[-38,-3],[-9,23],[23,61],[-3,77],[-12,43],[22,41],[37,15],[14,45],[-43,60],[-62,165],[-38,-3],[-22,-22],[-28,-68],[-46,-60],[-84,95],[-48,27],[-44,-3],[-37,32],[-37,4],[-12,32]],[[38467,37604],[-7,-26],[19,-81],[-25,-7],[-31,32],[-32,-30],[13,-49],[-25,-18],[22,-62],[36,-28],[1,-42],[-14,-62],[13,-10],[57,55],[35,-61],[33,-80],[-5,-53],[41,4],[13,-30],[-30,-78],[-61,-16],[-23,-41],[-30,12],[-5,-44],[13,-155],[49,-86],[4,-47],[44,-103],[45,-69],[3,-37],[-36,-64],[-27,-11],[-15,-98],[-15,-36],[12,-54],[29,-70],[-2,-75],[-13,-107],[26,-87],[41,-57],[27,-103],[26,-41],[40,-101],[4,-49],[-25,-116],[30,-33],[38,-17],[42,-57],[18,-54],[45,-34],[48,-11],[57,26],[10,-33],[46,9],[75,-39],[60,3],[24,-53],[2,-48],[39,1],[26,47],[44,-26],[33,7],[2,-42],[44,-36],[-22,-27],[-3,-114],[41,-39],[21,-3],[44,35],[34,-67],[7,-43],[29,-6],[3,-136],[-19,-19],[17,-59],[-7,-57],[-31,27],[-12,-75],[51,-32],[12,19],[66,-83],[25,-62],[0,-62],[39,-37],[-7,-50],[-27,-42],[36,-73],[36,12],[3,76],[25,15],[34,-41],[-14,-33],[7,-76],[-34,10],[-38,-58],[46,-70],[7,-56],[-18,-37],[-26,-10],[-18,-45],[-43,-38],[20,-56],[10,-73]],[[39577,32174],[-23,-17],[-11,-43],[-98,-43],[-40,6],[-65,66],[4,-94],[59,-122],[-10,-19],[-13,-92],[-43,15],[-46,-95],[-26,13],[-45,65],[-32,-12],[-2,-40],[37,-99],[-34,-33],[14,-54],[-51,-6],[-29,23],[-34,-5],[-31,38],[-35,22],[-29,-38],[-40,33],[-32,-10],[12,-73],[-23,-17],[-57,57],[-84,6],[-8,-53],[32,-84],[30,-59],[-38,-30],[-20,-49],[-60,-28],[-63,3],[-60,-34],[-17,-50],[15,-36],[44,-211],[63,-70],[5,-109],[-16,-37],[-23,41],[-115,41],[-48,-58],[-66,-34],[-60,7],[-32,59],[41,57],[10,32],[-21,35],[-33,19],[-21,-12],[-37,-114],[1,-19],[52,-86],[5,-94],[10,-45],[-35,-30],[-37,-50],[-60,-27],[-33,-62],[-38,-9],[-25,95],[-49,49],[-18,80],[-42,-36],[-2,-99],[-59,-84],[-21,-71],[-30,-30],[-14,-36],[15,-37],[130,31],[23,-53],[-13,-57],[-71,-55],[-33,26],[-25,-4],[3,-61],[-101,-66],[-8,-26],[13,-104],[39,-99],[46,-39],[5,-38],[-53,-10],[-76,2],[-15,37],[-23,114],[-23,26],[-62,-20],[-22,49],[-14,61],[-56,41],[-134,-25],[-46,-14],[-31,30],[-35,-13],[1,-38],[31,-147],[-8,-38],[-28,-28],[-42,1],[-5,-74],[-13,-38],[-44,-35],[-19,3],[-45,42],[-8,24],[26,46],[15,57],[-11,51],[-19,15],[-55,-99],[-36,-40],[-2,-42],[18,-102],[44,-26],[-9,-33],[-82,-15],[-103,73],[-88,-10],[-32,-37]],[[26977,34364],[2238,-41],[32,-60],[61,-14],[27,-40],[34,1],[30,-30],[0,-52],[50,-58],[22,-40],[49,-56],[76,-56],[80,-19],[-35,-77],[11,-72],[22,-32],[-35,-23],[-23,29],[-57,14],[-44,-41],[-19,-63],[8,-29],[68,-6],[12,-46],[-20,-65],[-32,10],[-1,-52],[23,-21],[-2,-56],[-52,16],[-14,-55],[-25,-28],[-23,49],[-34,-11],[-1,-74],[-30,-11],[-16,-45],[-36,-15],[-29,-36],[-36,3],[-39,-33],[-4,-36],[-36,-14],[-21,48],[-35,-15],[10,-99],[-30,-46],[-47,-17],[-2,-110],[-46,2],[-21,-39],[37,-27],[84,29],[13,-31],[-34,-76],[-11,-58],[-61,59],[-20,-8],[18,-75],[-15,-32],[-36,22],[-16,66],[-30,9],[-3,-85],[31,-26],[51,-91],[33,-24],[7,-51],[-13,-39],[3,-79],[-31,0],[-26,29],[-29,-15],[2,-83],[-46,-46],[26,-15],[35,11],[36,-11],[12,-61],[-8,-22],[-45,-38],[-22,-39],[18,-79],[19,-19],[56,-5],[31,-27],[4,-50],[-44,-17],[-22,-55],[0,-41],[67,-93],[-6,-39],[-43,-38],[-28,11],[-42,58],[-17,48],[-41,55],[-53,10],[-29,-13],[39,-46],[40,-20],[25,-54],[12,-73],[-11,-100],[-28,-95],[-40,-25],[-45,3],[-57,-76],[-29,17],[-27,45],[3,94],[-35,102],[-32,-55],[-29,-19],[-9,-46],[6,-50],[-35,-111],[-47,-30],[-29,13],[-46,118],[-21,3],[-53,-67],[15,-67],[46,-2],[59,-27],[33,-34],[70,-44],[19,-36],[1,-53],[-32,-7],[-38,23],[-66,16],[-37,-13],[23,-56],[34,-113],[-17,-55],[-41,-26],[13,-26],[34,7],[68,-69],[-12,-37],[-2,-66],[-52,-66],[-1,-116],[-27,-56],[-43,26],[7,39],[32,77],[-9,30],[-82,87],[-18,4],[-26,-39],[-50,-174],[-44,-20],[-27,22],[-11,-36],[32,-11],[-11,-42],[-59,-88],[4,-50],[50,-11],[66,73],[34,8],[48,-28],[-5,-40],[-96,-55],[-21,-43],[-43,-25]],[[29660,38535],[21,34],[50,17],[-17,56],[17,22],[-52,31],[13,27],[57,9],[2,-30],[70,58],[-86,52],[21,51],[-46,5],[21,75],[-8,44],[51,46],[-2,52],[-84,59],[4,65],[52,-7],[35,-19],[35,27],[28,49],[-16,58],[-8,77],[32,4],[39,-17],[28,21],[47,-20],[13,40],[26,2],[23,73],[75,-23],[-20,43],[-4,43],[-49,12],[-1,42],[46,8],[16,35],[50,5],[50,55],[87,83],[13,-46],[45,8],[-60,108],[8,48],[50,-20],[59,-53],[16,9],[57,95],[-15,21],[-68,-10],[-26,30],[5,26],[51,40],[6,58],[-27,39],[6,48],[55,2],[-65,52],[9,72],[-4,52],[-49,6],[26,74],[20,1],[35,-77],[62,9],[30,-19],[39,-2],[10,48],[-39,40],[66,31],[23,53],[-22,33],[-56,-3],[-20,86],[-66,105],[-12,29],[10,41],[63,7],[0,55],[-46,19],[-49,37],[-54,109],[30,52],[-10,57],[-43,39],[-40,11],[-4,32],[17,51],[-24,98],[6,32],[36,-22],[38,0],[24,39],[57,56],[-19,36],[-4,46],[16,44],[23,9],[31,-25],[31,9],[29,119],[78,-21],[29,-49],[36,-3],[40,52]],[[30739,41722],[9,-53],[79,-24],[234,19],[49,11],[25,-68],[14,-122],[22,-68],[47,-90],[51,-39],[44,-79],[26,-30],[103,-75],[17,-28],[-14,-60],[-44,-36],[-59,10],[-78,58],[-102,15],[-13,-33],[64,-132],[-1,-42],[-26,-94],[-35,-20],[-59,16],[-80,71],[-56,12],[-51,-53],[-36,-73],[22,-43],[63,-52],[59,-21],[43,-44],[17,-41],[37,-139],[66,-106],[50,-31],[20,26],[-12,87],[-28,73],[-20,113],[1,89],[34,23],[21,-14],[57,-78],[74,-63],[30,-52],[2,-95],[-32,-63],[-46,-52],[-13,-37],[-24,-132],[6,-53],[41,-33],[98,-9],[31,-18],[42,-96],[28,-26],[69,-41],[70,-15],[60,-33],[53,-50],[82,-29],[51,18],[17,75],[2,58],[-30,129],[-51,64],[-61,99],[-3,53],[14,59],[39,72],[41,-5],[51,-50],[53,-128],[38,-13],[22,49],[3,72],[23,58],[46,11],[31,-8],[72,-53],[96,-4],[25,56],[-33,82],[-16,20],[-55,24],[-89,55],[-9,20],[7,78],[15,36],[71,96],[77,118],[28,112],[30,-6],[17,-80],[41,-110],[14,-95],[-4,-58],[-40,-163],[-1,-74],[23,-62],[31,-50],[47,-53],[67,-34],[41,29],[11,124],[37,-7],[28,-47],[33,-16],[83,0],[32,-75],[7,-89],[-7,-76],[5,-55],[-13,-49],[23,-28],[44,-19],[33,6],[27,40],[61,155],[36,63],[38,111],[-1,161],[33,44],[135,-10],[64,12],[66,46],[44,62],[40,15],[12,-30],[-20,-86]],[[33462,40409],[-21,-64],[-42,-81],[-33,-25],[-32,-52],[-72,-57],[-77,-46],[-18,-32],[7,-37],[46,-45],[48,12],[38,42],[57,111],[69,24],[27,-15],[31,-57],[22,-132],[3,-47],[19,-72],[17,-173],[11,-64],[0,-79]],[[36861,41310],[8,45],[-14,123],[10,60],[27,20],[51,-10],[48,-76],[26,3],[-8,113],[14,45],[72,-3],[27,34],[2,92],[24,21],[111,-111],[39,-83],[14,-116],[16,-36],[32,-23],[27,1],[54,58],[4,27],[-45,57],[-6,47],[47,25]],[[37441,41623],[51,59],[95,37],[57,-1],[16,-19],[13,-62],[-9,-77],[9,-61],[48,-53],[39,8],[1,62],[-33,129],[15,49],[100,-36],[123,128],[66,49],[80,-21],[12,-41],[-11,-71],[-60,-118],[-13,-54],[-59,-92],[-94,-50],[-22,-24],[-7,-76],[44,-27],[85,18],[43,-32],[81,-21],[93,-96],[10,-23],[-7,-147],[23,-28],[63,-8],[44,39],[-2,41],[-39,36],[-59,75],[11,39],[74,-54],[33,-3],[34,18],[-4,55],[-66,57],[-2,36],[35,24],[42,-24],[21,-50],[22,-97],[15,-218],[10,-47],[35,-40],[29,-80],[-36,-51],[-49,-87],[-22,-92],[6,-23],[44,-30],[41,4],[45,38],[32,80],[30,124],[-3,31],[-33,74],[-68,80],[37,63],[132,98],[39,11],[59,-58],[34,2],[47,161],[26,12],[27,40],[7,85],[42,72],[46,38],[37,-1],[52,-32],[20,6],[73,81],[41,4],[27,-25],[-10,-59],[-28,-45],[-63,-32],[-104,-12],[-37,-92],[-8,-64],[22,-41],[130,-2],[45,16],[30,29],[42,11],[43,-11],[12,-38],[-25,-56],[-93,-39],[-28,-65],[20,-32],[62,-19],[22,40],[26,-11],[10,-78],[22,-43],[38,29],[2,78],[10,54],[22,22],[26,-27],[43,-96],[57,-72],[29,-76],[20,-15],[24,37],[2,76],[42,57],[-32,97],[70,126],[36,25],[39,-57],[15,-80],[25,-14],[62,14],[48,60],[38,8],[25,-26],[-4,-54],[-17,-71],[1,-38],[-52,-28],[-35,-160],[5,-40],[-12,-44],[-27,-37],[-41,-7],[-19,-35],[0,-61],[16,-25],[63,-15],[49,16],[19,53],[12,93],[35,-1],[39,-78],[9,-98],[-37,-116],[-34,-55],[14,-52],[41,-10],[43,-26],[52,-46],[47,35],[45,6],[9,27],[-82,116],[-40,49],[37,77],[17,56],[86,10],[23,23],[16,47],[-22,117],[21,49],[28,18],[37,-3],[27,-35],[28,8],[7,60],[41,90],[60,-18],[17,-19],[-4,-84],[-13,-98],[10,-116],[22,-54],[2,-79],[15,1],[27,63],[81,61],[18,69],[-6,64],[39,-24],[37,6],[41,-48],[-13,-59],[2,-73],[11,-22],[55,1],[25,-35],[-20,-50],[-29,-21],[-2,-31],[50,-42],[27,84],[36,25],[35,-2],[44,-36],[9,-61],[34,-38],[51,84],[-16,111],[-75,130],[20,17],[48,-24],[41,4],[20,48],[22,-15],[23,-94],[20,-13],[30,94],[26,2],[32,-23],[4,-29]],[[41291,40484],[-3,-19],[60,-30],[19,15],[23,-37],[28,19],[70,-18],[-10,-72],[70,-13],[17,-57],[-24,-33],[-13,-138],[50,-56],[40,22],[12,-15],[-10,-65],[14,-33],[-42,-40],[-62,-11],[-43,41],[-35,-51],[-15,-51],[-66,-72],[47,-5],[26,11],[33,-40],[-28,-94],[11,-92],[12,-32],[-18,-41],[23,-42],[-32,-62],[18,-32],[28,30],[8,77],[21,28],[82,-77],[16,-40],[5,-60],[-57,-13],[-5,-39],[-63,-4],[13,-55],[30,-19],[4,-43],[32,-8],[13,-27],[29,26],[18,-60],[-1,-34],[-21,-42],[20,-66],[-48,-27],[7,-37],[-30,-91],[-45,-43],[20,-71],[50,52],[-6,-108],[21,-77],[45,-72],[4,-43],[-34,-20],[-29,-38],[-4,-42],[-37,-84],[28,-39],[-27,-76],[25,-68],[-33,-59],[10,-40],[-39,-103],[-18,-11],[1,-102],[14,-16],[2,-62],[13,-63],[-42,-43],[3,-82],[48,-96],[-36,-54],[18,-22],[-23,-93],[2,-80],[-16,-50],[-8,-157],[-42,-72],[-22,-97],[17,-76],[-2,-130],[22,-56],[2,-56],[32,-64],[-19,-109],[37,-116],[4,-111],[11,-55],[-1,-72],[31,-108],[30,-45],[38,-111],[22,-40]],[[43098,80508],[-24,-40],[-52,-17],[-38,15],[-79,-46],[-28,-38],[-6,59],[-30,91],[-46,54],[-35,16],[-38,-4],[-22,26],[-15,73],[20,81],[-13,14],[-81,0],[-42,15],[-126,-69],[-61,-26],[-47,18],[-15,55],[0,140],[-7,59],[-54,-96],[-27,-119],[-13,-92],[-32,-13],[-102,-11],[-25,36],[-18,-5]],[[42042,80684],[36,55],[9,37],[28,-24],[27,3],[53,88],[-10,103],[-45,53],[-40,81],[-61,26],[-23,-37],[23,-73],[-17,-45],[-73,-9],[-16,140],[-32,106],[-33,34],[-48,25],[-21,49],[-18,-1],[-38,-51],[-39,-23],[-40,50],[3,56],[24,124],[-1,70],[18,65],[-5,49]],[[41703,81635],[25,17],[23,59],[51,12],[42,28],[41,4],[9,43],[38,36],[15,34],[81,-60],[30,4],[4,57],[70,72],[29,-60],[23,55],[72,68],[25,43],[-10,24],[23,36],[43,38],[9,53],[37,63],[33,9],[27,44],[36,-22],[39,42],[46,-31],[14,27],[33,-2],[44,66],[45,16],[36,-37],[40,-7],[75,46],[36,-9],[53,39],[57,18],[85,111],[10,97],[36,124],[45,106],[23,26],[19,73],[33,28],[32,71],[34,27],[42,10],[64,-39],[81,16],[69,-13],[64,35],[18,-3],[66,57]],[[43718,83186],[40,25],[50,83],[-29,62],[-57,43],[-53,98],[-77,70],[-53,120],[-8,157],[-26,40],[204,-2],[148,-5],[0,50],[13,42],[6,168],[22,28],[0,285],[69,72],[47,40],[38,64],[26,26],[50,14],[32,23],[86,24],[77,29],[26,-4],[26,43],[11,45],[49,38],[16,88],[4,75],[40,81],[6,72],[25,60],[6,71],[41,99],[27,258],[10,40],[-9,35],[23,52],[11,62],[-15,79],[15,60],[-6,48],[11,82],[0,127],[9,65],[32,70],[-13,40]],[[43718,83186],[-195,135],[-74,61],[-101,53],[-39,-9],[-42,-32],[-53,20],[-25,26],[-116,45],[-10,51],[6,95],[-8,128],[-20,29],[-38,11],[-82,0],[-26,18],[-20,61],[-16,86],[41,91],[-4,72],[-70,81],[-5,104],[-9,40],[-50,41]],[[36011,82104],[-46,2],[-19,20],[-44,-23],[-38,-48],[-37,31],[-73,-20],[-23,-71],[-56,0],[-17,-43],[-35,6],[-89,-64],[-25,18],[-26,-57],[-40,-12],[-27,-46],[-56,-36],[-49,-65],[-32,7],[-63,-58],[-22,17],[-18,-41],[-53,5],[-52,-74],[-47,-34],[-68,3],[-25,-32],[-51,53],[-46,-49],[-19,22],[-42,-2],[-26,-34],[-21,43],[-27,-37],[-92,-44],[-21,-51],[-39,-29],[-15,22],[-34,-37],[-854,475],[27,43],[3,96],[-9,80],[16,64],[-21,103],[-22,55],[-61,104],[-9,33],[-33,18],[-19,43],[-25,-3],[-19,34],[-38,-10],[-29,40],[-27,-13],[-16,34],[-32,-31]],[[33330,82511],[-1,411]],[[36948,87482],[-19,-43],[-3,-46],[-19,-55],[0,-94],[-57,-142],[7,-48],[-17,-25],[25,-106],[-34,-110],[5,-75],[20,-75],[-7,-47],[18,-80],[22,-46],[0,-74],[-13,-36],[7,-139],[19,-68],[4,-102],[-9,-46],[-3,-88],[-48,-131],[-24,-44],[564,256]],[[47402,86904],[16,50],[49,70],[16,64],[117,181],[37,32],[89,29],[32,96],[29,164],[3,63],[15,18],[12,127],[15,39],[3,85],[11,78],[3,90],[-7,127],[-25,138],[-22,65],[12,62],[13,214],[20,98],[35,68],[42,116],[3,30],[33,9]],[[47953,89017],[11,-42],[50,-60],[56,-48],[23,-40],[13,-140],[174,1],[49,-37],[57,-20],[99,32],[24,26],[63,20],[67,93],[41,29],[51,100],[28,106],[45,15],[86,86],[80,-31],[143,154],[20,-8],[35,27],[35,-7],[67,42],[88,-7],[69,-42],[25,44],[25,-31],[3,-59],[25,2],[60,44],[-5,49],[30,16],[25,55],[35,26]],[[49650,89412],[10,-34],[48,12],[26,-21],[27,40],[35,-98],[-4,-50],[13,-45],[35,-48],[31,33],[20,-8],[38,44],[33,-38],[-10,-43],[41,-25],[22,40],[27,-18],[-5,-59],[30,-92],[-32,-28],[8,-26],[-35,-41],[-69,-40],[10,-41],[-29,-49],[3,-36],[31,-64],[71,45],[20,-33],[54,15],[17,-69],[25,-15],[-7,-49],[-20,-10],[-14,-76],[-15,-17],[-71,27],[-41,-42],[16,-85],[39,-62],[-16,-31],[31,-52],[-34,-37]],[[62951,82296],[-19,8],[-33,99],[-15,124],[-46,28],[-29,4],[-19,-26],[-31,-248],[-72,-109],[-25,-26],[-52,-2],[-31,14],[-194,138],[-29,-21],[-16,-103],[5,-44],[31,-54],[68,-65],[61,-14],[49,10],[36,-6],[84,8],[43,-4],[60,-44],[8,-79],[-28,-79],[4,-93],[15,-32],[99,-110],[17,-70],[-15,-48],[-61,-37],[-59,0],[-79,11],[-37,32],[-19,39],[-46,-6],[-9,-36],[2,-152],[10,-75],[-13,-135],[6,-62],[33,-36],[28,1],[26,42],[13,49],[3,151],[34,3],[47,-41],[55,-81],[78,-78],[96,-63],[-6,-56],[-51,-96],[-23,0],[-83,121],[-38,42],[-33,1],[-49,-31],[-64,-2],[-20,-39],[5,-36],[45,-57],[29,-67],[25,-21]],[[62722,80737],[-38,-72],[-3,-83],[-22,-22],[-22,-84],[13,-90],[-26,-26],[-66,-13],[-3,-35],[-28,-9],[3,-44],[25,-46],[0,-44],[-27,-35],[-25,-7],[-32,19],[-25,47],[-53,10],[-27,-65],[-60,10],[-43,32],[-11,-66],[2,-50],[-62,-43],[-30,8],[-6,-36],[-28,-19],[12,-97],[-70,-51],[-13,-51],[-19,-6],[-32,27],[-50,5],[-4,-66],[-37,-61],[-122,-19],[-47,2],[-63,54],[-10,31],[-32,-2],[-11,33],[-101,10],[-26,-20],[-56,-7],[-77,-72],[-10,-59],[-38,-77],[-38,-8],[-39,176],[-10,87],[3,186],[-44,97],[-23,15],[-75,113],[-28,-2],[-40,27],[-35,42],[-32,-8],[-73,-56],[-82,-21],[-30,47],[-49,18],[-43,31],[-16,-61],[-105,-54],[-29,-1],[-82,-35],[-68,55],[-48,-40],[-34,106]],[[60302,80262],[26,8],[51,95],[1,57],[-24,43],[-38,15],[-88,-41],[-32,106],[-17,23],[-35,-11],[-38,26],[-67,19],[-31,29],[-43,61],[-54,108],[-34,14],[-34,-29],[-33,-49],[-8,-48],[-27,27],[21,57],[6,64],[-19,95],[-100,67],[-56,4],[-48,-50],[-48,7],[-1,59],[48,63],[134,100],[19,26],[-15,56],[-46,42],[-64,-21],[-21,10],[-81,3],[-27,-20],[-30,28],[-36,81],[31,109],[-1,20],[-41,80],[-30,17],[-41,-70],[-42,-30],[-26,6],[-32,-74],[-45,69],[5,109],[-22,57],[-9,52],[-66,-62],[-19,-32],[-36,17],[-10,34],[-11,104],[-14,33],[10,56],[76,-13],[23,9],[38,47],[36,4],[44,51],[-14,39],[-27,28],[-65,23],[-79,41],[-20,-54],[-31,-51],[-14,-54],[-29,11],[-37,-46],[-22,16],[-4,171],[15,41],[4,63],[16,89],[25,15],[-24,42],[-46,33],[-18,41],[26,101]],[[60628,88150],[37,-59],[2,-28],[33,-86],[-6,-74],[34,-48],[13,-106],[20,-46],[-14,-38],[22,-50],[4,-88],[44,-94],[14,-89],[-12,-91],[29,-92],[-5,-53],[-20,-60],[-2,-55],[-36,-51],[-23,-61],[-47,-17],[-38,-103],[-23,-19],[-43,-103],[4,-62],[-29,-80],[-30,-55],[-25,-22],[-21,-69],[12,-59],[66,-31],[60,-160],[13,-47],[27,-40],[3,-51],[15,-26],[65,-68],[50,-74],[18,-104],[-4,-70],[6,-76],[-12,-133],[12,-64],[-6,-31],[14,-94],[17,-30],[29,-8],[95,18],[48,-15],[39,-58],[13,-36],[738,-1285],[28,-65],[39,29],[74,2],[72,-107],[42,-36],[38,1],[51,-22],[41,-32],[69,-22],[31,8],[45,44],[38,53],[63,53],[76,21],[53,63],[33,26],[6,38],[53,87],[24,14],[44,-19],[44,27],[37,-16],[66,-48],[42,-10],[30,-34]],[[62967,83864],[-30,-85],[-29,-115],[-25,-65],[8,-33],[38,-32]],[[19215,76961],[141,-430],[-136,-198],[85,-164],[71,-154],[148,-303],[36,-22],[98,-192],[34,-370],[23,-229],[-14,-171],[34,-192],[26,-100],[55,-156],[21,-94],[-2,-34],[-158,-269],[-53,-72],[-84,-204],[-38,-73],[-81,-106],[-74,-88],[-13,-38],[55,-176],[63,-183],[133,-84],[273,-166],[214,-136],[20,-37],[45,-1],[180,-106],[69,-32],[130,-24],[57,-23],[175,-109],[50,-39],[28,-7],[148,-92],[53,40],[22,-15],[32,-86],[218,-138],[55,59],[39,19],[58,-54],[72,-158],[80,-53],[10,-28],[61,-68],[87,-5],[32,-16],[55,-3],[38,-27]],[[21886,71554],[-21,-113],[-30,-17],[-61,-95],[-34,-106],[-21,-37],[12,-38],[44,-44],[-2,-34],[34,-49],[27,-14],[29,-52],[0,-38],[39,-61],[14,-99],[35,-74],[42,-58],[17,-113],[-11,-123],[11,-30],[16,-103],[-3,-132],[-89,-218],[-63,-6],[-118,60],[-47,-12],[-25,-65],[-19,-14],[-48,-77],[-10,-59],[-22,-17],[-19,-182],[-44,-30],[1,-43],[-29,-12],[-9,-51],[-30,-24],[-27,-44],[-25,-76],[-4,-57],[-16,-61],[-10,-126],[-12,-54],[16,-58],[-86,-67],[-24,-46],[-36,-34],[-48,-109],[2,-57],[39,-59],[-5,-142],[-40,-75],[-9,-80],[9,-68],[38,-38],[43,-23],[-4,-55],[91,-147],[-7,-70],[25,-78],[-2,-107],[28,-38],[7,-59],[-13,-66],[17,-93],[-16,-14],[-6,-67],[36,-62],[7,-39],[-51,-82],[13,-82],[27,-42],[13,-59],[-12,-38],[5,-47],[-17,-24],[18,-50],[-26,-43],[9,-85],[-23,-79]],[[21376,66574],[-52,-47],[-31,18],[-22,-57],[3,-96],[22,-61],[-8,-39],[-27,7],[35,-89],[-41,-18],[7,-59],[23,-56],[-41,-57],[-15,-56],[-37,-38],[-23,-45],[-12,-83],[11,-86],[-25,-57],[-10,-63],[13,-28],[-35,-50],[-88,35],[-13,15],[-64,-6],[-6,55],[10,24]],[[20950,65637],[27,0],[20,43],[-8,46],[38,102],[1,108],[-32,152],[2,55],[-20,20],[-2,41],[-50,92],[-22,24],[-11,66],[-28,42],[-20,73],[-29,35],[2,30],[-43,44],[-29,9],[-50,54],[-9,41],[-22,19],[-9,67],[-35,71],[-19,7],[-21,49],[-27,20],[-33,62],[-17,8],[-8,126],[-12,78],[-44,80],[-22,90],[-5,142],[-56,85],[-31,95],[-7,43],[-31,48],[-31,7],[-61,51],[-40,55],[-37,34],[-27,95],[-9,69],[-42,58],[-39,30],[-21,-6],[-39,47],[-15,69],[-39,90],[-58,66],[-25,121],[-41,60],[-2,38],[14,73],[-774,-259],[-85,29],[-33,25],[-194,167],[-79,1],[-86,124],[-133,-18],[-43,14],[-69,43],[-73,1],[-70,-45],[26,-190],[-81,-80],[-26,-34],[-77,-40],[-78,-117],[-72,-53],[-37,-122],[-75,-102],[-59,-24],[-58,31],[-55,-21],[-7,-53],[-31,1],[-1,68],[-29,28],[-45,2],[-31,23],[-28,55],[-78,69],[-31,19],[-25,47],[-30,11]],[[17209,68361],[-20,57],[-33,9],[-40,-9],[-88,33],[-23,54],[-55,26],[-16,26],[-49,-2],[-13,39],[-82,35],[-48,50],[-79,25],[-16,29],[-87,69],[-24,51],[-19,7],[-28,56],[-67,60]],[[16422,68976],[-3,49],[25,65],[2,34],[33,46],[72,28],[28,39],[7,107],[28,63],[25,32],[21,69],[40,-4],[1,74],[13,19],[74,26],[44,101],[25,18],[-12,35],[32,74],[30,32],[51,108],[41,62],[42,111],[28,-1],[45,21],[28,-14],[43,13],[32,30],[51,90],[44,59],[69,63],[27,38],[48,20],[69,83],[14,41],[26,-3],[17,57],[32,36],[18,78],[-5,25],[34,108],[3,58],[-26,68],[-1,62],[-25,58],[2,51],[-16,64],[-25,49],[-16,85],[1,70],[-57,73],[-116,70],[-86,85],[-11,103],[8,13],[4,117],[-41,129],[-6,77],[-46,69],[-32,30],[-15,40],[1,73],[-37,92],[-161,-92],[-22,-19],[-52,-3],[-119,5],[-237,17],[-92,-2],[-78,10],[-251,14],[-99,16],[-71,-9],[-29,20],[-91,0],[-90,30],[-43,65],[-27,56],[-78,103],[-18,54],[-34,-18],[-30,22],[-52,-5],[-2,20],[-57,17],[-36,-8],[-64,22],[-61,46],[-65,63],[-88,5],[-32,19],[-51,56],[-49,27],[-43,-1],[-69,-25],[-84,-12],[-60,12],[-22,-18],[-81,-19]],[[14586,72912],[1,89],[35,122],[5,65],[30,69],[-12,58],[6,105],[15,112],[-3,143],[17,83],[-22,91],[-43,65],[-12,207],[-19,80],[18,16],[-3,57],[14,36],[6,74],[-23,11],[-34,93],[0,84],[-11,63],[0,142],[-22,0],[-11,76],[-4,179],[-8,152],[19,633],[6,275],[29,276],[34,298],[31,340],[-11,82],[15,148],[-21,103],[-93,54],[-33,37],[-31,131],[34,85]],[[14485,77646],[53,-39],[15,6],[47,-27],[45,-54],[48,-13],[23,-61],[38,-49],[74,-41],[12,-42],[84,-155],[21,-14],[31,14],[47,-3],[0,-30],[42,-61],[43,-35],[-18,-26],[27,-35],[54,-44],[41,-3],[26,-24],[23,-53],[25,0],[20,-53],[31,-47],[55,-1],[58,-43],[1,-53],[39,-64],[34,3],[15,-30],[99,-107],[0,-50],[25,-12],[37,-56],[14,-92],[31,-34],[8,-59],[40,-23],[28,-34],[26,6],[47,-38],[50,-17],[54,-44],[54,-5],[54,9],[58,-36],[45,11],[87,-68],[39,-54],[64,-44],[29,-47],[59,-43],[19,50],[48,55],[55,40],[44,113],[32,6],[52,91],[55,48],[9,110],[16,56],[47,273],[59,325],[87,84],[132,5],[123,11],[136,18],[90,20],[11,40],[57,66],[60,43],[41,61]],[[20950,65637],[-36,22],[-69,7],[-1,-64],[-49,-20],[-30,17],[-7,-44],[-19,-17],[1,-58],[-14,-35],[43,-18],[-18,-142],[-15,-32],[-52,-7],[-14,-53],[-27,56],[-39,-46],[4,-37],[42,-21],[76,11],[58,-172],[-13,-93],[-19,-32],[-2,-49],[-25,-65],[-64,-21],[-26,3],[-24,46],[-33,-96],[-17,-4],[-50,29],[-56,-67],[-12,-62],[-48,-10],[-36,-95],[-2,-68],[41,-80],[-3,-34],[-62,-69],[-12,-54],[-49,-43],[-11,-70],[44,-63],[-5,-42],[-46,-15],[-43,43],[-22,52],[-24,-124],[-20,-46],[-29,-16],[-10,-48],[3,-63],[-8,-93],[25,-39],[-3,-69],[35,-79],[-17,-23],[-44,15],[-12,-65],[12,-54],[64,-72],[-7,-124],[-28,17],[-25,-20],[-93,13],[-37,-73],[-2,-55],[30,-52],[39,-20],[-11,-28],[-76,6],[-1,-65],[56,-47],[-12,-59],[-24,-3],[-57,-43],[-19,13],[-33,71],[-48,-17],[12,-50],[-11,-64],[-33,-52],[-14,-65],[-40,4],[-34,-35]],[[19693,62501],[-43,96],[35,44],[-3,130],[-34,73],[-3,62],[-33,75],[5,97],[-39,63],[-20,9],[-15,68],[-25,41],[-27,5],[-17,91],[-25,24],[4,49],[-44,19],[-26,57],[2,51],[-20,32],[6,38],[-28,139],[8,35],[34,60],[-4,46],[28,30],[11,58],[-12,55],[19,126],[-7,80],[18,106],[-14,57],[6,25],[-33,146],[-43,72],[-12,64],[-16,18],[-74,140],[-15,68],[-24,57],[-14,185],[-512,708],[-391,456],[-691,-1194]],[[17605,65162],[-183,460],[-159,384],[-61,159],[-231,570],[-168,389],[-26,93],[-24,46],[-273,658],[729,440]],[[26686,79196],[471,-149],[132,-40],[182,-60],[65,137],[286,349],[176,206],[88,-124],[94,-24],[45,-33],[31,0],[22,104],[-6,70],[29,39],[8,81],[30,90],[-10,60],[29,50],[34,119],[3,49],[43,89],[45,18],[51,40],[34,-16],[69,60],[14,127],[26,137],[31,90],[-11,123],[30,104],[17,83],[41,50],[-31,66]],[[28754,81091],[124,-2],[80,-10],[132,-7],[86,7],[63,18],[37,-11],[146,-174],[39,-32],[71,-36],[169,-100],[76,-60],[79,-75],[69,-16],[69,-2],[44,11]],[[30038,80602],[1,-16],[-85,-279],[-77,-266],[-133,-442],[-181,-583]],[[29563,79016],[-175,-547],[-329,-1012],[-63,-200],[-121,-374],[-31,-89],[-70,-227],[-62,-187],[-77,-256],[-45,-158],[-94,-300],[-38,-128],[-92,-293]],[[67448,79011],[-10,-64],[-30,-88],[8,-71],[-9,-64],[84,-69],[189,-135],[2,-42],[-34,-76],[-2,-76],[-13,-90],[-29,-21],[-90,79],[-72,21],[-30,-20],[-28,-50],[-44,-54],[-4,-47],[40,-38],[10,-61],[17,-10],[60,49],[89,-31],[26,26],[28,63],[23,-18],[-30,-177],[42,-34],[63,-73],[66,4],[64,49],[41,20],[94,75],[48,58],[28,-5],[37,-54],[6,-44],[-127,-44],[-136,-87],[-19,-67],[1,-94],[23,-105],[-29,-28],[-58,5],[-81,23],[-30,18],[-5,-62],[49,-86],[63,-84],[32,-8],[56,67],[39,82],[76,75],[39,-17],[22,-81],[22,-17],[131,57],[113,94],[31,-54],[-40,-74],[-53,-46],[-53,-76],[-51,-25],[-92,-97],[-55,-31],[5,-108],[-26,-72],[-52,-90],[-33,-9],[-3,-56],[30,-19],[35,5]],[[67912,76832],[17,-48],[-19,-42],[-26,-4],[-18,37],[-29,-40],[-23,-73],[22,-79],[-45,-83],[-5,-74],[22,-49],[-39,-51],[-49,-1],[-7,53],[-73,-25],[-30,27],[-37,-23],[2,-47],[32,-10],[31,-49],[-13,-40],[-54,11],[-37,-28],[28,-43],[48,29],[15,-40],[-21,-32],[49,-26],[5,-75],[-43,-29],[25,-30],[5,-62],[-49,-18],[-27,-50],[-40,8],[-25,-14],[10,-47],[27,-6],[15,-65],[-51,29],[-65,-39],[-8,-35],[-49,-44],[-31,21],[-6,-61],[-44,45],[-31,-44],[22,-41],[1,-38],[31,-77],[11,-62],[-59,-44],[10,-91],[-42,-51],[1,-44],[21,-23],[-15,-36],[15,-48],[-21,-28],[-92,-8],[9,-42],[-50,-25]],[[67113,74908],[-17,15],[-62,7],[-65,48],[-32,48],[-46,2],[-9,19],[-42,1],[-35,-51],[-37,-11],[-68,-77],[-8,-51],[-82,-31],[3,-31],[-19,-59],[-32,-40],[-52,-29],[-76,-10],[-41,-29]],[[66393,74629],[-864,-144]],[[65529,74485],[-29,4819],[-62,37],[-12,49]],[[65426,79390],[20,112],[22,63],[19,19],[27,100],[55,53],[55,32],[13,29],[32,5],[45,-29],[75,52],[8,45],[42,38],[14,32],[75,34],[130,12],[44,59],[41,7],[37,-13],[58,-41],[21,10],[32,-27],[58,27],[32,42],[95,-54]],[[22741,76515],[-41,-590],[-11,-283],[-5,-236],[-23,-318],[-2,-109],[-54,-725],[-65,-1058],[-35,-504],[-103,-1538],[-256,198],[-114,-54],[-64,152],[-32,60],[-50,44]],[[51241,73612],[18,-17],[-91,-114],[24,-34],[13,-57],[41,-21],[16,-102],[-35,-80],[-34,-22],[14,-69],[-18,-74],[-20,-8],[-13,-82],[30,-45],[7,-44],[-33,-42],[-24,28],[-2,-90],[-33,-48],[0,-33],[-76,-31],[-56,-64],[-18,46],[-80,-7],[4,-70],[-41,-45],[-17,-114],[-2,-70],[-50,4],[-11,-80],[4,-52],[-34,-37],[13,-84],[-39,-96],[10,-93],[-37,-24],[-44,3],[-30,-45],[-29,-72],[-31,-113],[-41,-52],[-67,-39],[-62,1],[-84,-74],[-26,-3],[-310,183],[-99,4],[-21,-32],[-70,57],[-77,24],[-67,-4],[-36,-47],[-29,-13],[-82,-97],[-20,-56],[-19,-19],[-76,5],[-52,71],[-18,-8],[-42,19],[-17,-15],[-48,35],[-79,-6],[-24,-54],[7,-22],[-29,-58],[-22,8],[-47,65],[-46,-13],[-40,30],[-63,-3],[-34,39],[-44,25],[-32,44],[-29,80],[-82,169],[-45,-2],[-29,-42],[-17,-60],[-44,14],[-25,-63],[-26,34],[-33,76],[-21,29]],[[26537,57145],[-8,3762],[5,445],[106,-2],[-18,25]],[[26622,61375],[51,115],[6,34],[39,44],[21,43],[-1,99],[-16,66],[29,105]],[[26751,61881],[13,42],[3,61],[-54,94],[-33,-28],[-20,14],[34,66],[-80,74],[-24,49],[-3,92],[-27,29],[-18,52],[-27,23],[37,125],[-26,58],[-2,43],[-19,79],[-28,28],[-17,107],[7,64],[-16,11],[-32,-30],[-23,4],[11,52],[-29,88],[36,79],[-32,109],[16,80],[-17,83],[5,71],[-29,-10],[-26,21],[28,40],[-2,26],[-62,2],[0,39],[-24,61],[56,40],[5,33],[92,86],[-1,45],[-112,-17],[-14,46],[73,55],[7,70],[-30,61],[30,50],[-22,28],[-4,64],[35,26],[23,-15],[27,77],[-33,16],[-47,87],[35,46],[16,60],[-18,39],[12,81],[33,-3],[21,36],[-35,32],[28,108],[39,-11],[-4,40]],[[26483,64859],[45,4],[19,75],[12,5],[33,-74],[-30,-70],[50,2],[58,-59],[37,87],[32,34],[43,-61],[-13,-40],[-44,-54],[21,-46],[45,2],[7,-30],[-15,-67],[54,-26],[19,16],[43,-2],[8,81],[29,9],[16,-21],[36,16],[16,95],[60,72],[23,-94],[-21,-76],[17,-20],[82,78],[41,24],[26,-90],[-9,-148],[37,0],[29,67],[45,59],[53,-25],[43,-64],[28,-140],[90,75],[3,48],[68,-40],[43,-123],[-28,-61],[8,-113],[47,12],[-11,72],[29,3],[32,-24],[60,132],[2,33],[49,18],[31,-55],[16,-50],[11,-116],[35,-23],[38,21],[19,-32],[31,-7],[35,-43],[-11,-75],[17,-64],[17,9]],[[28089,63975],[23,-71],[41,-51],[-14,-62],[27,-36],[0,-52],[47,-25],[-16,-81],[34,-11],[-4,-56],[67,-49],[-8,-55],[-36,0],[7,-52],[67,-95],[-12,-48],[2,-62],[58,16],[21,36],[32,19],[8,-33],[-27,-22],[-8,-50],[19,-45],[50,-5],[8,-50],[-38,-44],[5,-71],[22,-36],[-40,-26],[-38,-116],[-3,-52],[23,-20],[37,-104],[37,-1],[5,-106],[36,-39],[43,22],[55,-79],[45,-5],[13,-42],[-1,-52],[31,11],[5,-120],[22,-27],[37,35],[27,-27],[5,-32],[34,-1],[14,-43],[-44,-26],[14,-34],[57,20],[-40,-114],[66,7],[10,-78],[46,-32],[1,-38],[-30,-75],[-24,-23],[29,-32],[15,44],[29,-36],[25,-1],[10,46],[70,-61],[-22,-67],[-30,-1],[-1,-55],[48,4],[18,-37],[-11,-32],[-48,20],[-47,-39],[-18,-35],[5,-33],[41,11],[46,50],[6,-50]],[[29072,61363],[-52,-77],[-65,-111],[-18,-5],[-53,-73],[-48,-85],[30,-122],[-32,-16],[-6,-46],[-34,-35],[-1,-47],[-25,-14],[-4,-43],[-25,-23],[-47,-136],[5,-49],[-11,-61],[-47,-12],[-61,-2],[-41,-12],[-91,-48],[-47,-39],[-2,-43],[-45,-45],[-363,0],[-132,5],[-244,15],[-105,-107],[-33,-72],[-53,-138],[-75,-113],[-11,-69],[-19,-46],[-75,-66],[-25,-58],[-9,-67],[5,-78],[-29,-120],[3,-191],[-17,-42],[-17,-92],[-25,-33],[18,-34],[-25,-59],[-64,-72],[-17,-72],[-26,12],[-43,-44],[16,-79],[38,-62],[66,-33],[190,-159],[111,-31],[21,-209],[-39,-20],[1,-258],[-16,7],[-60,-40],[-155,-129],[-48,-74],[-71,-61],[-29,-45],[-31,-91],[-52,-19],[-73,-94],[-89,-61],[-68,19],[-70,-113],[-30,-3],[-46,22]],[[45396,75401],[27,-50],[24,-80],[-15,-148],[50,-43],[-6,-63],[20,-39],[23,8],[36,-43],[39,-75],[48,-38],[11,-40],[79,-103],[20,-62],[-7,-66],[7,-49],[-3,-94],[18,-32],[18,-94],[-5,-102],[-157,1],[-58,-89],[1,-69],[34,-77],[26,-95],[-3,-37],[16,-89],[4,-151],[-7,-91],[7,-15],[-21,-77],[-31,-68],[14,-36],[39,4],[-9,-77],[35,-29],[-45,-37],[-24,-59],[32,-50],[10,-52],[-21,-46],[-21,-81],[91,-22],[8,-62],[-35,-13],[-22,-58],[-49,-60],[-3,-68],[50,-5],[19,-31],[-2,-70],[36,-65],[-7,-31],[35,-21],[22,-63],[20,-26],[-3,-57],[-43,-15],[-34,25],[-9,-51],[-38,-3],[-16,-52]],[[45621,72120],[-21,-22],[-46,9],[-71,70],[-6,73],[-46,71],[-64,41],[-40,37],[-51,215],[-62,-39],[-23,-32],[-57,-19],[-28,2],[-32,-37],[-16,-55],[-30,-47],[-88,-58],[-35,-3],[-28,-53],[-5,-46],[-22,-48],[-38,-111],[-37,-81],[-34,-13],[-20,-40],[-50,-55],[-14,-39],[-60,-63],[-64,-24],[-38,7],[-43,-24],[-28,10],[-45,-28],[-19,28],[-37,-37]],[[44323,71709],[-42,51],[-15,93],[-29,21],[21,45],[-11,37],[2,69],[54,6],[24,51],[-20,40],[0,62],[34,32],[-5,43],[-81,89],[-40,83],[-82,40],[-471,48],[-5,84],[-24,34],[-26,96],[-45,94],[-106,30],[-26,15],[-52,1],[-33,-19],[-13,-29],[-37,39],[-43,-17],[-31,111],[4,92],[55,161],[-2,63],[-15,77],[-53,54],[-30,51],[-31,19],[-4,86],[-33,9],[-12,-37],[-70,20],[-32,-27],[19,-69],[-27,-69],[-48,57],[-39,0],[-11,34],[-74,-35]],[[47586,71836],[-43,-20],[-67,33],[-10,23],[-39,-13],[-35,29],[-80,27],[-34,24],[-48,68],[-150,-9],[-9,-10],[-9,-91],[15,-99],[-25,-93],[-22,-32],[-46,14],[-46,-43],[-3,-63],[42,-56],[-7,-43],[-21,-23],[-38,19],[-24,-21],[9,-40],[32,-36],[34,-10],[27,-47],[-12,-117],[12,-25],[46,-23],[-10,-99],[-19,-34],[-44,-23],[-56,-125],[-44,20],[-37,81],[-65,46],[12,-62],[-41,-25],[-38,38],[24,50],[-36,48],[-32,-6],[-14,71],[24,49],[-23,121],[-23,28],[-8,62],[6,47],[-16,55],[14,35],[-25,45],[17,23],[-5,78],[-75,-1],[11,53],[-40,28],[-32,-12],[-16,47],[-13,104],[25,3],[17,36],[-14,29],[-36,6],[-18,49],[-47,8],[-119,-169],[-36,40],[-32,82],[-288,-308]],[[45883,71677],[11,51],[-29,85],[6,82],[-26,35],[18,90],[-71,-57],[-39,26],[-16,33],[-82,48],[-34,50]],[[67912,76832],[43,39],[85,-42],[85,-53],[12,-33],[3,-84],[15,-19],[121,11],[120,-65],[45,-144],[-22,-48],[54,-28],[24,10],[36,48],[47,31],[29,-2],[97,-104],[48,-88],[60,-81],[-9,-33],[-28,16],[-40,-14],[-29,-39],[-37,-77],[-19,-111],[-28,-97],[11,-84],[13,-7],[66,22],[53,-18],[15,-24]],[[68782,75714],[-18,-56],[-80,-49],[-28,-82],[17,-58],[59,18],[17,-21],[-12,-47],[-56,-67],[-5,-81],[-24,-18],[-43,-94],[-2,-43],[20,-79],[35,5],[40,30],[67,10],[87,-49],[91,-14],[41,-27],[2,-28],[-44,5],[-29,-29],[-26,-72],[5,-102],[-7,-51],[-39,-55],[-62,-26],[-36,-50],[-62,3],[-11,-34],[5,-84],[-11,-62],[23,-24],[105,-27],[4,-35],[-18,-27],[-65,-63],[-13,-52],[79,-153],[35,-13],[63,21],[49,37],[52,21],[45,-68],[3,-35],[-15,-63],[-51,-55],[-73,-122],[-38,-112],[-63,-160],[-33,-72],[9,-20],[107,84],[36,12],[53,-9],[30,-34],[11,-80],[44,-122],[50,-46],[91,38],[16,-7],[28,-74],[80,-135],[56,21],[49,-12],[15,-38],[-19,-43],[-42,0],[-78,37]],[[69298,72977],[-28,5],[-6,-45],[-23,-61],[-22,29],[13,57],[-34,11],[-51,46],[0,45],[-89,-43],[-17,-52],[29,-9],[-46,-65],[27,-60],[26,-8],[24,-35],[17,20],[14,72],[36,-8],[-5,-81],[17,-33],[-9,-32],[-43,-25],[-24,-54],[-65,-84],[-51,36],[-16,45],[-33,38],[-28,-20],[7,-70],[-27,-6],[-33,-45],[-26,-13],[-25,-38],[-79,-65],[11,-22],[-28,-63],[-60,-13],[-8,-32],[-65,10],[-32,-15],[-45,10],[-77,34],[-23,40],[-97,6],[-40,-10],[-15,-94],[-54,-6],[-10,-24],[-44,-12],[-81,11],[-47,-8],[-6,23],[-70,-23],[1,118],[-39,78],[-73,84],[-44,38],[-62,-23],[-16,-32],[-25,0],[-38,-76],[-26,19],[-18,-32],[-44,-25],[-32,-55],[-37,2]],[[67484,72337],[-61,-33],[-15,-45],[-38,-44],[-101,42],[-36,101],[-49,50],[-68,178],[-20,30],[1,64],[20,43],[56,-22],[41,28],[9,94],[-6,134],[35,185],[27,51],[75,67],[33,5],[10,93],[-17,48],[-110,84],[-37,62],[0,75],[51,135],[0,34],[-19,88],[-52,122],[-6,48],[9,51],[-23,20],[-39,4],[-44,21],[-17,90],[-20,21],[7,68],[40,121],[-12,92],[-2,87],[22,82],[-12,66],[7,76],[-10,55]],[[53639,66893],[11,-58],[-2,-50],[-36,-26],[26,-36],[-13,-49],[2,-44],[-34,-19],[1,-44],[-32,3],[-17,-22],[8,-47],[-22,-31],[-1,-85],[-15,-54],[-32,-39],[-55,16],[-55,-29],[-8,-54],[-18,-23],[-30,32],[-28,-34],[-7,-73],[4,-67],[-48,40],[-15,-25],[-61,-15],[-9,-45],[23,-92],[-5,-85],[-17,-32],[13,-43],[-27,-51],[22,-107],[28,-98],[24,-38],[6,-42],[31,3],[4,-44],[36,-10],[56,-76],[62,-33],[18,-46],[0,-83],[12,-163],[-59,-76],[-23,-19]],[[53357,64880],[-52,5],[-29,53],[-25,7],[-52,-21],[-74,-79],[-117,38],[-92,61],[-66,76],[-33,85],[-67,76],[-54,-53],[-23,4],[-37,100],[-30,119],[-47,65],[5,66],[24,104],[-36,22],[-63,-34],[-113,-12],[-20,15],[-33,87],[-57,38],[13,69],[7,93],[62,85],[25,63],[-49,112],[-25,87],[4,128],[-44,50],[-23,69],[-48,29],[-31,-50],[-33,60],[-53,67],[-17,79],[-29,-8],[-40,15],[-38,76],[-43,42],[-78,44],[-70,2],[-56,-30],[-63,59],[-20,31],[-18,-34],[-48,-33],[-30,34],[-28,7],[-53,-32],[-58,-65],[-10,-44],[-38,-25],[-40,44],[-26,0],[-22,48],[-50,33],[-14,30],[-37,8],[-1,39],[-29,17],[-23,55],[-24,17],[-10,60],[-37,25],[-20,36],[-5,48],[-33,25],[-38,4],[-39,-13],[-52,75],[-47,17],[-50,44],[-31,0]],[[50706,67294],[-26,167],[64,279],[33,46],[92,-43],[13,2],[17,65],[36,70],[-15,45],[-2,50],[63,202],[11,154],[71,-10],[67,59],[294,-96],[128,-243],[49,26],[49,-36],[42,38],[61,36],[27,57],[66,46],[50,17],[84,77],[46,6],[91,182],[51,20]],[[52168,68510],[21,-36],[13,-70],[-4,-138],[-57,-25],[-46,0],[-69,-44],[-34,-36],[44,-80],[32,-44],[40,-5],[26,-22],[20,18],[16,-47],[-37,-88],[-25,-28],[4,-52],[-23,-58],[23,-66],[41,-36],[40,-69],[-40,-180],[5,-55],[43,-53],[40,-20],[22,-30],[37,-14],[14,-51],[-6,-60],[18,-78],[-20,-22],[-4,-67],[-30,-64],[7,-45],[-14,-32],[-7,-82],[13,-79],[17,-46],[-2,-48],[-47,-62],[45,-75],[37,62],[40,-40],[35,9],[18,-20],[25,-64],[94,30],[39,26],[15,43],[20,8],[15,-42],[39,5],[26,-36],[31,65],[46,50],[21,-20],[14,42],[24,9],[21,-39],[26,8],[27,-39],[28,12],[19,-40],[46,-44],[38,57],[-6,73],[27,7],[65,87],[34,-36],[27,95],[-15,37],[9,57],[33,6],[13,-36],[40,11],[30,-43],[23,45],[1,65],[26,12],[5,-49],[39,-43],[29,-12],[2,62],[29,6],[33,-21],[13,134],[29,14],[10,-46],[27,18],[42,-27],[46,14]],[[16121,62501],[562,980]],[[16683,63481],[298,-382],[259,-284],[68,-66],[626,-733],[-659,-2430],[-31,-110]],[[17244,59476],[-21,-25],[-18,-87],[-80,-185],[-52,-31],[-93,-32],[-76,-41],[-48,-60],[-54,-37],[-72,-37],[-55,-14],[-57,-58],[-86,-63],[-81,2],[-87,60],[-53,21],[-51,-10],[-30,-51],[-17,-62],[-2,-63],[-16,-65],[-26,-62],[-34,-54],[-38,-38],[-34,-17],[-146,-9],[-47,34],[-8,53],[28,134],[-16,90],[-170,77],[-108,87],[-38,1],[-63,-51],[-78,-49],[-142,-43],[-36,3],[-46,58],[-41,36],[-85,10],[-124,-11],[-90,52],[-34,41],[-16,125],[-20,82],[-52,139],[-34,111],[-19,27],[-72,26],[-99,86],[-61,124]],[[14446,59700],[13,30],[265,404],[199,314],[36,61],[40,132],[45,108],[61,112],[54,73],[92,148],[21,17],[57,6],[47,73],[162,273],[168,294],[41,68],[52,102],[90,161],[146,274],[86,151]],[[6872,40480],[-409,-29],[-629,-38],[-1149,-21],[60,-229],[-12,-106],[-59,-51],[-74,-21],[-84,12],[-101,23],[-83,51],[-104,47],[-149,1],[-236,-55],[-95,9],[-134,48],[-101,18],[-88,-31],[-132,-67],[-149,-126]],[[3144,39915],[-164,-14],[-540,167]],[[2440,40068],[25,170],[26,108],[90,284],[18,103],[42,138],[27,130],[16,197],[14,334],[3,269],[-19,155],[2,48],[30,144],[51,144],[61,159],[30,127],[31,178],[53,155],[25,90],[74,354],[29,150],[21,143],[6,167],[-5,132],[29,218],[26,107],[28,162],[14,179],[52,195],[38,123],[36,153],[20,109],[9,113],[16,129],[93,343],[15,184],[16,78],[46,165],[50,136],[52,92],[125,148],[57,78],[61,109],[35,45],[63,170],[22,83],[19,119],[9,113],[58,359],[57,146],[4,22],[86,218],[38,146]],[[4264,48189],[72,-38],[26,-75],[68,-19],[22,23],[61,-61],[75,15],[40,-9],[40,-25],[19,-44],[30,-30],[45,-93],[48,-58],[68,-13],[80,50],[-1,-35],[34,-32],[26,6],[46,-104],[27,1],[58,-57],[21,-39],[53,-4],[40,-46],[54,-8],[35,11],[82,-18],[36,2],[94,-31],[20,-60],[52,-38],[23,-30],[31,5],[51,-35],[27,-42],[11,-98],[27,-73],[10,-91],[-7,-58],[-21,-50],[-12,-69],[-1,-65],[20,-54],[1086,13]],[[6880,46713],[12,-40],[-27,-53],[-27,-26],[-29,-90],[-28,-46],[2,-30],[-18,-77],[-19,-23],[-25,-87],[-45,-17],[-17,-36],[-2,-45],[-37,-104],[5,-72],[-10,-29],[-9,-105],[32,-71],[1,-38],[-24,-21],[-15,-128],[10,-119],[-82,-117],[-216,148],[-19,-28],[-2,-49],[9,-124],[20,-48],[1,-96],[-38,-100],[-4,-40],[-29,-95],[33,-91],[12,-96],[-45,-76],[-24,-116],[-30,-72],[-33,-31],[5,-128],[-32,-37],[30,-19],[-1,-46],[34,-52],[19,-54],[-32,-22],[4,-29]],[[6190,44038],[-12,16],[-54,-51],[-50,20],[-30,-26],[9,-220],[53,-140],[-25,-17],[-44,-85],[-8,-55],[-17,-18],[12,-53],[28,-16],[-5,-66],[6,-62],[59,-24],[33,-1],[17,-47],[42,-20],[5,-71],[42,-24],[36,-37],[-2,-23],[-36,-70],[-3,-30],[19,-48],[47,-74],[7,-55],[-29,-36],[34,-19],[34,82],[25,22],[31,-2],[80,-69],[26,-42],[-18,-49],[-69,-68],[-72,-37],[-25,-83],[4,-61],[79,-72],[26,-35],[101,-39],[5,-17],[-48,-53],[5,-47],[40,-14],[24,-30],[24,-63],[22,-28],[32,2],[21,41],[30,-49],[45,-9],[0,-68],[-35,-27],[25,-136],[54,28],[39,-45],[46,-2],[67,-118],[63,-39],[11,-27],[-8,-63],[21,-4],[80,-57],[36,-42],[22,-88],[17,-18],[-33,-102],[-34,-27],[-44,-84],[-3,-60],[-32,-39],[-57,-32],[-13,-37],[-28,-20],[-8,-34],[-60,-345]],[[23155,18268],[15,43],[-40,22],[4,46],[54,73],[71,72],[11,119],[14,43],[45,26],[-5,35],[27,49],[27,10],[-19,67],[15,39],[32,-17],[15,42],[1,57],[39,103],[-6,32],[26,55],[-39,78],[-6,44],[14,60],[-18,38],[52,13],[19,44],[-31,55],[-33,27],[-59,0],[-11,56],[37,43],[-5,87],[-34,112],[35,0],[13,55],[-77,48],[17,51]],[[23355,19995],[117,-5],[15,29],[2,61],[-14,15],[-11,62],[40,-2],[48,55],[26,7],[77,49],[-6,-80],[26,-33],[16,50],[64,50],[14,56],[57,5],[27,-22],[26,22],[-37,66],[-45,20],[-1,27],[57,39],[24,31],[33,-46],[21,14],[80,-18],[4,-19],[53,-77],[28,12],[59,53],[-22,94],[-38,47],[75,23],[48,43],[46,-47],[20,66],[31,61],[8,46],[53,-24],[59,23],[-6,31],[-88,37],[32,61],[27,-1],[66,-36],[13,21],[1,62],[-14,35],[-42,7],[-13,-26],[-31,23],[8,50],[-83,70],[-8,56],[35,12],[20,-46],[60,42],[44,67],[18,86],[31,45],[-2,45],[26,12],[47,-50],[17,4],[44,79],[93,-101],[28,7],[-61,183],[32,43],[37,-49],[12,43],[31,10],[16,36],[-43,17],[-37,64],[10,41],[-30,83],[-32,-2],[-8,58],[-32,-6],[-14,39],[5,46],[-20,61],[14,24],[66,-5],[14,-39],[25,-3],[5,82],[31,4],[80,-18],[21,-52],[37,-3],[26,31],[-11,71],[-56,27],[-36,69],[12,67],[26,25]],[[24878,22287],[-3,-49],[44,-63],[72,-36],[44,2],[61,35],[19,93],[-4,81],[-18,119],[-36,150],[-6,170],[21,77],[29,45],[32,6],[65,-11],[108,-31],[42,7],[175,51],[34,35],[48,93],[27,39],[66,40],[48,-62],[19,-78],[-1,-135],[5,-89],[-21,-86],[-54,-82],[-56,-70],[-104,-103],[-113,-83],[-18,-26],[-8,-78]],[[25395,22248],[2,-31],[27,-45],[76,-65],[77,-50],[83,-34],[122,-18],[62,-97],[16,-94],[23,-71],[38,-44],[28,-3],[53,23],[49,56],[37,110],[64,117],[51,-1],[36,-16],[99,-100],[92,-128],[81,-17],[35,-24],[33,-48],[9,-41],[7,-109],[-33,-39],[-68,29],[-63,73],[-73,59],[-73,40],[-58,6],[-39,23],[-39,6],[-50,-46],[-53,-122],[-9,-78],[37,-153],[36,-173],[20,-46],[65,-84],[113,-33],[32,0],[62,21],[112,7],[178,85],[67,-4],[32,-23],[21,-68],[-9,-51],[-57,-94],[-58,-62],[-44,-68],[-36,-108],[-18,-85],[8,-82],[-16,-148],[-20,-69]],[[26562,20231],[-56,-32],[-22,-37],[13,-45],[42,-47],[44,-23],[132,-25],[40,-31],[41,-62],[-10,-62],[-41,-11],[-34,13],[-40,38],[-19,-5],[-34,-119],[-31,-88],[-22,-36],[23,-52],[22,1],[68,67],[26,5],[55,-31],[111,-80],[13,-20],[35,-181],[-3,-46],[-44,-35],[1,-44],[55,-50],[14,-66],[-30,-46],[-75,6],[-71,30],[-42,-22],[0,-24],[51,-112],[71,-68],[24,-42],[28,-115],[-13,-78],[-5,-89],[-25,-31],[-44,34],[-45,83],[-46,149],[-32,69],[-55,30],[-78,1],[-40,-21],[-65,-87],[-14,-55],[25,-63],[50,-36],[49,-19],[60,-47],[62,-143],[34,-56],[-2,-46],[-49,-81],[-32,-20],[-31,4],[-41,34],[-36,194],[-36,74],[-71,94],[-29,1],[-73,-45],[-8,-65],[36,-89],[29,-44],[17,-52],[-8,-67],[-44,-45],[-69,23],[-83,67],[-43,64],[-26,112],[-23,28],[-134,-3],[-59,-53],[-56,26],[-32,-16],[-15,-37]],[[21744,42308],[-2,172],[22,76],[-64,82],[-17,131],[-16,28],[27,32],[23,72],[-41,70],[7,125],[-23,21],[20,79],[27,55],[11,78],[23,63],[27,32],[10,69],[-8,72],[23,76],[2,56],[85,60],[-26,57],[28,19],[43,2],[-1,49],[-71,81],[-10,24],[-48,5],[-20,47],[54,95],[20,-6],[20,97],[-21,94],[-43,-9],[-28,25],[-5,33],[44,17],[-6,55],[-73,-32],[-20,-25],[-47,-27],[-8,55],[20,66],[52,7],[21,31],[38,15],[18,78],[31,14],[8,34],[-42,28],[-46,78],[-29,24],[-69,22],[-10,36],[14,33],[43,20],[4,68],[-17,21],[-48,-6],[-45,59],[9,23],[81,62],[35,-14],[61,27],[3,64],[-16,24],[1,66],[-105,23],[-40,-7],[1,37],[-43,17],[-30,31],[-14,36],[47,81],[16,90],[-63,42],[-36,-36],[-28,148],[20,63],[39,-10],[39,70],[-30,62],[-20,134],[39,30],[120,-3],[55,-16],[23,-115],[86,24],[34,-26],[10,72],[-35,50],[19,33],[69,51],[30,-42],[17,15],[8,79],[-21,27],[-28,-4],[-11,76],[-25,44],[-29,13],[-21,35],[48,33],[51,-35],[48,43],[24,-15],[16,-68],[25,-26],[35,28],[32,-14],[3,43],[44,17],[13,131],[51,-31],[11,28],[8,121],[55,22],[35,-68],[-15,-107],[24,-14],[36,14],[7,59],[28,29],[46,12],[-21,66],[-66,11],[-30,25],[-45,88],[-24,29],[-80,10],[-22,49],[0,51],[64,15],[63,36],[64,8],[11,-29],[-1,-75],[37,-18],[59,26]],[[22506,46911],[28,-50],[80,-21],[45,-40],[125,-78],[145,31],[24,103],[42,35],[80,-63],[90,-33],[74,23],[29,-13],[82,-11],[37,-31],[35,-47],[14,53],[32,1],[-1,36],[61,1],[1,75],[30,44],[42,5],[-1,97],[-20,80],[-21,27],[-45,9],[4,49],[52,16],[-3,47],[48,-7],[96,23],[20,-20],[30,45],[-17,45],[-28,12],[-16,58],[1,49],[-31,36],[-43,-43],[-36,19],[9,55],[44,21],[28,38],[5,70],[20,27],[40,15],[9,27],[-23,72],[38,37],[-4,93],[22,11],[56,-3],[54,-61],[41,41],[59,-38],[0,41],[43,5],[-15,77],[-41,46],[-1,63],[-43,78],[-39,-17],[-50,14],[-12,44],[54,11],[15,68],[92,-20],[40,10],[-5,49],[-71,60],[-44,-36],[-26,108],[-1,62],[94,0],[56,58],[-33,62],[-44,56],[-34,60],[-62,-53],[-31,39],[-5,44],[11,62],[70,77],[8,46],[-41,13],[-11,48],[43,49],[13,54],[-32,30]],[[23887,49186],[42,52],[18,56],[10,114],[43,59],[98,72],[66,-3],[48,-26],[53,-49],[10,-25],[-6,-87],[-23,-87],[-84,-152],[-62,-86],[-2,-90],[22,-87],[45,-52],[85,-44],[71,-14],[135,-12],[132,-102],[34,-15],[38,15],[28,43],[16,55],[-3,53],[14,29],[47,18],[101,-27],[9,-35]],[[24872,48759],[-12,-37],[-54,-84],[-36,-138],[-14,-96],[8,-82],[21,-24],[60,-17],[42,27],[161,-18],[44,2],[86,37],[82,57],[26,10],[39,-23],[26,-56],[2,-60],[-12,-37],[-120,-193],[-60,-78],[-53,-54]],[[6880,46713],[1049,12]],[[7929,46725],[-6,-30],[14,-133],[11,-32],[31,-14],[60,61],[66,7],[91,-27],[22,-16],[10,-61],[24,-39],[43,-6],[23,51],[27,19],[32,-18],[33,13]],[[8410,46500],[60,10],[14,-53],[55,-69],[30,-59],[22,-67],[40,-9],[140,76],[27,-4],[3,-142],[-12,-37],[5,-60],[-29,-76],[15,-52],[35,1],[20,-64]],[[8835,45895],[-18,-28],[-25,-93],[-6,-62],[13,-67],[-16,-135],[12,-88],[33,-54],[4,-44],[21,-41],[4,-106],[35,-141],[-2,-57],[-14,-78],[-306,-239],[7,-85],[15,-35],[-1,-80],[-24,-24],[-5,-62],[-40,-44],[-16,3],[-34,-57],[-20,-11],[11,-137],[-3,-77],[-26,-21],[-44,-136]],[[8390,43896],[-54,-16],[-17,-41],[-34,31],[-40,113],[16,22],[80,69],[-1,24],[-111,46],[-31,-70],[6,-94],[-14,-41],[-41,-30],[-19,-86],[-92,-32],[-101,-22],[-20,13],[-30,93],[-22,22],[3,35],[24,52],[-16,36],[-55,36],[-6,41],[-33,18],[-37,-22],[-29,-51],[-32,-18],[-52,-88],[-24,45],[-34,142],[-21,20],[-24,-16],[-19,-61],[-26,-141],[-28,-11],[-28,42],[-20,58],[-1,52],[-55,21],[-19,46],[-71,76],[-39,23],[-47,-28],[-71,-11],[-44,3],[-20,-61],[-40,-13],[-8,-35],[26,-50],[11,-55],[-56,-55],[-17,9],[-44,90],[-87,42],[-34,43],[6,57],[-12,26],[-65,23],[-64,-67],[-24,-49],[-63,-3],[-32,-105],[-56,1],[-35,-14],[-47,1],[33,82],[-64,30],[-61,-138],[-45,-18],[-32,20],[-41,81]],[[3340,31885],[9,-99],[-1,-61],[30,-109],[-53,-152],[26,-34],[-15,-106],[37,-47],[16,-84],[21,-37],[37,-20],[21,-64],[35,-57],[17,-57],[-6,-133],[51,-61],[21,-75],[49,-37],[22,-79],[49,-32],[41,-8],[53,-108],[56,-28],[52,-75],[60,-41],[49,-8],[71,-34],[59,-110],[26,-89],[-326,-840],[130,-4],[82,-68],[9,-23],[58,-61],[27,-62],[7,-74],[18,-65],[-11,-48],[17,-31],[-8,-57],[27,-28],[31,-124],[-4,-53],[16,-32],[27,-144],[36,-76],[35,-22],[23,-33],[51,-27]],[[23285,38683],[62,-260],[59,-95],[-9,-187],[13,-55],[-5,-54],[-25,-55],[-19,-78],[-48,-81],[-11,-97],[-45,-50],[-51,10],[6,-51],[-13,-101],[35,-134],[-22,-23],[-64,-9],[-27,-109],[12,-57],[-11,-61],[-38,-52],[-6,-43],[24,-94],[-36,-34],[18,-30],[4,-76],[-42,-50],[19,-34],[55,-27],[4,-87],[-19,-17],[16,-48],[-12,-64],[46,-14],[-7,-65],[-39,-2],[-21,22],[-32,-47],[-26,-9],[-5,81],[-16,20],[-34,-44],[8,-59],[20,-38],[14,-83],[1526,-275],[473,-74]],[[23302,32448],[-36,15],[-32,-17],[-57,29],[-57,-17],[-34,9],[-28,29],[-62,97],[-21,-13],[-63,-6],[-153,388],[-34,60],[-106,111],[-366,24],[-2,-141],[-227,11],[-18,6],[-88,-19],[-38,12],[-32,-14],[-71,35],[-135,141],[-43,16],[-76,64],[-46,8],[-65,63],[-34,-5],[-10,35],[-14,131],[-47,-20],[-4,29],[25,47],[-17,60],[-2,46],[-56,7],[-45,-92],[-24,-30],[-8,-42],[-24,-41],[45,-64],[-10,-55],[-21,-52],[-37,-3],[-18,25],[-5,57],[-49,26],[-53,139],[-33,6],[-42,-35],[-11,-41],[38,-43],[13,-48],[-52,-44],[3,-33],[58,-32],[9,-81],[53,25],[12,-65],[24,-61],[-81,25],[-56,-70],[-58,-47],[-5,-25],[29,-85],[-22,-107],[63,21],[60,9],[26,-20],[1,-43],[-15,-32],[-73,-61],[-101,49],[-23,49],[31,78],[-25,5],[-37,-20],[-25,-78],[-31,-49],[-18,-50],[-6,-58],[49,-96],[-19,-61],[-69,-38],[-3,-72],[26,-65],[-20,-13],[-48,58],[-22,9],[-45,-27],[-29,20],[12,66],[-34,41],[-43,-22],[-35,-41],[-5,-36],[23,-100],[52,-128],[9,-53],[-12,-37],[-29,-19],[-40,4],[-230,55],[-242,77],[-144,29]],[[26680,46615],[15,47],[-24,142],[0,94],[-7,84],[-21,128],[10,46],[34,5],[60,-37],[41,-116],[55,-26],[54,13],[66,61],[46,3],[42,-59],[25,-19],[53,-2],[50,28],[17,29],[-13,39],[-91,53],[-110,87],[-9,53],[19,42],[113,125],[48,45],[43,-10],[39,-44],[20,-62],[0,-111],[21,-93],[20,-21],[97,-31],[82,-95],[48,-25],[77,-15],[35,18],[17,96],[-9,99],[-14,53],[-15,115],[-19,41],[-87,39],[-43,4],[-36,37],[-21,45],[-34,11],[-85,-12],[-11,33],[41,54],[108,-18],[103,4],[39,-31],[83,-106],[50,-47],[93,-118],[39,-36],[60,-89],[23,-57],[-3,-120],[30,-103],[48,-73],[31,-20],[27,9],[99,129],[16,40],[10,155],[18,92],[50,133],[26,5],[36,-21],[43,-74],[14,-77],[-30,-87],[-41,-93],[-3,-55],[21,-43],[41,19],[61,133],[89,108],[36,-6],[13,-38],[7,-109],[39,-90],[23,-25],[51,-21],[35,32],[77,110],[52,-17],[72,-93],[54,-46],[103,-20]],[[29062,46842],[91,-29],[69,-70],[-19,-58],[-103,-40],[-29,-175],[-19,-32],[-54,-36],[7,-133],[21,-58],[57,-87],[41,40],[27,89],[2,101],[14,168],[11,58],[56,62],[64,6],[48,-61],[3,-44],[-13,-39],[8,-78],[49,1],[60,-41],[109,-121],[41,-12],[82,74],[53,62],[68,-47],[72,-37],[143,-54],[45,-23],[86,-104],[26,2],[56,82],[2,32],[-25,51],[-43,56],[-36,77],[-30,130],[20,35],[23,-22],[37,-71],[30,-21],[89,-39],[69,5],[50,-9],[141,4],[3,-50],[-98,-50],[-81,12],[-32,-4],[-28,-32],[-11,-48],[7,-31],[35,-10],[52,13],[66,35],[39,-14],[-6,-134],[19,-57],[50,-7],[28,-17],[71,-2],[45,-27],[28,0],[47,75],[17,113],[-19,87],[-24,32],[-56,45],[-13,55],[106,47],[18,51],[58,3],[41,-39],[39,-9],[76,73],[53,24],[24,-4],[83,-41],[43,-90],[65,-88],[33,-13],[72,2],[72,-14],[32,47]],[[31515,46369],[14,-17],[-23,-85],[3,-21],[76,-85],[-22,-45],[-44,23],[-18,-93],[-63,-43],[1,-50],[52,-70],[5,-35],[-17,-59],[32,-48],[-7,-87],[14,-51],[43,-16],[-10,-80],[5,-55],[-21,-13],[-14,-90],[-46,-26],[-2,-55],[-25,-52],[75,-122],[-1,-27],[-36,-13],[-31,-56],[26,-64],[-2,-61],[32,-36],[9,-73],[49,-89],[-11,-71],[22,-61],[17,-82],[25,-18],[6,-55],[26,-92],[2,-78],[-289,217],[-66,-19],[-75,-1],[-27,-21],[-28,-114],[-50,-14],[-41,-39],[-31,-45],[-18,-89],[-28,-76],[-30,-9],[-2,-30],[-75,22],[-39,-40],[-33,0],[-51,-31],[-22,18],[-31,-7],[-17,-48],[-47,-38],[-1,-57],[-48,8],[-17,-56],[13,-14],[36,-100],[-7,-30],[-63,-4],[10,-73],[-45,-18],[-15,-44],[10,-28],[42,-24],[9,-79],[-90,-7],[-73,24],[-28,-15],[10,-74],[-31,-42],[-82,72],[-55,-105],[-16,-73],[36,-48],[-49,-40],[-24,-42],[-34,11],[10,-54],[-17,-51],[-30,20],[-14,54],[-3,63],[-54,41],[-34,-72],[-13,-53],[-19,9],[-33,53],[-7,-47],[44,-83],[-22,-36],[-39,35],[-44,138],[-18,16],[-77,-28],[-10,-65],[21,-9],[14,-69],[36,-123],[-1,-85],[-17,-71],[-47,-35]],[[29770,42544],[-29,50],[-29,25],[-20,-32],[-9,-51],[-32,-50],[-54,9],[-27,21],[-83,21],[-102,-31],[-27,4],[-47,45],[-19,55],[11,29],[135,40],[60,83],[7,36],[-4,138],[15,76],[95,81],[90,54],[25,28],[44,100],[1,27],[-37,71],[-52,19],[-68,-25],[-101,-20],[-76,57],[-57,1],[-189,-25],[-40,3],[-48,42],[-7,43],[28,38],[41,24],[79,31],[69,84],[13,30],[2,66],[-19,25],[-69,5],[-106,18],[-99,5],[-87,64],[-76,82],[-25,51],[-23,87],[5,96],[-3,102],[-50,33],[-46,-36],[-92,-138],[-50,2],[-43,123],[-43,68],[-37,-20],[-2,-74],[16,-121],[22,-81],[2,-107],[13,-64],[0,-104],[-12,-73],[-38,-8],[-42,39],[-17,36],[-23,93]],[[20020,12592],[-25,53],[-45,17],[-35,-10],[-29,38],[5,41],[-10,134],[-21,38],[-7,49],[-41,56],[-46,135],[-31,63],[-79,8],[-162,5],[7,137],[-123,-10],[10,212],[-35,3],[-14,135],[-94,151],[-13,68],[35,66],[-14,72],[-32,21],[14,66],[-52,-25],[52,101],[-71,47],[2,-64],[-16,-19],[-84,32],[-23,17],[-17,71],[-45,54],[-17,80],[-25,-17],[-6,-57],[-24,-20],[-42,45],[33,102],[-35,52],[-27,-37],[0,-129],[-5,-70],[-14,-2],[-37,49],[-59,15],[-19,94],[-1,40],[24,21],[-64,134],[-18,-1],[-23,-59],[22,-67],[-34,2],[-28,64],[-36,11],[-21,-78],[-44,-40],[-17,31],[-9,121],[-37,24],[-61,-36],[-91,0],[-27,51],[54,89],[0,56],[-73,4],[-42,-29],[-45,0],[-26,23],[-35,5],[-1,33],[33,15],[33,39],[-43,29],[-23,39],[-139,24],[-13,17],[1,61],[58,85],[-3,48],[-89,79],[-47,130],[-18,9],[-55,-27],[-33,12],[-51,-31],[1,-33],[33,-42],[22,-77],[4,-95],[-38,-24],[-31,-2],[-68,-35],[-50,12],[2,-86],[-7,-25],[-53,-38],[-21,34],[-46,19],[-29,27],[-19,115],[-21,53],[22,28],[30,-10],[36,138],[-7,59],[-46,107],[-31,31],[-33,-11],[-66,-167],[-27,-9],[-64,12],[-25,-22],[-38,-69],[-36,26],[-24,107],[-3,58],[36,52],[-10,100],[91,69],[37,63],[-7,44],[-29,19],[-53,-8]],[[17114,15807],[-27,50],[49,43],[20,-4],[44,40],[47,0],[44,23],[101,-16],[40,-17],[37,-50],[72,3],[41,28],[13,58],[81,70],[175,-55],[48,-6],[70,56],[72,83],[71,-1],[75,59],[43,3],[42,64],[45,-44],[43,8],[35,60],[21,15],[61,-39],[19,19],[62,-8],[38,12],[25,30],[32,76],[71,37],[48,42],[45,120],[16,17],[34,-11],[51,23],[64,-31],[41,31]],[[19023,16595],[0,34],[54,55]],[[24641,14676],[23,-22],[34,-76],[-7,-63],[22,-36],[20,-105],[23,-67],[5,-63],[18,-33],[9,-59],[-6,-63],[6,-74],[-11,-159],[-3,-124],[11,-32],[-13,-93],[-10,-21],[0,-72],[-18,-127],[6,-61],[30,-78],[-578,-1099],[-1,40],[-18,70],[3,46],[-16,58],[23,106],[0,64],[13,101],[-16,62],[-38,4],[-26,-15],[-58,48],[17,-63],[-73,-35],[-19,76],[-30,-6],[-22,-80],[21,-40],[25,8],[52,-41],[17,-54],[24,-30],[-84,-105],[-37,-30],[-38,-11],[6,-65],[39,1],[38,-18],[-15,-42],[-60,-32],[-27,-58],[-4,-39],[29,-103],[4,-64],[-60,-107],[-58,-6],[-4,-43],[-24,-86],[-12,-11],[-55,29],[-28,36],[-32,-28],[-2,-40],[-33,-47],[10,-67],[-24,-46],[-45,29],[-42,-65],[10,-48],[56,-123],[20,-3],[107,69],[27,-38],[-43,-48],[-13,-30],[12,-72],[-30,-41],[-27,31],[-36,-17],[40,-57],[-18,-33],[-2,-50],[15,-89],[-81,-25],[-30,-1],[52,-90],[-3,-114],[51,-76],[-11,-39],[-40,-29],[14,-76],[39,6],[18,87],[24,-8],[11,-51],[-21,-92],[12,-90],[52,-40],[39,2],[29,-56],[42,-45],[-3,-37],[27,-96],[39,-20],[11,-60],[-32,-81],[2,-35],[59,-61],[5,-26],[60,6],[39,-40],[36,-55],[22,-62],[6,-68],[25,-26],[26,18],[34,-7],[13,-81],[-21,-14],[-10,-55],[7,-74],[-13,-44],[6,-46],[-28,-80],[-24,-25],[3,-71],[-18,-68],[18,-169],[-1,-69],[11,-51],[2,-102],[12,-43],[4,-70],[-13,-138],[-35,-75]],[[24106,8239],[-36,13],[-38,-58],[-7,-57],[-44,-30],[-44,-3],[-68,-109],[-25,-19],[-62,4],[-54,-26],[-33,-28],[-89,-33],[-40,-35],[-54,-22],[-68,20],[-42,-5],[-70,-42],[-78,-9],[-65,-57],[-22,-3],[-8,131],[-17,56],[-49,58],[-41,1],[-41,-68],[-18,-1],[-61,37],[-18,32],[3,56],[-26,37],[-119,-9],[-26,40],[-26,2],[-22,33],[-59,22],[-14,19],[-31,120],[7,28],[-32,21],[-26,-4],[-6,43],[-24,49],[6,64],[-21,27],[-78,27],[-24,71],[3,27],[-34,20],[-38,1],[-4,75],[46,35],[-6,57],[-37,-6],[-34,16],[-32,-6],[-16,-40],[-41,35],[-16,-78],[-39,6],[-32,-76],[-17,33],[-82,-7],[-24,38]],[[50661,13651],[-36,21],[-40,81],[-20,92],[-2,68],[27,110],[38,49],[105,80],[53,29],[56,50],[47,70],[33,76],[20,78],[7,63],[-10,73],[-19,50]],[[50920,14641],[30,34],[101,70],[101,24],[43,33],[-21,63],[5,79],[-16,27],[19,88],[36,48],[-34,146],[37,40],[34,-21],[44,42],[-37,60],[-1,48],[48,36],[14,-4],[52,-67],[27,-15],[15,60],[-5,62],[33,16],[21,155],[-27,64],[27,38],[42,-20],[29,28],[11,101],[-18,111],[-25,60],[16,26],[66,-42],[146,-25],[107,-43],[31,-79],[17,82],[-16,67],[23,38],[40,21],[28,40],[-14,32],[12,62],[18,24],[58,-61],[42,49],[2,91],[9,45],[26,-15],[2,-66],[64,6],[42,-8],[43,15],[34,90],[-28,104],[-42,-29],[-46,53],[-9,31],[-39,37],[5,28],[86,-19],[22,45],[81,82],[13,61],[35,24],[51,-10],[-7,-132],[-32,-77],[2,-37],[49,-98],[13,-59],[38,12],[25,31],[7,115],[53,-54],[30,-107],[6,-72],[36,-13],[68,27],[36,-28],[30,15],[56,-41],[29,-44],[32,5],[24,-25],[24,32],[8,60],[36,-2],[1,-54],[33,32],[6,107],[30,46],[-1,47],[40,30],[21,49],[45,41],[46,-28],[38,-2],[84,133],[-15,47],[18,185],[21,35],[62,-24],[58,-3],[47,14],[19,42],[39,-26],[8,-84],[23,-30],[-12,-43],[16,-44],[31,6],[29,-26],[36,57],[32,20],[26,-44],[-12,-56],[58,-10],[20,47],[-16,24],[42,34],[22,104],[53,0],[7,-26],[103,-104],[50,13],[-8,48],[9,44],[59,-16],[-5,62],[-37,39],[24,27],[68,-18],[39,22],[30,50],[-19,41],[7,54],[31,35],[11,49],[46,81],[25,18],[27,48],[-40,36],[55,71],[30,94],[-20,51],[-36,41],[-14,81],[14,68],[18,7],[27,112],[44,-7],[44,32],[51,-12],[107,53],[38,59],[55,39],[76,27],[100,-8],[30,-45],[73,-73],[45,-8],[34,11],[21,51],[43,44],[36,13],[22,37],[43,31],[73,94],[23,0],[38,-39],[17,-46],[54,-79],[45,-5],[29,60],[52,28],[57,-61],[61,-14],[82,105],[15,29],[4,68],[-31,126]],[[55823,18475],[45,3],[45,-21],[33,-34],[17,-51],[0,-71],[-24,-79],[-66,-116],[-164,-217],[-28,-48],[-66,-80],[-24,-82],[-13,-131],[33,-31],[56,6],[23,-21],[43,-82],[90,-135],[22,-61],[-2,-61],[-19,-64],[-31,-55],[-2,-32],[24,-59],[40,-18],[30,-63],[20,-102],[82,-55],[24,-90],[25,-64],[5,-61],[17,-48],[49,-84],[56,-49],[80,-119],[81,-66],[63,-34],[13,-46],[-5,-143],[30,-99]],[[56425,15812],[62,-68],[10,-60]],[[56497,15684],[-52,-36],[-1202,-2227],[-12,-49],[-24,-28],[-49,9],[-37,30],[-38,9],[-60,36],[-53,4],[13,-96],[-57,-45],[-31,-47],[-28,15],[-67,-122],[-23,-61],[-27,-31],[-25,-95],[31,-162],[75,-34],[37,-6],[161,2],[53,39],[13,-19],[-26,-50],[2,-56],[-53,-65],[-32,-11],[-11,-35],[11,-44],[-10,-40],[30,-214],[22,-51],[2,-93],[17,-79],[-6,-50],[21,-72],[-12,-67],[20,-44],[7,-65],[-24,-81],[2,-41],[-18,-39],[10,-123],[-5,-21]],[[55042,11429],[-119,109],[-52,33],[-55,0],[-61,-31],[-90,-62],[-85,-45],[-112,-35],[-110,-43],[-57,-6],[-91,-25],[-78,-51],[-67,-18],[-86,7],[-83,34],[-70,73],[-108,158],[-32,63],[-8,51],[-62,-32],[-40,-102],[-15,-89],[-25,-248],[-69,-130],[-76,-84],[26,-23],[13,-53],[-4,-58],[-17,-15],[-56,15],[-7,-29],[20,-38],[-32,-24],[9,-87],[-19,-36],[-1,-53],[-48,-24],[-50,0],[-26,14],[-54,-41],[-32,-51],[-25,18],[-19,-21],[-18,-57],[-61,13],[-13,-18],[-38,7],[-25,-15],[-17,44],[-39,-20],[-28,5],[-17,-28],[11,-132],[-30,-9],[-45,24],[-39,-12],[2,51],[-34,9],[-27,70],[-28,35],[-97,-29],[-19,-58],[-33,-24],[-55,-1],[-13,-54],[18,-90],[-25,-48],[-66,-3],[-33,-14],[-28,-51],[-82,-75],[-65,-41],[-78,-26],[-18,-18],[-45,8],[-22,-25],[-32,11],[-29,33],[-43,4],[-83,74],[-35,14]],[[50983,8191],[42,-30],[43,-3],[4,-27],[-33,-38],[-79,-67],[-29,13],[-30,-15],[-19,-98],[-38,-20],[-37,-48],[-126,-68],[-14,-102],[48,-108],[-4,-77],[-59,-33],[-107,115],[-25,-17],[-62,-101],[-1,-35],[75,-188],[1,-26],[-36,-45],[-92,-45],[-52,-3],[-23,-14],[94,-174],[21,-95],[-5,-130],[19,-36],[62,-64],[53,-20],[37,1],[10,-42],[25,-32],[46,-7],[27,-29],[10,-50],[-40,-116],[-44,-74],[25,-92],[40,-32],[23,17],[33,59],[46,-24],[24,-77],[115,-12],[34,3],[62,-40],[-28,-89],[-29,-50],[-38,-20],[0,-51],[21,-18],[108,-7],[-8,-71],[-68,-10],[-28,-79],[-44,-29],[-72,-21],[1,-73],[79,-129],[-32,-27],[-57,34],[-36,-22],[-17,-87],[-63,-55],[-1,-44],[76,-30],[18,-30],[-39,-29],[-22,-35],[15,-65],[25,-14],[86,-4],[20,-41],[-42,-37],[-21,-68],[74,6],[1,-52],[67,-102],[92,-1],[15,-118],[39,-58],[-3,-45],[9,-87],[-13,-125],[17,-26],[74,0],[39,-37],[-5,-49],[-45,-39],[21,-40],[70,27],[55,-58],[18,-47],[102,1],[5,-48],[-14,-60],[-48,-31],[-15,-54],[2,-86],[18,-82],[39,-50],[31,-23],[82,3],[32,-7],[12,-87],[-24,-29],[-50,-4],[-40,-71],[-38,-15],[29,-64],[2,-60],[-55,-98],[18,-70],[2,-70],[49,-64],[-14,-16],[-77,-34],[-47,-108],[-20,-6],[-2,-56],[-84,-56],[17,-64],[38,-31],[22,-55],[37,-46],[52,-41],[-21,-33],[-84,45],[14,-81],[-10,-35],[-40,4],[-17,-37],[25,-34],[-3,-53],[-49,-97],[-44,43],[-68,-19],[-48,12],[-53,-31],[-7,28],[-45,42],[-36,-20],[-9,-48],[-33,-27],[-5,-85],[-12,-27],[-55,-52],[-34,-15],[-43,11],[-26,29],[-48,1],[-4,-22],[49,-95],[-5,-34],[-89,-1],[-63,-35],[17,-49],[2,-109],[19,-56],[-35,-38],[-25,38],[-28,-28],[-55,2],[-50,-60],[-33,22],[-19,-10],[-37,53],[-19,-54],[-42,-15],[-45,82],[-57,27],[-27,-40],[-48,-37],[-43,2],[-44,-60],[-20,-5],[-31,102],[9,23],[-12,76],[-61,46],[-46,1],[-50,-73],[-179,29],[-51,-26],[-36,-63],[-41,11],[-19,-80],[-21,-28],[-30,10],[-60,-56],[-59,-15],[-44,-22],[-34,4],[-20,25],[-58,-8],[-65,-37],[-2,-42],[-102,-13],[-31,-51],[-7,-49],[-38,-24],[-86,-115],[-49,-36],[-27,-74],[16,-26],[73,-41],[81,-6],[5,-72],[36,-42],[-5,-49],[13,-34],[-28,-32],[15,-41],[-25,-57],[28,-58],[-7,-59],[-20,-34],[3,-51],[-23,-38],[-25,-104],[-24,-58],[11,-46],[-17,-77],[-86,70],[-46,27],[-32,4],[-82,-18],[-9,50],[14,94],[-4,67],[27,53],[48,19],[-69,119],[-118,47],[-46,-54],[-75,-44],[-33,57],[-15,62],[28,73],[-3,62],[-71,41],[-11,30],[18,106],[-47,46],[-3,82],[18,45],[-22,12],[-30,57],[-27,26],[-6,37],[44,55],[-25,32],[-47,30],[-35,56],[-24,80],[-48,-9],[-46,12],[-3,58],[-17,57],[-37,45],[-2,65],[24,32],[48,-5],[51,65],[8,52],[-53,15],[-51,71],[-1,47],[-51,100],[-11,136],[-11,42],[-44,2],[-18,30],[-37,20],[-46,46],[-38,-45],[-49,-2],[-54,-17],[-6,-29],[-63,-14],[-47,27],[-13,27],[-52,46],[14,87],[18,43],[-26,56],[3,66],[28,75],[-7,69],[11,15],[-2,74],[-27,82],[-46,50],[2,62],[-88,111],[-25,73],[7,48],[-67,18],[-23,-38],[-27,13],[-16,-25]],[[47135,3176],[-21,116],[-7,102],[-26,40],[26,37],[11,92],[-3,50],[-24,38],[0,101],[-25,40],[-4,146],[7,35],[-21,34],[18,72],[-34,10],[-9,57],[-23,14],[-57,83],[-26,76],[9,68],[16,27],[-7,50],[8,39],[-21,91],[-28,50],[16,62],[-18,12],[-13,67],[-14,18],[-12,130],[38,75],[-17,70],[-7,68],[28,53],[54,36],[3,32],[-19,36],[-26,12],[-6,35],[40,92],[-27,53],[47,80],[39,-11],[17,19],[0,58],[31,42],[0,43],[-87,92],[-5,37],[-49,28],[11,51],[-4,52],[-57,57],[-21,44],[-54,43],[-27,39],[30,20],[52,-15],[19,28],[39,21],[-48,43],[-40,143],[14,79],[-13,40],[-30,-5],[1,84],[33,36],[-34,35],[-41,5],[-51,36],[-49,63],[-7,42],[39,31],[-33,97],[-27,-14],[-6,-57],[-32,29],[-8,120],[-46,56],[-10,97],[-15,39],[17,40],[15,111],[23,43],[8,58],[30,37],[72,46],[18,65],[-11,24],[19,67],[-39,-6],[-89,31],[-79,-30],[-4,47],[-81,-18],[-58,-25],[-39,-32],[-23,-72],[-56,0],[-19,85],[-49,-19],[-26,-46],[-29,-2],[-30,39],[17,20],[59,21],[23,100],[49,-10],[36,76],[-2,83],[27,31],[-13,75],[-29,47],[38,28],[49,-52],[59,-14],[11,23],[-31,48],[-13,70],[20,57],[-4,24],[-43,50],[-69,48],[-53,23],[-55,46],[-51,58],[-122,26],[-24,29],[37,30],[97,59],[25,78],[38,3],[15,-29],[33,3],[19,49],[11,68],[-10,105],[-30,56],[-41,21],[-40,-7],[23,110],[-3,87],[-13,45],[-38,53],[-1,34],[-36,48],[-28,19],[-39,-20],[-28,-52],[-18,-91],[-54,25],[-56,-9],[-44,-52],[-24,0],[-44,68],[16,42],[50,50],[44,29],[15,76],[37,19],[22,-32],[36,-19],[17,88],[24,58],[-29,53],[-30,83],[2,31],[30,16],[32,-9],[54,-53],[29,-8],[39,54],[-4,70],[-19,31],[-50,37],[-8,60],[-28,19],[14,32],[85,-5],[38,32],[17,50]],[[46125,10077],[30,-51],[-30,-25],[12,-156],[36,-12],[-6,-67],[1,-100],[30,-5],[38,17],[17,27],[-38,37],[31,61],[84,2],[29,50],[51,-20],[53,-5],[36,-33],[34,27],[113,-12],[37,105],[91,46],[26,-93],[25,-13],[44,26],[53,-44],[-10,-42],[33,-54],[31,29],[35,104],[46,0],[33,-80],[30,-15],[31,18],[21,-18],[78,13],[43,-22],[68,-96],[25,5],[27,36],[51,-36],[18,16],[37,-21],[15,38],[51,-13],[21,-69],[37,-35],[40,17],[38,-13],[51,-45],[-6,-45],[28,-61],[34,-18],[73,-2],[8,-55],[-11,-90],[73,-38],[31,-32],[-7,-62],[19,-11],[10,-50],[-6,-97],[-17,-56],[-22,-19],[14,-45],[-7,-61],[-29,-23],[-14,-90],[-24,-49],[32,-70],[-17,-47],[13,-42],[26,-28],[15,-78],[24,-30],[-11,-33],[1,-71],[29,-53],[17,-76],[-10,-42],[20,-22],[59,-9],[19,-54],[39,-33],[66,-6],[-8,57],[31,38],[14,85],[48,49],[-1,68],[46,41],[7,74],[86,38],[-56,91],[5,61],[-35,23],[-4,38],[33,12],[15,61],[-19,34],[56,7],[37,-45],[40,-1],[13,43],[-2,51],[58,30],[136,17],[23,25],[46,7],[-4,109],[25,27],[-29,67],[13,79],[23,18],[78,-20],[46,13],[46,44],[105,10],[30,21],[33,45],[-41,69],[3,67],[14,53],[67,76],[26,44],[9,85],[41,31],[37,107],[2,38],[27,97],[-19,95],[33,60],[54,30],[35,82],[38,2],[29,36],[0,61],[94,35],[14,23],[59,35],[28,41],[40,13],[104,147],[58,16],[8,59],[29,71],[28,-8],[-10,60],[32,7],[-9,64],[8,28],[47,66],[69,-54],[33,53],[52,-10],[17,-35],[36,32],[25,51],[-17,81],[17,6],[47,99],[22,25],[28,-14],[75,-14],[46,14],[53,40]],[[65854,33982],[-76,-31],[-21,-26],[-13,-58],[7,-80],[-11,-94],[-6,-114],[-32,-65],[4,-28],[-16,-72],[5,-71],[-11,-51],[25,-64],[19,-81],[10,-80],[-14,-114],[25,-17],[3,-86],[21,-12],[17,-61],[-11,-70],[-7,-123],[54,-74],[9,-39],[42,-45],[-13,-80],[9,-94],[-26,-7],[10,-66],[-17,-17],[11,-93],[-15,-52],[22,-26],[-23,-50],[1,-56],[-44,16],[-46,-17],[-84,23],[-56,-35],[-60,39],[-52,-17],[-43,-53],[-39,-29],[-28,-94],[-79,-139],[-25,-102],[7,-76],[-20,-32],[-38,-16],[-48,-126],[-3,-140],[-20,-58],[3,-102],[-41,-13],[-128,-84],[-28,-31],[-25,-2],[-21,-39],[-40,-24],[-75,11],[-48,-16],[-50,-80],[-43,-111],[-18,-112],[8,-27],[66,-14],[13,-60],[51,-10],[22,-18],[33,-68],[20,-125],[-20,-79],[-7,-85],[-20,-36],[-50,-161],[-1,-56],[21,-115],[32,-75],[-3,-78],[-28,-68],[-37,-52],[19,-154],[-6,-82],[-19,-35],[-80,6],[-17,-52],[21,-89],[17,-17],[-10,-77],[11,-40],[-20,-42],[25,-107],[-16,-35],[-8,-108],[-41,-57],[-26,-123]],[[63297,35738],[18,29],[37,7],[32,-40],[-8,-37],[25,-18],[15,52],[24,-28],[73,28],[24,-13],[12,109],[-6,66],[48,31],[30,118],[-12,36],[-2,62],[10,60],[36,-9],[20,53],[-16,23],[65,55],[17,32],[16,110],[-32,27],[-32,57],[5,87],[15,37],[35,-16],[-19,116],[34,34],[33,-34],[11,37],[62,15],[38,-7],[-37,143],[-1,131],[-25,176],[39,19],[8,45],[43,42],[23,-13],[95,-99],[66,-110],[26,-33],[47,-87],[44,-59],[45,-28],[14,56],[-12,44],[-42,-19],[2,92],[50,-70],[15,12],[-13,64],[13,79],[-39,-10],[-23,29],[-13,-45],[-35,62],[38,108],[-24,19],[16,50],[-4,43],[29,79],[15,-21],[38,36],[-23,31],[30,88],[-29,36],[-54,36],[-47,6],[27,40],[-3,35],[-35,11],[-31,-11],[6,52],[-6,62],[24,36],[-6,26],[-34,28],[-27,-26],[-10,87],[24,12],[2,44],[71,76],[73,7],[39,-35],[17,17],[-17,90],[-50,69],[-29,96],[46,-44],[18,17],[8,81],[-38,63],[12,29],[-29,26],[-3,65],[64,-18],[37,-61],[74,-87],[48,-5]],[[91915,31559],[-20,-24],[-38,-169],[-23,-24],[-12,-58],[-66,-24],[-30,-62],[-4,-40],[-26,-46],[-79,4],[-67,-42],[-58,-111],[-44,-30],[-18,-71],[-80,-54],[-27,-59],[-19,-10],[13,-111],[12,-28],[-34,-37],[-60,2],[-38,-94],[-41,-41],[-6,-45],[-42,-17],[-20,-52],[-28,-40],[-37,-145],[-77,-6],[-66,19],[-23,-104],[27,-26],[1,-46],[-34,11],[-59,-44],[-31,-44],[-32,-95],[17,-35],[-16,-33],[-740,-829]],[[87551,33496],[14,57],[44,52],[47,-12],[22,26],[40,1],[6,32],[33,28],[-7,80],[42,41],[-52,86],[-11,64],[21,144],[-20,67],[-21,106],[-39,28],[-19,62],[21,26],[-10,97],[-25,88],[2,136],[27,31],[13,64],[46,55],[16,33],[-52,97],[11,34],[53,44],[38,97],[6,52],[-14,98],[38,17],[65,12],[34,-6],[52,28],[18,33],[-6,65],[-45,96],[-50,47],[-44,23],[-47,105],[-15,96],[11,208],[9,72],[-46,58],[-45,139],[-89,54],[-50,-36],[-9,20],[17,110],[26,52],[-3,51],[15,69],[-7,67],[-50,103],[-24,146],[-1,48],[25,58],[57,58],[16,32],[19,108],[24,20],[109,28],[26,53],[-12,84],[27,119],[60,42],[40,119],[69,-2],[101,-32],[69,44],[73,72],[67,6],[68,29],[54,10],[24,52],[32,1],[38,25],[11,98],[20,63],[3,55],[59,46],[24,49],[-7,39],[15,34],[76,91],[-16,35],[9,38],[92,13],[76,65],[9,46],[59,81],[21,48],[50,58],[-6,-75],[6,-47],[28,-50],[60,69],[20,3],[7,-58],[43,20],[30,-13],[77,107],[37,8],[15,-32],[-9,-91],[23,0],[2,-83],[-34,-38],[33,-70],[19,31],[48,8],[46,-28],[27,17],[67,-69],[52,18],[42,-29],[5,-35],[61,-75],[-28,-81],[76,-60],[16,-34],[39,4],[25,36],[35,-8],[68,35],[9,-55],[24,-10],[10,-56],[27,-19],[1,-61],[-19,-34],[29,-91],[-38,-42],[-6,-98],[20,-45],[-22,-37],[9,-121],[29,-93],[48,15],[29,50],[36,33],[49,26],[36,117],[4,38],[-18,44],[26,26],[2,45],[63,24],[46,-62],[78,39],[45,-23],[11,19],[52,7],[41,-46],[21,29]],[[47135,3176],[-44,7],[-14,-43],[-27,-17],[-13,-81],[-51,-40],[-70,17],[8,-32],[-56,-60],[-39,-21],[-34,38],[-56,9],[-47,48],[-16,36],[-6,55],[-36,5],[-2,-65],[-61,-41],[-48,-62],[-27,37],[-49,-16],[-18,118],[-31,-17],[-22,25],[-69,-70],[-77,21],[-27,-29],[-62,27],[-30,83],[-35,-70],[-4,-75],[-55,45],[-10,-64],[-36,0],[-23,31],[-7,115],[-10,29],[-36,24],[-61,90],[-24,-22],[-18,-63],[-24,5],[-6,-49],[-34,6],[-10,-33],[-43,10],[-45,-81],[-33,0],[-82,28],[-39,22],[-24,32],[-36,-20],[-14,-68],[-49,-34],[-45,9],[-43,49],[11,64],[-57,86],[-64,0],[-10,35],[30,72],[-20,6],[-21,48],[-25,18],[-2,48],[-51,35],[-55,19],[5,36],[-72,65],[-66,88],[-12,83],[-4,85],[-35,-22],[-37,-47],[-33,-156],[-71,-1],[-57,-63],[-22,-39],[-41,-37],[-14,-36],[-40,-33],[-1,-29],[-92,-58],[-46,-81],[-49,2],[-89,-37],[-74,19],[-79,87],[-45,-24],[-16,59],[-49,36],[-99,23],[-28,-21],[28,-68],[-130,-20],[-13,-78],[20,-43],[-41,-117],[-55,-25],[-36,17],[10,99],[-37,65],[-105,-1],[-73,30],[-25,-34],[-53,-23],[-24,36],[-33,1],[-20,-31],[-38,-97],[-27,58],[-37,-6],[-53,-42],[-17,-43],[-40,-12],[-26,-58],[-16,-4],[-128,56],[-95,63],[-22,43],[-22,6],[-48,-18],[-45,6],[-9,25],[-36,11],[-29,35],[-68,6],[-35,14],[-53,55],[-39,-6],[-18,-65],[-50,-91],[-63,-26],[-10,-43],[-60,-29],[-74,-101],[-72,23],[-45,35],[-8,85],[-73,-32],[-44,-135],[-39,-36],[-44,-14],[-34,10],[-36,-39],[-51,-23],[-32,13],[-44,128],[16,52],[-19,18],[-31,-13],[-36,20],[-9,91],[-20,79],[-31,-19],[-41,4],[-27,33],[-54,12],[-38,86],[-30,-51],[-22,39],[-34,31],[-49,19],[-23,-9],[-22,-48],[-51,51],[-21,37],[-86,-42],[5,-107],[-49,-53],[-120,-1],[-38,36],[-5,64],[-13,32],[-36,11],[-44,40],[-44,109],[-31,40],[-22,-25],[-55,26],[-16,68],[-61,-10],[-23,-52],[-38,-30],[2,-47],[-24,-32],[-82,44],[-15,50],[-59,42],[-46,22],[-24,53],[-59,-49],[-32,-59],[-58,3],[5,62],[-8,38],[-51,-31],[-77,12],[-12,48],[-32,43],[-39,-80],[-33,-27],[-41,50],[-36,28],[-25,-11],[-25,-38],[-39,-5],[-20,39],[-4,44],[-27,24],[11,59],[-25,22],[-13,74],[-44,-3],[-19,56],[-21,23],[-19,118],[-15,21],[-84,36],[-20,20],[-8,107],[-36,-2],[-21,31],[-82,30],[-45,59],[-7,-34],[-34,7],[-17,43],[-78,129],[-48,25],[-48,-49],[-32,78],[-40,46],[-5,42],[-63,-19],[-4,-30],[-35,-20],[-95,-3],[-2,59],[-29,33],[-5,37],[-93,128],[-39,88],[-52,-28],[-31,29],[-41,82],[0,39],[-23,125],[27,79],[-7,74],[-1,113],[6,70],[-32,43],[3,62],[-26,10],[-7,37],[-109,56],[-86,65],[-33,-4],[-29,-66],[-138,33],[-41,30],[-30,39],[-21,100],[-86,-34],[-62,-55],[-9,26],[-38,-4],[-41,24],[-27,-21],[-44,23],[-73,22]],[[37323,5855],[-8,138],[-11,45],[2,126],[-7,39],[-2,180],[-44,92],[-6,130],[-18,42],[48,19],[6,98],[-29,2],[4,152],[-37,27],[8,68],[-8,107],[-32,21],[-11,37],[-1,65],[24,98],[46,54],[22,-30],[14,59],[-36,51],[5,74],[35,44],[19,-38],[25,39],[2,79],[14,29],[-44,124],[32,20],[-26,69],[43,33],[28,89],[44,-12],[10,90],[54,93],[-67,16],[-49,-17],[-19,103],[36,18],[35,42],[12,37],[-11,93],[22,37],[-21,35],[-48,-34],[-15,39],[16,76],[-58,24],[-10,32],[-42,49],[11,75],[-13,21],[-2,62],[-27,9],[-46,43],[-31,-40],[-24,-53],[-40,3],[-6,40],[-29,19],[-16,-20]],[[37046,8917],[-33,112],[12,32],[53,11],[108,112],[20,37],[8,52],[-25,79],[5,86],[16,92],[38,23],[45,-68],[118,-43],[13,-48],[-14,-58],[-2,-64],[-55,-76],[-8,-58],[22,-40],[109,-42],[58,-38],[22,-28],[58,-36],[17,-26],[-21,-35],[-30,-10],[2,-42],[41,-47],[61,-24],[16,-24],[29,8],[4,49],[38,30],[16,58],[-4,45],[-48,102],[-21,18],[-28,59],[-59,93],[-25,21],[-11,50],[-29,34],[23,21],[33,-3],[37,-87],[96,-111],[73,-25],[42,3],[15,28],[-12,48],[57,64],[25,93],[-27,122],[22,44],[61,30],[18,21],[54,24],[23,42],[10,72],[-30,41],[-44,37],[7,32],[-21,51],[14,81],[34,39],[47,-26],[15,-43],[32,-29],[52,12],[27,-45],[11,-53],[1,-118],[13,-34],[2,-66],[41,-18],[43,33],[46,14],[46,30],[46,10],[28,-9],[26,53],[47,3],[54,-12],[21,-140],[19,-29],[34,6],[43,-27],[99,15],[49,-13],[54,21],[55,49],[18,-70],[-19,-49],[32,-53],[-52,-97],[-42,-21],[-10,-33],[-59,-35],[-22,-26],[5,-48],[29,-43],[-7,-69],[30,-39],[56,6],[-6,56],[65,79],[29,-14],[26,-36],[20,-69],[37,-14],[47,16],[26,-21],[-11,-76],[-14,-16],[-57,-4],[-43,-32],[-26,-44],[-4,-50],[-37,-77],[12,-85],[85,-36],[75,32],[21,-10],[21,-74],[-5,-60],[28,-25],[31,38],[67,-19],[28,-26],[49,-136],[31,6],[60,-15],[20,10],[55,69],[20,13],[55,-27],[-17,-59],[14,-115],[-7,-57],[19,-20],[81,32],[145,-12],[24,-23],[32,-83],[61,-8],[54,27],[25,75],[-37,71],[24,8],[35,50],[91,-76],[52,-25],[26,21],[2,80],[45,67],[55,15],[62,47],[35,-19],[-2,-53],[18,-39],[86,-36],[59,6],[20,38],[47,-9],[17,-41],[0,-60],[28,-54],[67,-64],[9,-44],[-25,-33],[-39,3],[-74,63],[-22,7],[-54,-27],[-15,-60],[7,-63],[29,-68],[19,-12],[53,15],[31,-59],[-19,-107],[11,-27],[33,6],[47,-82],[25,-20],[35,0],[48,-35],[9,-59],[-10,-79],[7,-35],[27,-1],[17,34],[33,6],[38,-37],[39,11],[53,53],[13,84],[-38,21],[-25,52],[-32,4],[14,48],[23,5],[43,-29],[121,43],[15,42],[-8,43],[23,30],[23,-14],[18,-42],[8,-99],[44,-43],[4,-52],[-34,-35],[12,-32],[88,-74],[14,-41],[31,-13],[42,14],[30,43],[-32,50],[32,54],[30,-1],[46,54],[81,1],[42,-42],[8,-32],[62,-9],[16,60],[48,-25],[73,49],[36,76],[29,33],[5,44],[33,32],[6,50],[29,1],[4,46],[24,9],[28,117],[44,35],[56,88],[26,64],[28,107],[31,29],[7,56],[143,113],[48,156],[711,333],[27,170],[21,10],[24,62],[50,45],[39,-21],[32,30],[14,-40],[66,29],[-17,82],[11,79],[30,14],[49,114],[-3,92],[27,25],[21,46],[26,-7],[20,61],[-3,146],[50,-29],[52,15],[17,-13],[29,31],[-23,109],[21,21],[19,73],[-29,67],[4,41],[54,-6],[10,37],[0,75],[-25,16],[-43,-39],[-59,34],[5,21],[47,7],[80,129],[15,35],[27,-20],[9,-53],[39,1],[15,72],[-27,77],[-40,7],[-66,32],[-41,41],[-22,81],[15,45],[63,39],[-25,35],[42,64],[-65,24]],[[43865,10883],[39,35],[84,12],[29,26],[25,-9],[5,-42],[27,-25],[86,46],[-7,75],[6,54],[-23,63],[1,61],[32,45],[71,39],[30,-16],[20,-42],[32,21],[46,-18],[26,-64],[22,-29],[13,-79],[-64,-98],[3,-52],[42,-67],[-6,-89],[16,-100],[20,-55],[17,-93],[-7,-24],[-46,6],[-12,-24],[26,-47],[59,-16],[42,18],[24,-25],[5,-49],[-13,-62],[9,-34],[36,33],[5,68],[51,59],[1,23],[-68,46],[-28,30],[-12,39],[29,37],[-8,52],[31,51],[43,19],[133,13],[24,-27],[22,-77],[8,-70],[33,-61],[17,40],[-28,52],[-17,84],[29,40],[65,16],[101,-17],[63,86],[30,10],[29,-26],[-42,-109],[14,-37],[75,34],[67,-34],[42,10],[22,-20],[-12,-40],[-25,-20],[-66,-6],[-25,-14],[-13,-84],[35,-13],[71,3],[69,-27],[8,-27],[-6,-78],[7,-70],[-49,-36],[-2,-63],[-12,-57],[19,-16],[20,38],[17,84],[45,0],[37,-31],[39,6],[3,71],[26,52],[37,-2],[15,-96],[-8,-70],[14,-45],[28,-41],[75,103],[30,-64],[43,3],[17,112],[42,128],[41,-3],[14,-46],[2,-63],[53,-2],[45,48],[51,18],[53,-59],[-8,-83],[18,-13],[66,-9]],[[52340,89801],[-62,73],[-44,121],[7,17],[4,122],[-11,33],[4,57],[-18,40],[9,41],[-13,48],[3,53],[16,29],[9,162],[-20,83],[11,26],[-22,55],[-9,62],[6,62]],[[52230,94709],[74,-102],[61,-102],[46,-42],[232,-129],[64,-25],[140,-33],[53,-24],[94,-31],[176,-5],[102,-43],[70,-12],[89,-3],[142,6],[136,-55],[95,-5],[89,21],[103,-14],[57,-36],[80,-80],[25,-15],[161,-158],[156,-120],[60,-55],[94,-70],[104,-93],[11,-17]],[[54744,93467],[-14,-89],[1,-39],[-24,-315],[9,-86],[52,-174],[32,-49],[62,-4],[68,81],[87,146],[42,47],[35,11],[34,-11],[29,-30],[34,-59],[27,-136],[-5,-77],[-20,-85],[-28,-82],[-83,-185],[-71,-94],[-56,-41],[-57,-76],[24,-123],[31,-47],[49,-28],[44,0],[92,56],[175,169],[58,45],[50,0],[30,-23],[34,-51],[33,-75],[45,-126],[28,-96],[26,-67],[78,-105],[64,-69],[63,-92],[29,-64],[30,-94],[19,-99],[18,-152],[-4,-103],[-9,-76],[-44,-183],[-22,-71],[-39,-157],[-40,-84],[-143,-193],[-94,-71],[-245,-64],[-64,-44],[-28,-7]],[[41052,77131],[19,-42],[60,45],[34,64],[4,111],[-26,104],[12,122],[18,55],[41,29],[79,125],[22,104],[42,86],[96,157],[-18,10],[21,127],[16,67],[-14,19],[48,46],[-33,70],[105,102],[-17,51],[123,28],[92,-29],[28,12],[90,77],[34,0],[18,21],[58,19],[42,51],[15,53],[34,0],[14,-23],[32,18],[-15,59],[4,40],[-27,43],[-8,139],[-10,32]],[[42085,79123],[56,3],[65,-59],[82,47],[100,34],[75,-13],[95,-93],[22,-38],[65,-64],[29,-43],[113,-145],[-25,-52],[-27,-27],[-24,-146],[5,-125],[-23,-118],[8,-204],[-48,-137],[-8,-42],[-110,-144],[-9,9],[-167,-215],[-97,-2],[-39,38],[-33,64],[-65,82],[-33,88],[-19,31],[-30,-33],[-45,-90],[-20,-54],[-43,-76],[-6,-555],[14,-39],[-8,-92],[13,-88],[81,-153],[-1,-48],[-25,-85],[-13,-72],[-54,-147],[-69,-73],[-27,-59],[-28,19],[-30,-9],[-71,-155],[-29,-15],[-55,23],[-45,-10],[-37,-30],[-16,-51],[-7,-151],[-27,-36],[-46,-16],[-31,-104],[-38,-49],[-45,17],[-8,-98],[-52,-56],[-1,-83],[-35,-51],[-8,-82],[-28,-38],[-45,33],[-55,-51],[-42,-11],[-17,-49],[-95,165],[50,57],[-72,124],[2,47],[-37,74],[-98,153],[1,25],[88,76],[199,485],[-207,232],[71,84],[-11,24],[18,53],[10,105],[19,110],[29,48],[41,134]],[[41703,81635],[-33,13],[-41,-13],[-12,-28],[11,-53],[-57,-40],[-12,-99],[-16,-27],[-87,-35],[-112,-125],[-29,16],[-58,8],[-22,30],[40,48],[5,76],[-23,13],[-57,60],[-72,106],[-37,37],[-22,-37],[-32,-1],[-52,43],[-85,33],[-30,-4],[-27,53],[-8,43],[10,49],[-117,93],[-28,92],[-50,18],[-43,-30],[-18,63],[10,106],[35,3],[-1,60]],[[69454,75433],[-21,-36],[-70,10],[-42,29],[-103,-72],[-56,25],[-67,53],[-42,6],[-26,80],[1,41],[-78,-21],[-45,-44],[-73,67],[-21,43],[-29,100]],[[4458,48959],[-11,106],[0,84],[13,308],[17,126],[16,76],[14,108],[30,163],[11,94],[13,209],[10,342],[-4,49]],[[4567,50624],[47,-2],[37,72],[16,11],[43,-18],[97,0],[36,-57],[35,-90],[93,-46],[51,7],[10,36],[25,14],[53,-1],[32,42],[-11,114],[-4,102],[17,30],[60,18],[56,-39],[36,-5],[37,27],[14,-32],[43,8],[22,-40],[102,-82],[19,-7],[54,31],[38,63],[57,-10],[105,-76],[30,-34],[46,4],[69,50],[123,-17],[24,-15],[23,-54],[84,-76],[22,-10],[51,-56],[109,-156],[81,-99],[80,91],[25,-57],[34,-50],[167,-144],[41,-57],[2,-40],[-27,-70],[3,-59],[-49,-32],[-4,-95],[-18,-66],[-22,-31],[7,-34],[-55,-1],[1,42],[-78,-4],[-31,-49],[-1,-55],[18,-9],[43,20],[-22,-65],[-4,-58],[-17,-29],[56,-33],[0,-366],[27,-24],[4,-64],[106,-2],[-1,-234],[4,-86],[-10,-17],[-21,-103],[-40,-47]],[[6667,48403],[-36,-21],[-43,-70],[-3,-55],[46,-104],[-5,-29],[-44,-1],[-88,78],[-26,33],[-59,201],[-55,35],[-46,-19],[-32,-33],[-49,-145],[-30,5],[-26,32],[-79,7],[-29,14],[-23,42],[-46,28],[-104,24],[-41,-28],[-22,-48],[-27,-18],[-37,18],[-46,71],[-19,43],[-120,85],[-35,14],[-46,39],[-18,58],[-12,153],[-30,46],[-35,0],[-43,-64],[-19,-112],[-44,-78],[-44,9],[-51,51],[-50,122],[-39,27],[-79,83],[-48,35],[-27,0],[-48,-32],[-36,-6],[-64,-69],[-55,-45],[-31,-47],[-21,-71],[-33,-1],[-25,36],[-19,86],[-1,77],[-19,58],[-52,46],[-96,-4]],[[4935,54566],[62,120],[42,123],[54,100],[16,76],[40,148],[27,67],[15,83],[18,28],[2,53],[36,120],[27,66],[21,79],[51,86]],[[5346,55715],[168,-185],[31,-18],[30,11],[60,82],[26,2],[103,-77],[17,-34],[35,-24],[37,4],[157,83],[90,85],[43,-39],[165,3],[28,19],[39,64],[48,38],[41,112],[52,-58],[22,-91],[34,-14],[87,50],[73,-62],[58,26]],[[6790,55692],[49,-40],[0,-96],[21,-44],[45,-21],[33,-33],[27,35],[1,124],[-38,68],[39,27],[12,39],[42,-23],[61,18],[-3,85],[37,-8],[28,-123],[39,-3],[27,-28],[7,-40],[-21,-46],[-62,-80],[-58,-19],[26,-36],[7,-52],[38,6],[32,-47],[81,-8],[30,-62],[21,-3],[37,-39],[30,-9],[25,17],[-7,72],[-24,33],[-44,23],[-47,125],[43,-7],[29,86],[36,1],[41,-63],[23,-93],[68,10],[31,-49]],[[7552,55389],[2,-67],[-44,-38],[0,-62],[15,-93],[51,-69],[20,93],[-1,35],[-26,42],[53,61],[34,88],[30,-3],[14,-49],[-4,-38],[16,-96],[24,2],[46,-31],[72,7],[38,-41],[-65,-78],[-55,-27],[-23,-23],[5,-41],[47,6],[24,-40],[-20,-46],[20,-89],[59,8],[32,-81],[-20,-16]],[[7896,54703],[-23,-4],[-6,-80],[43,-102],[-18,-114],[5,-51],[59,-42],[6,-35],[33,-56],[28,-23],[-22,-59],[-43,-36],[56,-94],[-34,-60],[-25,7],[-68,-18],[-1,-66],[-27,-53],[-1,-27],[26,-50],[31,-9],[21,-52],[-27,-115],[40,-68],[1,-41],[-48,-108],[-299,-1],[-2,-253],[-81,51],[-160,-110],[-164,80],[-31,-13],[-90,28],[-12,-47],[17,-60],[-111,-158],[-170,-1],[-41,18],[-122,5],[-5,-13],[-206,4],[-169,-19],[-33,19],[-111,111],[-48,96],[-23,2],[-63,73],[1,58],[-23,51],[-31,33],[-1,101],[-23,46],[-36,38],[-11,68],[-20,-4],[-25,41],[-32,97],[-26,5],[-29,-44],[-31,56],[-1,60],[-22,48],[-33,18],[-41,-11],[-75,-159],[-30,62],[-8,53],[-1,114],[-19,51],[-32,47],[-49,-13],[-41,-54],[-57,33],[-53,116],[-35,101],[-63,46],[-37,49],[-159,300]],[[7965,69380],[3,227],[32,169],[77,212],[104,216],[64,181],[100,307],[39,160],[50,153],[64,165],[42,88],[21,141],[44,358],[20,218],[6,193],[19,177],[37,141],[57,168],[64,90],[67,127],[40,107],[20,192],[6,172],[-3,202]],[[8938,73544],[145,-20],[1131,-503],[59,-37],[31,31],[16,-19],[6,-57],[28,-63],[49,-2],[30,-16],[57,15],[8,-43],[43,-49],[43,-1],[31,35],[14,59],[43,49],[24,-25],[88,-19],[33,-21],[31,-63],[75,-22],[55,11],[65,-60],[110,5],[48,-45]],[[11201,72684],[-1,-69],[14,-22],[0,-75],[12,-31],[7,-114],[16,-20],[15,-74],[4,-62],[24,-78],[2,-97],[22,-115],[46,-113],[6,-56],[26,-65],[46,-66],[6,-86],[26,-69],[29,-48],[29,-73],[24,-11],[1,-57],[14,-120],[-5,-36],[13,-56],[31,-75],[74,-110],[1,-30],[25,-63],[48,-89],[79,-78],[51,5],[28,44],[104,1],[27,-36],[53,16],[55,-31],[48,-15],[53,15],[39,-38],[45,-80],[84,-23],[14,-68],[21,-27],[42,-119],[30,-69],[23,-23],[10,-39],[121,-210],[47,-42],[55,-108]],[[12785,69779],[37,-73],[34,-40],[120,-40],[70,-82],[-30,-54],[-16,-65],[12,-111],[-22,-72],[-38,-10],[-43,-29],[-25,-41],[-6,-49],[8,-90]],[[12886,69023],[-79,0],[-77,32],[-72,48],[-62,0],[-111,37],[-41,30],[-70,22],[-24,-10],[-62,11],[-50,35],[-44,7],[-74,-10],[-41,-18],[-94,3],[-22,-27],[-24,5],[-76,-22],[-14,32],[-109,28],[-30,32],[-51,29],[-33,1],[-77,79],[-71,32],[-42,41],[-46,0],[-97,23],[-40,28],[-33,-33],[-37,4],[-39,-25],[-37,49],[-154,44],[-27,-9],[-67,56],[-44,13],[-68,52],[-44,-3],[-24,-28],[-84,-28],[-46,-50],[-31,-81],[-45,-50],[-30,-57],[-20,-68],[-61,-125],[-20,-12],[-57,-1],[-71,10],[-60,24],[-30,46],[-32,15],[-21,33],[-26,7],[-31,41],[-19,48],[-35,8],[-35,-31],[-40,-10],[-67,-101],[-26,-50],[-67,-85],[-50,-15],[-21,-36],[-259,-2],[-35,-12],[-15,71],[-22,4],[-962,308],[-396,-32]],[[17404,59435],[-97,47],[-63,-6]],[[16683,63481],[330,626],[223,407],[369,648]],[[19693,62501],[-74,-55],[0,-117],[29,-46],[47,-166],[15,-37],[8,-77],[-18,-59],[-1,-55],[-35,-31],[-38,-78],[6,-146],[-21,-49],[33,-50],[-15,-94],[22,-148],[21,-35],[-11,-91],[9,-114],[10,-38],[-9,-83],[56,-42],[46,-50],[48,-120],[1,-129],[-11,-16],[-114,-8],[-49,-40],[1,-61],[18,-21],[57,6],[28,-23],[-1,-161],[-27,-8],[-59,40],[-54,90],[-33,4],[24,-161],[-24,-41],[-3,-38],[69,-46],[23,-80],[29,-64]],[[21988,25262],[28,-50],[50,-39],[106,-106],[83,-60],[133,-127],[27,-31],[30,-62],[40,-10],[51,-36],[43,-87],[73,-30],[70,-39],[52,32],[27,49],[17,3],[17,97],[63,70],[46,-7],[77,18],[29,60],[27,-5],[49,25],[32,68],[35,20],[20,46],[63,52],[50,-22],[63,43],[-1,53],[-30,51],[4,69],[56,-10],[43,39],[2,47],[36,49],[-22,61],[21,101],[-3,29],[50,50],[48,9],[22,39],[-8,74],[18,49],[-18,153],[84,12],[13,24],[-53,39],[-26,74],[-51,63]],[[23574,26209],[75,72],[85,111],[58,4],[32,-15],[48,-50],[25,-54],[67,-174],[16,-54],[26,-196],[1,-104],[-11,-63],[-71,-133],[-15,-46],[-9,-77],[-8,-213],[6,-40],[37,-56],[30,-16],[72,6],[55,62],[28,155],[28,67],[64,74],[68,44],[95,29],[130,21],[65,-19],[19,-80],[-8,-83],[-42,-133],[-56,-119],[-53,-64],[-50,-43],[-50,-15],[-52,-37],[-38,-56],[-45,-84],[-19,-84],[-4,-54],[34,-65],[49,-40],[52,10],[63,46],[138,123],[52,38],[46,17],[47,-6],[43,-20],[44,-36],[32,-48],[56,-145],[13,-89],[9,-121],[18,-63],[46,-58],[62,-43],[141,-53],[89,-95],[38,-52],[26,-64],[13,-64],[3,-110],[-17,-170],[11,-183],[-10,-101],[-66,-66],[-83,-24],[-145,-22],[-49,-14],[-38,-25],[-37,-55],[-24,-120],[27,-158],[78,-243],[23,-91],[-2,-61],[-14,-40],[-63,-94]],[[23355,19995],[-44,30],[-38,-7],[-36,15],[-70,7],[-64,42],[-80,-47],[-98,2],[-96,89],[-54,19],[-35,-17],[-10,43],[-17,153],[-30,36],[-22,-9],[-19,114],[14,76],[-4,30],[-60,47],[-25,48],[7,73],[-15,79],[15,66],[-18,65],[-48,77],[-30,29],[-20,48],[-28,22],[-46,82],[-46,23],[-15,64],[24,79],[-5,90],[8,48],[-81,121],[39,182],[12,83],[-58,57],[-2,31],[-77,155],[111,132],[-8,115],[-22,72]],[[22264,22459],[12,32],[43,-16],[104,-12],[29,86],[-37,45],[-47,22],[-74,101],[-14,100],[-24,68],[-6,52],[-36,40],[-40,22],[-17,44],[-34,10],[-28,44],[-63,53],[-47,4],[-31,68],[-70,15],[-22,-47],[-36,14],[-7,-36],[-30,4],[-16,39],[-40,27],[-27,51],[-23,79],[-27,-7],[-15,33],[15,32],[-63,3],[-10,64],[-29,-92],[-37,36],[-40,14],[-6,-29],[-46,28],[36,45],[9,33],[-26,18],[-3,37],[12,74],[-14,40],[-64,-9],[-39,20],[-52,57],[-29,-24],[10,-70],[-31,-76],[-70,13],[-72,65],[-17,-56],[-53,-7],[-10,27],[14,55],[30,2],[2,54],[-53,89],[-34,-56],[-21,38],[5,62],[19,20],[43,-6],[-7,48],[-81,-6],[-68,-17],[-31,60],[-34,-44],[-29,10],[-21,72],[-24,29],[-102,57],[-11,116]],[[21485,83859],[3,28],[65,36],[49,-14],[10,-47],[42,22],[-3,81],[-46,169],[17,64],[14,109],[-6,77],[17,39],[23,125],[31,78],[36,126],[23,100],[5,77],[-18,127],[-21,73],[13,93],[-20,33],[14,110],[48,25],[27,69],[31,40],[9,33],[32,26],[34,59],[4,46],[53,60],[58,121],[34,51],[1,46],[24,37],[53,37],[26,44],[15,67],[-5,57],[13,37],[-6,39],[39,80],[-2,125],[11,89],[20,36],[9,77],[21,48],[48,60],[31,22],[-6,72],[16,84],[-24,54],[40,38],[49,121],[31,22],[65,131],[33,128],[17,42]],[[22582,87488],[585,-647],[652,-708],[48,68],[48,27],[47,-77],[43,-26],[30,-37],[10,-40],[3,-82]],[[24048,85966],[-30,-30],[25,-45],[14,-107],[-27,-70],[1,-90],[-13,-52],[11,-35],[-1,-74],[27,-122],[-17,-19],[10,-87],[2,-106],[22,-87],[9,-134],[20,-28],[-2,-48],[13,-52],[4,-92],[14,-50],[4,-107],[16,-40],[0,-58],[33,-43],[-5,-80],[9,-38],[-18,-35],[-3,-45],[18,-45],[-2,-132],[40,-55],[-19,-51],[-52,-60]],[[26712,26468],[182,-52],[-4,-107],[17,-33],[37,-20],[25,-46],[12,-49],[-12,-30],[-45,21],[-30,-29],[30,-63],[-7,-30],[7,-64],[28,-66],[27,-20],[-6,-49],[12,-32],[-31,-35],[-50,-25],[-49,8],[4,-35],[-20,-67],[50,-70],[-12,-53],[-71,-49],[1,-59],[64,-94],[-3,-63],[-37,-17],[-8,23],[-63,-64],[-18,-67],[21,-38],[-27,-30],[31,-26],[31,18],[72,-26],[-19,-28],[-13,-55],[30,-81],[-28,-25],[19,-35],[-13,-43],[-41,25],[-22,-32],[-29,-82],[11,-33],[-21,-35],[21,-49],[-12,-75],[40,-119],[5,-59],[17,-32],[32,-139],[67,-84],[122,-67],[23,-42],[17,-77],[46,-41],[43,-52],[24,-57],[48,11],[42,-22],[30,-68],[42,-22],[-17,-74],[-39,-32],[14,-78],[29,-33],[19,-115],[42,-91],[-10,-21],[-41,-12],[-27,-70],[-39,-62],[-42,-17],[-73,10],[-54,-10],[-7,-23],[-55,-77],[-50,-38],[-31,-7],[-17,-83],[-32,-18],[-97,-15],[-11,-29],[-12,-112],[-24,-37],[-51,-40],[-69,-10],[-28,40],[-79,-9],[-33,-37],[-40,10],[-92,-22],[-60,-39],[-67,4],[-55,-39],[-9,-66],[-27,-69],[-49,-35],[-34,2],[-42,111],[-36,17],[-54,-30],[-40,-38],[-37,-60],[-38,-5],[-52,48],[-41,2],[-56,-21],[-59,-53],[-95,7],[-55,24],[-41,4],[-43,-16]],[[23574,26209],[-85,-67],[-42,-4],[-82,43],[-47,76],[-71,90],[-18,112],[20,65],[43,85],[46,54],[79,27],[92,22],[63,5],[106,-28],[58,-9],[55,11],[45,62],[-1,51],[-20,48],[-27,17],[-47,5],[-46,22],[-52,45],[-39,16],[-51,3],[-201,-41],[-91,-66],[-102,-27],[-59,2],[-132,55],[-64,76],[-98,132],[-12,80],[11,33],[51,31],[92,-2],[82,-22],[82,-14],[122,-49],[66,-42],[74,16],[67,57],[11,44],[1,77],[20,110]],[[43266,58877],[-2,-41],[-69,21],[-31,-47],[4,-53],[35,3],[6,-29],[-37,-42],[0,-32],[67,-53],[61,2],[8,-88],[22,-43],[-47,-37],[-97,-46],[-12,-42],[5,-79],[29,6],[13,67],[26,-12],[43,-71],[6,-54],[41,-75],[-55,-68],[-24,-1],[-2,90],[-92,-10],[-17,45],[-30,12],[-1,-80],[-18,-68],[25,-22],[33,35],[58,-5],[8,-51],[-37,-23],[28,-61],[64,-40],[49,-16],[-5,-40],[40,-80],[43,-39],[-18,-60],[-23,0],[-15,38],[-48,20],[-38,-102],[14,-68],[19,34],[28,-66],[31,-98],[12,-109],[-64,23],[-24,-72],[-42,16],[-30,-5],[-35,-57],[27,-34],[17,-49],[30,-5],[21,-38],[-5,-35],[-30,-30],[-57,-6],[-14,-16],[7,-103],[33,-48],[32,-17],[28,-55],[-47,-53],[-6,-29],[33,-19],[29,-60],[18,37],[26,-17],[15,28],[35,-23],[-9,-47],[38,-93],[4,-80],[91,-6],[48,-72],[54,77],[11,-30],[13,-117],[21,-9],[13,60],[21,27],[29,-41],[55,26],[28,-16],[18,19],[50,0],[14,-102],[-36,-64],[18,-26],[-30,-73],[11,-50],[36,-20],[9,-48],[-31,-44],[6,-81],[28,-52],[-9,-43],[-57,-46],[-36,-16],[-40,-37],[-33,-8],[-27,26],[-10,-47],[-21,-19],[-12,-105],[24,-54],[32,-40],[12,-46],[47,-57],[-30,-84],[-3,-53],[-34,-49],[-7,-40]],[[43669,55052],[-1061,-245],[-541,-117]],[[42067,54690],[-63,29],[-88,11],[-32,39],[-10,40],[14,107],[-20,36],[-48,-8],[-35,31],[-20,38],[-47,19],[-18,59],[-42,90],[-27,16],[-32,-16],[-81,-5],[-87,-18],[-40,24],[-33,108],[-20,10],[-39,-15],[-42,13],[5,47],[23,49],[46,57],[40,29],[38,46],[-21,53],[-78,30],[-29,48],[-21,90],[-8,109],[45,21],[57,-13],[45,5],[25,20],[28,50],[52,53],[0,20],[-117,160],[-28,-28],[-27,-122],[-38,-33],[-30,33],[-48,93],[3,63],[21,49],[-68,56],[1,49],[88,6],[9,29],[-21,34],[-47,35],[-105,14],[-39,27],[8,42],[56,31],[27,72],[0,91],[-20,41],[-34,3],[-93,37],[-64,7],[-20,44],[46,79]],[[40964,56924],[48,-39],[44,32],[41,136],[19,30],[74,-1],[81,-68],[18,-1],[40,87],[11,55],[49,40],[39,15],[58,97],[122,-60],[35,31],[11,34],[38,3],[42,55],[38,22],[45,-2],[36,32],[30,7],[27,29],[30,3],[80,-65],[72,-36],[20,-32],[74,4],[26,-12],[105,75],[43,-8],[15,17],[23,80],[54,72],[30,84],[25,21],[-43,49],[-48,-26],[-54,8],[-13,29],[39,49],[-17,63],[16,32],[4,70],[14,48],[-26,88],[11,105],[18,53],[-19,138],[3,96],[16,36],[0,91],[12,85],[24,62],[84,128],[15,53],[25,16],[27,-20],[45,2],[43,102],[27,-42],[24,32],[47,35],[51,0],[53,24],[60,-46],[25,-39],[36,-31],[28,31],[19,44],[53,8],[52,65],[35,-36],[14,-71],[34,-40],[25,-75]],[[42042,80684],[-3,-40],[-42,-63],[-20,-105],[48,-84],[24,-55],[-12,-58],[26,-46],[-38,-41],[-54,-124],[28,-62],[48,44],[36,1],[49,-56],[18,-63],[-31,-54],[-29,-112],[15,-57],[41,-80],[-41,-83],[-5,-102],[-33,-35],[6,-30],[48,-42],[-8,-53],[-61,-35],[-2,-53],[28,-31],[7,-42]],[[41052,77131],[-45,-42],[-79,11],[-68,21],[-65,45],[-66,-59],[-15,-59],[-64,17],[-31,-35],[-19,-64],[9,-86],[-15,-26],[-36,24],[-6,39],[-60,24],[-49,-44],[-13,-84],[-54,-68],[-8,-36],[-27,-39],[-9,-167],[-24,-60],[-61,21],[-21,21],[-42,-59],[25,-134],[-19,-42],[27,-13],[-51,-147],[-40,27],[-24,-20],[-36,27],[2,78],[-55,30],[-21,-66],[-10,-70],[19,-69],[-17,-90],[48,-91],[-38,-139],[-63,-57],[-18,-60],[-60,-23],[-9,-38],[25,-60],[-34,-26],[-14,-30],[-36,50],[-28,-21],[-13,-78],[68,-112]],[[15126,25417],[-26,-16],[-32,8],[-81,-26],[-24,-37],[-41,-16],[-59,-39],[-110,60],[-88,159],[-52,46],[-25,36],[-33,21],[-781,-802],[-112,31],[-31,28],[-50,5],[-41,27],[-18,51],[-57,68],[-40,17],[-22,-17],[23,-95],[4,-86],[-13,-70],[-46,18],[-20,72],[-30,52],[-22,-35],[-76,-24],[-35,-115],[-31,-152],[25,-23],[-457,-465],[-128,25],[-26,18],[-78,7],[-70,35],[-37,-3],[-79,-34],[-39,11],[-58,-34],[-30,-87],[-33,-13],[-34,-39],[-33,11],[-65,42],[-7,92],[-97,63],[-26,48],[-72,-5],[-4,103],[-8,43],[-46,11],[-58,-16],[-34,41]],[[11663,24417],[43,28],[71,11],[6,35],[-22,38],[-72,22],[-76,50],[-52,-2],[-11,50],[-28,40],[-5,38],[25,27],[12,41],[42,30],[-1,30],[-57,89],[-25,102],[-29,75],[1,49],[-151,44],[-31,3],[16,49],[-51,26],[-123,-101],[-49,-82],[-43,24],[10,97],[41,32],[38,75],[7,82],[43,56],[46,-20],[25,49],[-6,40],[-49,75],[-82,-90],[-22,-8],[-32,29],[-86,-2],[-9,26],[44,226],[-6,83],[52,54],[9,47],[-26,47],[-36,21],[-27,-9],[-58,-67],[-41,-34],[-30,-65],[-32,-14],[-54,-54],[2,-59],[-45,-31],[-36,49],[-10,133],[-35,-10],[-7,-69],[-45,-21],[-14,75],[42,59],[4,33],[42,77],[-10,142],[-35,10],[-81,-40],[-26,-73],[-71,-36],[-37,-4],[-108,42],[-43,73],[16,101],[-23,56],[-68,-5],[-21,-15],[9,-67],[1,-106],[-31,-71],[-49,-21],[1,-41],[44,-40],[28,-73],[54,-29],[9,-26],[-24,-39],[-16,-58],[-5,-96],[-29,-66],[-22,-26],[-13,-76],[-63,17],[-6,42],[-28,18],[-62,9],[-16,56],[-3,146],[42,88],[4,36],[-62,176],[-10,66],[1,152],[-40,25],[-97,-78],[-33,24],[-29,121],[-4,91],[14,23],[80,4],[22,14],[15,50],[-18,39],[-61,76],[-53,89],[-147,77],[-35,41],[-13,69]],[[14249,28880],[80,-23],[140,-94],[91,-23],[69,-47],[158,-211],[60,-25],[100,-93],[120,-135],[92,-161],[78,-115],[26,-67],[39,-204],[66,-133]],[[62951,82296],[-56,-69],[-85,13],[-48,-66],[-18,-67],[31,-35],[32,-84],[35,-53],[34,-117],[1,-101],[35,-80],[15,-80],[40,-63],[24,-55],[26,-33],[-8,-150],[14,-13],[38,-96],[46,-29],[82,79],[45,-48],[35,-112],[26,-14],[107,-94],[43,-23],[143,-12],[53,-46],[19,-46],[73,-40],[27,9],[23,-95],[26,-31],[13,-81],[-4,-43],[52,-73],[29,-64],[61,10],[50,-114],[-13,-19],[40,-37],[24,3],[37,38],[46,-42],[64,-29],[15,-79],[25,-49],[-8,-54],[29,-22],[12,-41],[24,-23],[32,19],[88,-34],[28,38],[14,47],[38,26],[29,-23],[44,5],[45,-10],[32,-21],[23,51],[82,-48],[25,33],[96,30],[66,-40],[13,-26],[68,46],[67,-9],[51,14],[49,-20],[62,19],[21,-9],[5,-94],[-31,-90],[70,-96],[19,-80],[-15,-86],[44,-56],[-4,-98],[29,-31],[31,7]],[[65529,74485],[-1371,-227]],[[64158,74258],[-2,40],[-68,44],[-61,27],[-28,29],[-7,52],[-30,112],[17,171],[47,45],[41,22],[-7,61],[-32,52],[4,85],[115,28],[48,23],[21,89],[-12,26],[-56,-14],[-57,-69],[-27,-44],[-28,4],[-35,43],[-15,42],[-13,97],[-9,124],[-21,127],[-2,127],[40,108],[-28,44],[-102,68],[-29,31],[-57,29],[-1,25],[24,124],[14,19],[42,7],[35,32],[-48,78],[-35,97],[-49,58],[35,74],[77,128],[53,52],[19,55],[-75,97],[-70,72],[-8,35],[36,39],[25,3],[84,-34],[10,34],[-7,103],[-17,31],[-28,8],[-66,-12],[-41,-20],[-131,-24],[-62,50]],[[63581,77012],[-35,35],[-32,54],[9,34],[44,40],[56,-9],[27,-54],[31,-3],[29,86],[16,81],[51,126],[10,59],[-35,114],[-76,106],[-36,25],[-43,0],[-126,-67],[-28,4],[-15,117],[-45,27],[-31,46],[-10,46],[2,71],[19,22],[44,-59],[39,-12],[70,70],[-6,31],[-82,2],[-25,16],[33,149],[-55,217],[-44,43],[-34,4],[-11,-39],[-37,-72],[-27,-1],[-37,37],[-53,81],[-9,46],[67,36],[8,61],[-26,39],[-38,-9],[-28,23],[-13,69],[5,61],[25,11],[26,-18],[20,-46],[39,-27],[19,10],[45,122],[17,22],[34,-1],[22,37],[-38,53],[-62,60],[21,84],[64,29],[2,40],[42,91],[14,47],[-26,60],[-22,8],[-43,-48],[-84,-17],[-68,-66],[-8,-35],[30,-55],[-5,-36],[-25,-15],[-68,23],[-32,-15],[-34,10],[28,80],[-20,72],[20,42],[76,37],[45,11],[54,52],[26,45],[16,62],[-15,33],[-45,35],[-46,8],[-46,31],[-23,63],[-23,7],[-127,-122],[-46,16],[-57,40],[-28,31],[-2,32],[41,48],[68,47],[118,-15],[42,31],[23,53],[18,102],[-24,45],[-57,55],[-86,-23],[-52,66],[-15,47],[-40,54],[-17,44],[-8,93],[30,138],[57,99],[46,117],[-7,23],[-87,37],[-52,-5],[-72,13]],[[42039,60483],[-1719,-1501]],[[40320,58982],[-98,85],[-76,110],[22,43],[143,-34],[122,-15],[69,30],[7,65],[-30,67],[-32,28],[-77,32],[-70,15],[-109,96],[-19,63],[44,117],[-12,63],[-54,18],[-36,-84],[-51,-214],[0,-29],[66,-118],[-1,-43],[-25,-26],[-52,0],[-33,32],[-26,56],[-39,132],[10,115],[-24,73],[-47,69],[-85,104],[-4,26]],[[39803,59858],[32,34],[63,45],[36,50],[-22,45],[-43,20],[-127,-8],[-81,3],[-80,38],[-26,35],[3,84],[18,36],[145,114],[35,33],[45,-22],[70,-161],[58,-39],[27,5],[71,62],[19,31],[10,105],[13,45],[41,31],[37,-2],[29,-37],[11,-92],[-34,-114],[-7,-59],[-1,-153],[7,-14],[82,-49],[32,-1],[43,57],[46,211],[1,56],[-56,204],[-13,33],[-61,76],[-80,133],[-19,63],[5,34],[33,16],[66,-2],[87,-72],[72,13],[59,71],[3,30],[-30,76],[-36,70],[-28,81],[-2,34],[19,56],[104,89],[56,-10],[36,-39],[-15,-55],[1,-81],[38,-82],[219,-123],[50,-103],[30,-13],[17,52],[-25,117],[-15,107],[9,106],[16,65],[-7,64],[-27,52],[-23,20],[-71,25],[-82,0],[-103,-19],[-36,34],[-2,31],[28,45],[40,112],[32,41],[119,24],[28,19],[43,108],[9,70],[-14,121],[11,37],[56,8],[61,-42],[39,-15],[104,-14],[78,-44],[81,-72],[53,10],[61,58],[16,29],[-7,46],[-69,41],[-66,12],[-70,27],[-102,-2],[-95,140],[-25,67]],[[40956,62226],[29,2],[14,27],[-15,46],[11,28],[69,-4],[16,-11],[96,1],[81,33],[25,43],[4,53],[23,59],[32,1],[35,29],[50,22],[519,500],[36,-67],[32,-40]],[[42013,62948],[-12,-19],[-42,-6],[-23,-20],[11,-54],[25,-55],[-25,-58],[7,-33],[57,64],[72,-44],[24,9],[46,74],[47,26],[16,-38],[-31,-55],[-40,-37],[-5,-44],[52,-53],[-4,-33],[-53,14],[-3,-39],[16,-37],[-17,-74],[5,-43],[46,-73],[20,57],[5,52],[47,56],[40,33],[5,-87],[13,-41],[36,36],[72,3],[58,30],[6,-49],[-1195,-1072],[44,-34],[81,-34],[34,-32],[53,-9],[53,-55],[59,-106],[48,-34],[98,-11],[87,22],[78,-12],[71,21],[28,-47],[40,-13],[68,17],[18,40],[22,-40],[-16,-63],[25,-112],[-35,-37],[-29,-79],[-27,-18],[-24,-56],[2,-110],[-28,-53]],[[39207,96168],[25,64],[2,41],[-16,89],[72,108],[-5,25],[-50,72],[3,70],[47,26],[30,49],[120,-64],[24,8],[1,39],[-29,60],[36,37],[91,29],[2,47],[-53,85],[-24,57],[2,62],[40,-27],[31,2],[27,31],[-12,27],[0,64],[65,55],[5,40],[-32,81],[-1,24],[90,35],[30,36],[4,89],[36,65],[-45,48],[-38,-18],[-24,31]],[[39661,97655],[-12,89],[-24,81],[-51,81],[3,47],[22,61],[-17,110],[43,102],[-1,85],[9,66],[22,62],[10,60],[-80,124],[-87,69],[-21,60],[1,127],[-26,82],[-63,113],[-35,51],[-72,66],[11,98],[1,73],[-12,102]],[[39282,99464],[172,-28],[102,-8],[85,-51],[65,-63],[60,-41],[87,-90],[43,-31],[157,-88],[108,-90],[33,-12],[96,-66],[97,-44],[52,-6],[61,-22],[114,-31],[93,-97],[52,-109],[57,-47],[157,-193],[97,-179],[37,-57],[47,-40]],[[41154,98071],[-117,-179],[-213,-344],[-44,-68],[-113,-36],[2,-152],[-123,-42],[1,-228],[-200,-70],[116,-253],[25,-46],[418,-605],[27,-52],[-56,-179],[10,-75],[-8,-180],[-28,-132],[-25,-61],[-22,-108],[7,-49],[-9,-64],[2,-59],[35,-83],[3,-79],[-11,-45],[36,-163],[54,-81],[11,-28],[-1,-1458]],[[40931,93152],[-80,102],[-66,59],[-37,17],[-111,88],[-56,67],[-23,43],[-7,93],[-46,87],[-10,48],[-48,38],[9,62],[-12,114],[-54,72],[-19,-1],[-29,79],[-31,39],[-64,51],[-27,62],[-65,83],[-25,15],[-22,64],[-23,3],[-48,69],[-10,103],[-34,64],[-10,61],[-40,57],[-44,160],[-23,12],[-5,39],[-27,41],[-4,38],[-27,76],[-53,85],[-4,59],[-29,19],[-6,55],[-30,45],[-42,105],[-38,31],[-36,49],[-16,67],[-36,45],[-26,69],[-26,18],[-4,72],[-36,13],[-2,24],[-50,120],[-44,41],[-9,31],[-34,0],[-48,65],[-37,-2]],[[19321,55992],[-16,-52],[5,-72],[-10,-30],[-51,31],[-36,-57],[-14,-49],[46,-66],[4,-46],[-20,-31],[-35,33],[-40,13],[-7,-92],[-54,-57],[-30,14],[-10,-79],[-57,-11],[-47,-22],[-19,-74],[-23,-8],[-33,-98],[9,-57],[-34,-80],[-33,-26],[-27,-64],[-49,-40],[-56,12],[-35,-38],[-13,-56],[18,-112],[39,-1],[-10,-50],[2,-84],[-49,-34],[41,-59],[-8,-42],[-51,-78],[-25,-143],[-9,-23],[75,-25],[18,-22],[24,-113],[20,-59],[-5,-82],[6,-113],[12,-19],[45,-142],[30,-19],[-46,-88],[16,-85],[-47,-99],[-50,-140],[88,-257],[20,-69],[29,47],[22,-11],[37,-96],[-6,-22],[304,-83],[41,-14]],[[17831,51857],[-6,82],[16,25],[49,25],[3,36],[-28,67],[-5,39],[14,87],[-13,17],[-41,-7],[-66,28],[3,47],[48,17],[29,121],[-14,21],[-36,-6],[-47,48],[-4,79],[30,70],[-14,56],[-37,20],[44,105],[-51,50],[-24,6],[-72,104],[6,53],[-56,-11],[-16,-25],[-63,170],[-6,119],[-55,78],[43,25],[55,12],[-4,70],[32,13],[-6,60],[53,59],[-25,44],[-44,6],[-8,52],[33,41],[66,-41],[54,-62],[8,-39],[29,0],[-1,-46],[20,-23],[25,26],[9,86],[25,62],[2,97],[-40,2],[-25,82],[22,43],[-42,33],[-57,-9],[13,40],[-3,77],[49,54],[-61,59],[23,46],[-12,56],[12,83],[-49,39],[-15,36],[-33,13],[10,68],[57,1],[49,-49],[28,96],[39,6],[17,38],[31,11],[-13,80],[-25,32],[-75,5],[-37,13],[-67,4],[10,34],[46,-10],[53,19],[44,40],[42,71],[-34,24],[-81,13],[-72,58],[-9,42],[-29,61],[-34,117],[-55,37],[-49,11],[-33,69],[38,102],[6,66],[24,66],[-44,35],[-74,16],[-27,41],[-29,-20],[-45,31],[5,24],[47,17],[46,34],[34,-2],[43,37],[69,-53],[10,-30],[39,-45],[18,-37],[66,-62],[54,77],[40,3],[8,34],[-20,64],[-36,20],[-54,64],[7,24],[-37,85],[0,34],[56,64],[33,13],[-1,48],[26,16],[53,63],[-6,55],[-34,48],[-20,51],[-2,42],[-28,2],[-43,45],[-57,-5],[-1,69],[-25,97],[44,23],[-24,47],[-24,81],[23,46],[26,-44],[24,0],[27,41],[-51,45],[-38,112],[-15,89],[-16,23],[-58,29],[-14,37],[-62,88],[-14,49],[8,79],[24,22],[51,9],[60,146],[22,29],[-12,43],[-77,84],[-17,66],[41,71],[28,106],[47,35],[28,-73]],[[12933,60862],[-54,-29],[-87,-63],[-77,-26],[-164,-36],[-106,-40],[-32,-25],[-20,-39],[-17,-98],[-47,-117],[-23,-93],[-23,-46],[-33,-2],[-47,23],[-45,49],[-51,76],[-79,83],[-64,89],[-36,60],[-47,60],[-58,29],[-43,1],[-41,-25],[-25,-102],[2,-211],[-14,-85],[-22,-57],[-36,-44],[-60,-23],[-59,-39],[-39,-9],[-66,15],[-48,37],[-79,99],[-52,97],[-52,64],[-27,20],[-65,7],[-94,-45],[-78,0],[-40,9],[-56,33],[-31,35],[-100,200],[-24,31],[-69,33],[-52,34],[-23,55],[1,84],[27,49],[80,59],[74,102],[24,65],[14,142],[-12,67],[-26,31],[-95,33],[-91,51],[-135,120],[-82,110],[-74,44],[-73,21],[-84,2],[-71,-18]],[[10007,61809],[-56,-50],[-67,-81],[-86,-76],[-69,-43],[-86,-6],[-36,15],[-33,38],[-23,86],[-2,96],[-28,250],[-8,125],[21,246],[-6,132],[-22,212],[18,176],[6,150],[14,41],[62,69],[36,75],[30,100],[11,72],[32,137],[49,139],[39,161],[26,141],[38,107]],[[9867,64121],[43,-37],[7,-39],[-3,-85],[45,6],[-11,-79],[47,-67],[15,18],[5,56],[64,31],[51,-5],[13,40],[37,-22],[85,8],[32,27],[18,-20],[17,53],[32,-5],[5,37],[44,36],[46,-28],[43,26],[11,-37],[29,-21],[49,-2],[12,36],[32,-37],[56,22],[28,73],[81,6],[24,-43],[48,63],[66,-6],[15,19],[71,0],[14,-40],[89,21],[67,50],[1,-74],[67,-35],[160,125],[23,-7],[27,-38],[61,38],[33,4],[57,70],[27,-1],[40,55],[14,-19],[54,58],[27,-22],[38,26],[40,-2],[12,72],[71,68],[42,-12],[38,7],[29,37],[33,-24],[52,10],[41,-79],[37,9],[29,-14],[41,9],[35,50],[51,-32],[13,17],[81,-35],[25,-29],[44,29],[75,-45],[16,-31],[29,-115],[-10,-51],[9,-122],[3,-132],[-20,-31],[-28,-79],[-21,-36],[-26,-76],[-29,-182],[-30,-39],[112,-765],[25,-197],[61,-389],[59,-298],[104,-561],[67,-426]],[[25548,82256],[4,-16],[90,-107],[122,-112],[58,-1],[102,32],[60,10],[33,-10],[73,-47],[89,-29],[57,24],[142,120],[64,62],[35,11],[75,-14],[77,-71]],[[26629,82108],[60,-66],[19,-35],[65,-65],[151,-83],[126,-29],[33,11],[19,41],[56,18],[29,62],[26,0],[49,-44],[68,-14],[37,19],[34,36],[52,80],[47,51],[104,51],[59,4],[65,-22],[79,-69],[47,-58],[77,-122],[17,-39],[21,-103],[40,-44],[64,-1],[24,-41],[18,-142],[22,-65]],[[28137,81439],[34,-51],[56,-52],[84,-28],[83,0],[120,46],[51,-2],[37,-61],[24,-124],[23,-51],[56,-23],[49,-2]],[[58398,80204],[22,-18],[26,-56],[47,-4],[74,-52],[59,-63],[110,-161],[80,-32],[62,-66],[-50,-92],[-5,-38],[35,-131],[28,-350],[-13,-247],[56,-56],[26,-14],[40,-90],[53,-38],[68,-95],[72,51],[19,35],[27,-5],[22,31],[50,30],[47,61],[37,6],[56,-28],[51,29],[9,60],[45,62],[55,39],[-10,107],[80,93],[310,1],[0,-221],[4,-77],[17,-23],[15,-85],[33,-33],[71,-12],[13,-37],[21,-116],[4,-57],[99,-19],[71,10],[34,21]],[[60368,78524],[1,-59],[18,-35],[13,-107],[36,-40],[10,-71],[-11,-69],[-40,39],[-27,-3],[-17,-49],[-31,-38],[-8,-54],[-44,-68],[39,-18],[22,32],[41,107],[49,15],[24,-43],[-3,-51],[41,-83],[51,-59],[37,-28],[-5,-57],[-40,-69],[-34,-17],[8,-61]],[[59650,75352],[-26,22],[-39,75],[-55,-14],[-29,6],[-33,-17],[-81,-10],[-18,-47],[-61,5],[-56,-12],[-58,56],[-60,104],[-35,27],[-41,9],[-65,67],[-25,67],[0,31],[-27,36],[-51,21],[-13,20],[-40,3],[-37,54],[-42,36],[-59,5],[-3,48],[-22,46],[-20,94],[-38,50],[-33,25],[-30,-8],[-9,47],[-26,30],[-30,-3],[-60,43],[-19,91],[-59,-42],[-39,13],[-44,-17],[-31,12],[5,58],[-33,35],[-21,1],[-20,39],[-64,14],[-25,104],[30,84],[-54,-15],[-31,-39],[-51,-8],[14,53],[5,65],[-23,48]],[[60368,78524],[-7,18],[60,75],[26,49],[27,88],[-5,38],[-43,0],[-23,41],[6,32],[-34,9],[-5,43],[-80,-1],[-26,38],[4,24],[-33,42],[49,66],[13,74],[54,110],[8,77],[-20,3],[-70,-66],[-62,40],[-4,35],[-42,51],[44,24],[1,129],[-14,24],[-46,-2],[-11,49],[63,56],[53,92],[-10,42],[-34,30],[-121,-13],[-82,-72],[-16,9],[-30,79],[43,49],[92,47],[34,49],[52,158],[60,-28],[31,31],[-7,65],[-42,-18],[-20,54],[-1,40],[72,-44],[30,2]],[[63581,77012],[-2124,-15],[-13,58],[-497,-326]],[[13974,19407],[15,13],[-31,62],[-19,64],[27,88],[-31,37],[0,45],[-24,1],[-59,33],[21,99],[53,31],[1,38],[-29,46],[-31,25],[-56,8],[-45,48],[12,58],[24,33],[-75,34],[-53,-1],[-68,26],[-27,61],[7,23],[51,9],[22,18],[-27,39],[-18,83],[62,2],[48,-52],[26,4],[29,33],[48,-4],[51,13],[58,-54],[13,4],[54,-60],[127,-14],[78,13],[52,-9],[32,23],[-9,40],[-74,77],[-53,81],[-25,99],[6,68],[-12,49],[-26,40],[-17,55],[-25,143],[-26,242],[79,1],[104,-38],[75,-7],[66,47],[46,-13],[21,-24],[49,0],[34,-46],[55,-27],[39,36],[30,72],[37,-21],[34,7],[29,-37],[67,-51],[48,3],[32,-24],[38,13],[29,-56],[38,31],[8,76],[21,17],[11,43],[47,-13],[19,33],[-14,53],[58,4],[4,75],[36,59],[68,-1],[19,21],[44,3],[25,48],[33,-13],[35,16]],[[15395,21508],[-53,-133],[28,-93],[22,-29],[32,0],[90,81],[68,54],[88,38],[70,-5],[125,-58],[47,-36],[36,-43],[30,-89],[5,-49],[-16,-23],[-39,4],[-188,136],[-43,5],[-37,-26],[-28,-52],[-28,-334],[4,-45],[41,-39],[30,17],[56,75],[63,66],[43,30],[36,4],[17,-33],[-13,-68],[-19,-48],[23,-132],[4,-111],[21,-157],[-3,-101],[-13,-34],[-95,92],[-52,35],[-59,21],[-57,-6],[-158,-44],[-34,-3],[-16,-46],[14,-22],[118,-16],[34,-25],[55,-109],[3,-68],[-10,-67],[45,-46],[90,68],[88,21],[109,-90],[37,-92],[38,-55],[69,-78],[-1,-44],[-24,-30],[-117,-67],[-40,-70],[-24,12],[-31,76],[-71,73],[-69,50],[-80,20],[-27,-8],[-32,-44],[5,-115],[48,-67],[50,-21],[74,-8],[26,-17],[36,-53],[-5,-32],[-63,-43],[-110,-31],[2,-58],[86,-148],[-2,-45],[-19,-66],[-52,-81],[-14,-122],[40,-29],[59,21],[54,-12],[21,-40]],[[15833,18751],[-27,-53],[-16,-72],[-53,-62],[-8,-27],[-112,-35],[-21,-28],[-42,21],[-36,-47],[-28,-14],[-20,-56],[-43,26],[-20,-10],[-8,-67],[-25,-46],[-68,-56],[-20,-111],[-53,87],[-69,83],[-80,23],[-35,40],[-64,19],[-79,61],[-32,6],[-15,199],[3,44],[-43,90],[-28,-36],[-45,-29],[-37,-56],[-21,-64],[-89,-6],[-37,-46],[-74,64],[-296,270],[-12,24],[2,62],[-10,107],[-23,56],[-57,76],[-17,43],[-50,13],[-54,114],[3,49]],[[17307,32698],[21,-41],[13,-69],[0,-53],[13,-73],[-14,-26],[-39,32],[-36,57],[-37,9],[-70,-34],[-40,1],[-78,-15],[-42,-18],[-59,-42],[-18,-70],[15,-25],[100,-53],[23,-52],[13,-105],[43,-50],[-9,-45],[-33,-42],[-41,8],[-43,33],[-57,-4],[-33,-39],[-11,-66],[13,-42],[57,-18],[53,26],[86,58],[90,35],[32,24],[30,-3],[62,-53],[18,-64],[-32,-35],[-59,-9],[-41,-40],[48,-141],[-6,-66],[-42,-63],[-33,-81],[-23,-7],[-35,58],[-34,89],[-20,84],[-23,44],[-38,43],[-21,0],[-37,-32],[-19,-39],[-35,-110],[-69,-96],[-5,-42],[54,-141],[26,-13],[95,-15],[27,-14],[34,-63],[5,-29],[-16,-48],[-99,-105],[-23,-58],[-72,-64],[15,-41],[81,-20],[58,3],[37,-20],[14,-43],[-21,-82],[-39,-60],[-73,-74],[-18,-63],[-39,9],[-78,82],[-83,36],[-30,-30],[64,-148],[15,-62]],[[16739,30373],[-19,-7],[-204,145],[-83,-95],[-45,39],[-14,65],[-83,-91],[0,-54],[-65,-54],[-41,79],[-42,3],[-9,-95],[-101,168],[-196,12],[-32,-42],[-29,1],[-76,-39],[-41,11],[-75,44],[-42,14],[-6,37],[-52,4],[-54,-27],[-63,102],[54,33],[-40,91],[27,98],[-54,-22],[-20,65],[82,32],[4,51],[-66,64],[23,115],[-56,9],[110,262],[-71,16],[-92,164],[63,56],[1,61],[-12,32],[19,67],[-32,36],[-168,-156],[15,131],[1,154],[-44,-23],[120,273],[-66,76],[-36,149],[-30,33],[-5,67],[-43,90]],[[47939,67546],[-20,-89]],[[47919,67457],[-287,-1276],[-24,8],[-42,-27],[-68,29],[-29,-20],[-31,-124],[-21,-58],[-22,-107],[-45,-14],[-22,-56],[-34,-11],[-39,9],[-36,-43],[-28,-8],[-54,17],[-32,-113],[-18,-29],[-2,-43],[-38,-54],[-87,-82],[-5,-42],[11,-44],[5,-118],[-31,-51],[0,-34],[-23,-59],[-27,20],[-42,-89],[-35,-20],[12,-38],[32,-32],[26,-83],[-25,-89],[-23,-52],[-31,-11],[-32,60],[-16,-5],[-9,-53],[26,-46],[-27,-43],[2,-84],[-29,-24],[-72,25],[-21,-37],[21,-58],[52,-38],[46,1],[1,-29],[-59,-67],[-50,10],[-49,-16],[-9,-51],[-39,-2],[-20,84],[-29,-89],[-48,-11],[29,-78],[-13,-24],[10,-77],[-32,-39],[-2,-30],[-40,-1],[-5,-34],[-67,9],[-23,-8],[-41,25],[-84,11],[-28,43],[-22,69],[9,29],[-13,50],[-17,10],[-55,-72],[-32,-23],[-42,11],[-35,-69],[-45,-67],[-26,-20],[-83,9],[9,-55],[-19,-60],[-46,30],[-26,-57],[-48,-11],[-22,63],[-48,20],[-2,148],[-10,43],[-76,-19]],[[45498,64066],[-40,102],[-50,58],[-42,18],[-55,-24],[-36,-66],[-11,-49],[-7,-153],[-10,-70],[-25,-81],[-13,-108],[-23,-79],[-36,-64],[-40,-35],[-57,-14],[-80,62],[-36,77],[-57,193],[-8,113],[9,53],[36,58],[73,40],[67,95],[44,96],[55,85],[78,55],[38,84],[-3,87],[-41,43],[-61,91],[-59,60],[-111,49],[-73,-45],[-119,-162],[-95,-58],[-51,24],[-28,40]],[[44631,64641],[-36,95],[-63,91],[-50,23],[-23,-3],[-52,-39],[-82,-183],[-49,-49],[-35,3],[-36,35],[-13,63],[10,97],[19,51],[88,149],[39,47],[77,64],[62,87],[41,98]],[[44528,65270],[48,161],[14,89],[38,110],[-15,40],[-41,24],[-49,-2],[-118,-28],[-58,-20],[-90,7],[-105,86],[-50,73],[-51,56],[-73,14],[-49,-20],[-72,-55],[-29,-11],[-44,7],[-74,42],[-56,78],[-12,66],[9,66],[52,63],[30,23],[57,4]],[[43790,66143],[7,-55],[65,-122],[25,-4],[85,105],[25,51],[3,68],[50,51],[-7,99],[-58,38],[8,49],[49,12],[78,-7],[33,15],[25,117],[33,78],[61,37],[15,-76],[0,-142],[20,-39],[125,-50],[26,5],[23,30],[3,105],[-9,86],[38,46],[35,0],[66,-21],[33,1],[37,80],[-23,38],[-48,-5],[-44,19],[-92,78],[-24,99],[-6,102],[9,42],[44,82],[70,-66],[32,-47],[22,25],[-17,117],[-5,99],[-23,104],[-2,59],[22,60],[26,18],[91,-30],[17,72],[2,97],[56,5],[43,26],[126,151],[66,-32],[70,-19],[42,0],[24,-31],[64,-54],[5,-30],[-31,-58],[14,-66],[37,-14],[38,15],[13,35],[13,90],[-4,30],[-32,70],[86,47],[51,-26],[45,21],[88,7],[18,-20],[-8,-42],[34,-88],[33,1],[32,31],[7,38],[-13,54],[35,88],[52,13],[106,-48],[28,-2],[-6,50],[11,45],[47,62],[50,-38]],[[45975,67974],[49,-3],[24,40],[18,74],[33,5],[37,-24],[44,-84],[23,-72],[27,-28],[26,-2],[66,-64],[98,-28],[18,38],[-23,65],[6,35],[-11,87],[33,0],[21,-22],[28,-63],[51,-55],[45,4],[79,97],[37,20],[27,-19],[4,-117],[52,-81],[40,-30],[74,-36],[17,45],[-26,82],[-8,54],[1,77],[62,88],[37,32],[74,-20],[78,54],[60,-45]],[[47196,68078],[41,-29],[3,-55],[-87,-1],[6,-69],[49,-58],[29,-2],[7,-80],[23,-31],[48,83],[19,62],[-31,45],[3,71],[32,33],[56,-45],[34,-4],[63,-57],[-25,-170],[35,-66],[38,103],[48,61],[23,-87],[2,-59],[34,-70],[53,60],[32,21],[8,45],[23,2],[21,-91],[40,-80],[81,-6],[35,-58]],[[64222,68038],[77,-15],[76,-48],[89,-6],[17,-29],[-38,-30],[-28,-78],[-6,-90],[108,-73],[34,-64],[46,7],[32,-9],[8,-27],[-77,-65],[-17,-46],[14,-42],[7,-88],[-56,-91],[-19,9],[-13,45],[7,89],[-36,19],[-27,-33],[-37,-79],[-41,-59],[-20,-74],[11,-46],[72,39],[57,5],[2,-63],[-43,-43],[-22,-55],[8,-49],[42,-22],[42,77],[26,-45],[47,-31],[20,1],[-6,125],[-29,36],[7,50],[27,27],[70,-19],[20,49],[-14,37],[12,37],[59,-9],[39,-59],[40,-37],[-42,-48],[-7,-28],[43,-51],[-9,-48],[-67,-43],[7,-64],[75,1],[10,-14],[-8,-76],[12,-60],[22,-45],[38,-37],[38,11],[64,112],[16,49],[26,0],[56,-149],[32,-18],[21,45],[5,55],[19,27],[15,-67],[-4,-46],[-23,-35],[-28,-13],[21,-44],[44,-13],[26,-49],[-111,-84],[63,-27],[57,-48],[-41,-67],[-17,-53],[-1,-61],[-26,-64],[7,-82],[29,-42],[18,-51],[43,-67],[46,34],[37,-36],[31,-9],[17,-27],[54,20],[38,-30],[56,-66],[37,10],[36,-70],[-34,-45],[88,4]],[[65638,65657],[18,-53],[-45,4],[-40,-16],[-20,-24],[28,-89],[2,-138],[-11,-35],[22,-41],[-15,-29],[15,-46],[-8,-90],[-38,16],[-12,-79],[39,-29],[83,22],[19,-28],[-21,-35],[-14,-86],[-20,27],[-26,-46],[-31,-29],[-6,-128],[-34,4],[-21,34],[-31,8],[-9,-53],[-39,-76],[-1,-53],[-42,-89],[26,-86],[-25,6],[-25,-25],[17,-33],[-18,-31],[-21,-76],[7,-51],[-39,-29],[-36,31],[-10,-45],[-34,-34],[-21,-63],[-31,-32],[-31,41],[-28,10],[-13,-37],[-63,32],[-15,55],[-36,1],[-31,-21],[-53,-94],[-15,-68],[-27,-71],[12,-31],[-13,-62],[-30,-56],[-8,-75],[38,-19],[-3,-94],[-17,-8],[-14,-114],[18,-43],[-19,-19],[3,-59],[-22,-27],[2,-33],[36,-33],[13,-73],[-34,-20],[-2,-46],[34,-100],[1,-64],[-12,-50],[36,-44],[-19,-51],[6,-31],[34,-47],[5,-88],[-23,-30],[31,-52],[2,-53],[26,-89],[-2,-60],[15,-28],[-15,-104],[-1,-61],[75,-118],[36,-103],[-10,-85],[-36,-40],[5,-21]],[[65006,61729],[-161,36],[-46,19],[-18,27],[-75,4],[-32,32],[-22,51],[-79,54],[-33,-10],[-43,-55],[-29,13],[-67,84],[-21,2],[-43,-39],[-34,37],[11,59],[-66,74],[-9,66],[-20,23],[-82,-15],[-19,-33],[-24,25],[-41,-47],[-42,-4],[-27,-45],[-16,31],[-8,79],[-49,51],[-35,-35],[-58,19],[-14,17],[-64,-15],[-6,-42],[-35,-65],[-27,27],[-3,35],[-62,0],[2,31],[-38,48],[-32,20],[-23,-9],[-15,-52],[-22,-26],[-27,-72],[4,-48],[-100,68],[-14,59],[-43,-37],[-22,35],[-43,21],[-17,-26],[-41,-11],[-77,41],[4,-47],[-32,-33],[-44,-5],[-24,54],[34,29],[-4,27],[-81,113],[-45,-8],[-15,-65],[-46,-23],[-22,-113],[-95,48],[5,65],[-33,38],[21,41],[-29,15],[-23,35],[-38,17],[-12,31],[-31,-30],[-24,73],[-53,52],[-77,-14],[10,-69],[37,-38],[-62,-27],[-13,-18],[-72,150],[-38,-4],[-36,15],[7,47],[-44,-7],[-13,65],[-29,47],[-24,-47],[-20,-5],[-38,48],[-53,134],[-58,35],[-44,59],[-10,47],[-29,28],[-13,65],[-67,0],[-41,-61],[-8,43],[-57,18],[-13,22],[1,63],[-27,5],[-19,54],[-21,-5],[-11,-65],[-16,-37],[-36,-17],[-5,52],[-34,-53],[-34,16],[-38,77],[-27,-38],[-7,-97],[-27,-28],[-21,14],[-2,47],[-85,94],[-27,-76],[-46,-54],[-22,-4],[-8,-68],[-67,-31],[14,-22],[59,-43],[-60,-69],[-26,-7],[-36,62],[-13,54],[-40,47],[-17,61],[-38,61],[-32,21],[-11,-23],[-36,-9],[-24,-30],[-23,66],[-14,-43],[-14,-117],[-19,-35],[-48,-33],[-100,1],[-29,-35],[-55,53],[-26,-20],[-46,14],[-70,46],[-49,66],[-27,-108],[-17,-4],[-33,46],[-24,-60],[-39,-9],[-46,29],[-45,81],[33,56],[-36,9],[-50,-30],[-37,-64],[-19,39],[-40,-1],[22,76],[-44,28],[-38,79],[2,62],[-18,29],[4,37],[-62,61],[-33,-1],[-29,47],[-33,98],[8,43],[-24,89],[0,86],[-106,18],[-55,-48],[-40,72],[-9,34]],[[59540,63787],[16,31],[2,74],[-16,21],[-10,63],[-1,73],[-75,48],[-30,-4]],[[59426,64093],[-32,31],[47,148],[36,30],[-25,34],[-42,23],[11,69],[17,38],[27,-94],[16,-26],[47,12],[13,81],[-40,108],[-52,35],[32,21],[46,-19],[46,-126],[40,160],[32,-25],[31,16],[31,-36],[61,37],[33,-41],[58,30],[23,80],[41,39],[49,68],[21,48],[30,22],[17,-19],[62,15],[34,-35],[19,12],[29,-50],[56,65],[-29,74],[15,71],[19,4],[31,-65],[73,-6],[33,7],[49,-12],[21,-57],[31,-29],[5,59],[59,74],[18,-51],[31,6],[41,40],[51,-33],[22,-38],[34,8],[15,31],[11,75],[45,-49],[-1,-131],[37,38],[15,37],[13,87],[51,15],[29,-69],[27,9],[28,-29],[70,-6],[-3,48],[21,96],[47,13],[31,37],[38,2],[15,-24],[25,40],[-36,40],[-15,127],[19,35],[-9,50],[34,45],[84,8],[23,-40],[33,1],[4,48],[22,32],[23,-2],[67,72],[22,-53],[21,34],[28,0],[48,28],[37,-3],[41,85],[37,33],[37,60],[-13,136],[-16,109],[53,3],[76,139],[14,67],[20,30],[30,81],[-13,28],[-4,95],[-21,75],[807,-643]],[[62711,65836],[19,-48],[49,9],[49,-60],[73,-8],[53,-35],[44,-52],[37,0],[97,-34],[79,13],[9,25],[68,-8],[32,-23],[15,28],[38,151],[40,-10],[1,-75],[18,-45],[26,-7],[26,58],[22,-7],[10,-49],[25,1],[38,28],[23,55],[47,50],[28,47],[22,10],[19,65],[38,19],[28,57],[-37,70],[73,72],[15,50],[-16,64],[89,39],[-21,82],[71,40],[6,88],[36,-5],[-11,52],[21,31],[-14,47],[-38,65],[2,36],[-16,51],[17,41],[23,-40],[21,-4],[3,61],[-23,31],[25,36],[-7,51],[-26,-2],[-25,34],[-24,92],[8,63],[59,-29],[27,64],[45,2],[0,35],[-39,15],[-25,53],[30,19],[17,43],[-22,13],[-15,40],[59,54],[29,94],[30,4],[23,96],[-18,20],[8,89],[41,28],[26,62],[27,36],[-3,138],[-13,26]],[[62711,65836],[15,43],[-4,66],[16,104],[22,69],[-28,81],[-40,66],[-5,47],[34,64],[32,42],[-1,53],[57,130],[1,33],[-21,54],[6,24],[-5,102],[-11,56],[-18,30],[0,162],[-27,56],[-4,56],[40,-34],[46,44],[17,78],[25,2],[38,76],[3,78],[-18,27],[-43,20],[-6,28],[-34,4],[-26,28],[29,84],[76,120],[10,48],[30,61],[-12,86],[2,100],[20,42],[0,63],[51,64],[22,-35],[-19,-45],[39,-23],[27,32],[50,9],[24,-56],[54,26],[23,-35],[36,25],[27,38],[-2,42],[17,39],[-6,44],[52,-22],[2,45],[-28,8],[-34,86],[38,29],[21,37],[-3,57],[43,-8],[55,-27],[3,-55],[-17,-84],[63,43],[19,31],[0,85],[29,9],[20,74],[33,24],[36,67],[-32,31],[3,93],[21,19],[-49,42],[-11,41],[22,61],[19,8],[25,70],[-19,57],[-34,35],[-28,4],[10,50],[-27,62],[56,69],[4,25],[-28,31],[-10,68],[8,61],[24,43],[-3,61],[61,89],[62,22],[12,32],[-9,62],[-24,50],[5,38],[-38,56],[-24,102],[-14,31],[-29,-5],[2,47],[-42,-23],[-6,-45],[-33,-16],[-26,53],[3,52],[24,45],[-37,21],[-41,-44],[-45,107],[-17,91],[-30,52],[-63,65],[-12,27]],[[63232,70493],[85,46],[49,7],[47,-9],[136,-56],[27,-18],[36,-55],[27,-97],[49,12],[30,22],[51,-19],[50,-53],[-34,-58],[0,-25],[38,-31],[48,-20],[19,-49],[43,-47],[85,-197],[46,-91],[33,-93],[-12,-64],[5,-33],[-13,-72],[-43,-11],[-22,-47],[68,-43],[11,-20],[-12,-50],[-48,-116],[-7,-54],[-54,-148],[5,-66],[25,-25],[162,30],[22,-23],[5,-42],[-23,-38],[-70,-43],[14,-99],[76,-22],[44,2],[15,-49],[-42,-77],[41,-89],[56,-16],[17,-37],[-37,-51],[-39,-28],[32,-90],[-28,-77],[-28,22],[-49,110],[-18,13],[-75,-36],[4,-16],[78,-22],[-35,-94],[-28,-50],[10,-57],[47,14],[71,-10]],[[63550,40747],[-34,63],[-29,77],[-20,-35],[-39,34],[-62,33],[-10,48],[-41,59],[-29,16],[-43,-32],[-38,8],[-12,56],[-31,-3],[-23,32],[-49,-1],[-41,69],[-38,31],[-31,0],[-36,32],[-14,-25],[16,-51],[4,-170],[-6,-24],[-64,-53],[-18,25],[9,45],[-22,22],[-13,49],[-29,30],[-59,37],[-42,37],[-5,78],[-17,2],[-17,60],[-70,54],[-73,101],[-10,91],[-26,72],[-1,51],[-21,65],[-1,49],[-18,41],[-8,105],[-28,60],[-44,60],[-24,15],[-25,48],[-63,80],[-28,80],[-75,30],[-101,55],[402,895],[936,2478],[-45,0],[-30,-37],[-7,-38],[-31,-21],[-66,-76],[-55,-19],[-24,31],[-59,46],[-29,-16],[-52,4],[-26,16],[-27,-55],[-71,-100],[-34,-23],[-41,-9],[-56,-30],[-81,7],[-7,-84],[0,-92],[-13,-48],[-41,-60],[-47,-6],[-28,-20],[-54,-66],[-16,-58],[-52,-34],[-29,-60],[-5,-66],[-34,-41],[-52,-39],[-27,45],[-77,27],[-64,41],[-29,1],[-33,-26],[-73,-146],[-42,-36],[-105,-114],[-43,-62],[-60,-24],[-21,-29],[-38,-98],[-14,-67],[-7,-103],[-18,-28],[-70,-22],[-107,17],[-69,32],[-51,-14],[-33,-121],[-22,-52],[-93,-80],[-46,-69],[-40,-19],[-124,-80],[-113,-2],[-74,-23],[-76,-56],[-54,-6],[-26,24],[-59,24],[-57,57],[-28,109],[-24,65],[-48,69],[14,55],[2,72],[-31,84],[-48,21],[-82,100],[-97,50],[-37,82],[-57,10],[-61,-3],[-76,-53],[-29,5],[-3,49],[-19,59],[-69,-86],[-23,-43],[-62,-59],[-73,-7],[-65,-21],[-30,56],[-51,25],[-95,6],[-55,-4],[-25,-41],[-100,-7],[-48,11],[-19,24],[-85,6],[-43,56],[-47,1],[-50,18],[-37,48],[-61,54],[-26,47],[-33,32],[1,78],[-21,56],[-77,85],[-19,74],[-32,-60],[-6,-42],[-31,-16],[-39,21],[-59,-129],[-37,28],[-63,-129],[-26,-6],[-28,43],[-25,8],[-18,-26],[-3,-47],[-62,-163],[-25,-28],[-23,3],[-34,-28],[-27,22],[-29,-2],[-27,23],[-38,-26],[-33,8],[-50,-9],[-130,19],[-19,34],[-64,48],[-4,24],[-41,0],[-21,41],[-82,14],[-32,-24],[-16,-101],[-69,-10],[-28,6],[-63,-67],[-28,-82],[-19,-24],[-94,-12],[-96,59]],[[56775,44923],[8,71],[-32,61],[3,50],[-22,67],[46,59],[60,35],[12,20],[1,82],[21,14],[64,-3],[38,42],[5,28],[-21,65],[29,15],[-14,69],[-25,72],[5,88],[70,134],[39,34],[50,15],[37,-5],[47,21],[15,-20],[56,34],[11,32],[79,36],[32,27],[20,82],[24,16],[30,59],[4,43],[41,54],[3,36],[26,27],[0,54],[-20,27],[17,36],[60,38],[19,102],[11,95],[21,-33],[44,90],[66,106],[54,-31],[72,3],[25,-43],[35,-6],[26,24],[13,-33],[41,-7],[33,-50],[75,-6],[7,37],[37,1],[38,48],[0,77],[66,101],[14,51],[-12,49],[43,57],[7,73],[-29,40],[16,37],[-10,152],[53,10],[-2,40],[20,23],[-14,92],[-25,22],[-14,72],[42,54],[0,28],[-30,36],[-38,22],[-36,64],[22,43],[-12,47],[23,32],[-10,56],[12,44],[-21,29],[-55,38],[-58,76],[-8,45],[33,48],[-31,46],[63,-3],[11,56],[-19,76],[24,17],[41,-1],[45,-75],[37,93],[-12,140],[14,54],[8,98],[29,43],[18,88],[-39,7],[-23,71],[3,60],[66,10],[-25,44],[48,33],[2,53],[25,-1],[23,-63],[30,15],[-3,-83],[37,13],[8,66],[-9,28],[-58,45],[-26,44],[30,70],[-30,38],[-10,43],[28,110],[20,-67],[25,29],[-7,38],[27,16],[6,-66],[-24,-62],[0,-47],[53,13],[24,43],[18,-41],[1,-51],[22,-29],[-13,-36],[28,-43],[29,19],[-5,59],[17,50],[32,48],[-2,59],[-53,-18],[-8,32],[16,66],[19,2],[34,-61],[19,25],[27,85],[-21,29],[-37,-7],[-7,38],[-59,58],[11,31],[71,-35],[35,-33],[60,-11],[21,18],[-18,120],[-54,49],[-19,31],[62,45],[-62,84],[18,40],[31,-45],[53,-11],[6,23],[-57,66],[-14,32],[-35,0],[-14,51],[-24,13],[-43,-15],[55,106],[10,-58],[33,11],[0,41],[-18,53],[-74,48],[-15,54],[1,48],[-38,18],[-13,67],[23,9],[27,42],[65,22],[-22,56],[32,24],[-46,40],[52,63],[29,-81],[36,37],[28,-26],[16,-45],[28,1],[20,49],[-26,85],[53,-35],[27,80],[29,21],[7,40],[-20,114],[47,57],[10,76],[52,45],[12,28]],[[59122,51352],[24,-39],[-7,-84],[44,-14],[21,51],[-9,66],[-15,28],[50,74],[11,33],[-10,37],[-31,-5],[-60,-33],[-21,2],[-17,116],[4,59],[35,9],[91,-39],[20,3],[104,155],[8,28],[-28,71],[-14,75],[27,-10],[33,-88],[44,-48],[6,48],[-9,47],[36,15],[-29,57],[1,37],[30,75],[80,23],[45,35],[11,48],[-23,49],[25,76],[-10,44],[40,-11],[8,39],[28,11],[25,58],[-51,80],[-65,13],[-16,36],[40,64],[15,67],[-5,59],[73,-31],[32,2],[-17,73],[-66,-5],[-61,51],[1,66],[-30,33],[-58,31],[-1,30],[41,-5],[48,69],[-24,75],[18,22],[43,-78],[19,-4],[42,-51],[29,19],[14,44],[-35,3],[7,53],[23,33],[34,-22],[8,-88],[59,-61],[46,-23],[9,33],[-25,48],[83,81],[61,81],[70,-75],[35,-2],[63,38],[-87,109],[-82,-9],[-8,22],[33,115],[-12,25],[-46,-8],[-45,-39],[-23,61],[13,30],[53,21],[67,-12],[-58,93],[65,96],[55,58],[-21,28],[-24,-7],[-50,26],[0,47],[50,-23],[72,4],[14,57],[-36,162],[-30,55],[20,33],[38,-15],[19,28],[12,54],[-50,101],[18,38],[13,84],[-27,28],[12,49],[101,-50],[34,7],[7,58],[-14,85],[63,26],[-8,47],[22,25],[45,-80],[43,-3],[28,13],[-13,87],[25,7],[63,-22],[38,-35],[35,30],[-19,84],[1,78],[33,14],[26,-103],[38,-23],[44,8],[19,44],[-3,99],[8,31],[39,59],[-33,63],[12,40],[-18,25],[-26,78],[14,31],[32,-40],[18,0],[28,65],[64,35]],[[60850,55303],[17,5],[45,-28],[3,-50],[-36,-62],[-4,-75],[33,-43],[107,-88],[24,1],[12,-38],[54,-85],[45,-44],[17,-54],[31,-42],[45,9],[33,51],[65,24],[40,-15],[38,7],[89,-40],[29,-41],[26,6],[27,50],[-5,41],[-26,50],[-36,35],[-10,58],[49,40],[52,5],[65,-28],[47,-54],[20,-55],[20,-21],[42,-147],[24,-45],[67,-82],[42,-124],[15,-94],[33,-41],[110,-38],[13,-21],[40,19],[10,65],[28,33],[25,-4],[29,-31],[39,-66],[27,-87],[-6,-110],[99,-68],[85,-78],[29,-61],[91,-158],[40,-81],[77,-114],[49,-30],[34,19],[11,39],[-28,94],[17,22],[35,-15],[52,-108],[30,45],[26,15],[33,70],[-13,45],[-34,-27],[-47,60],[37,52],[-33,35],[50,39],[-11,66],[9,30],[37,-98],[1,-97],[19,-4],[28,32],[-18,33],[54,19],[15,57],[-37,8],[-5,48],[25,22],[47,-37],[-8,58],[-22,-4],[-58,94],[50,5],[26,23],[32,-19],[17,-39],[36,36],[25,-44],[33,49],[23,-21],[15,46],[-3,37],[14,51],[3,83],[-11,56],[28,30],[10,40],[26,-9],[41,-45],[6,65],[31,35],[2,74],[23,69],[51,19],[9,124],[66,-36],[50,3],[31,42],[33,-14],[23,24],[54,-27],[27,4],[30,86],[-23,19],[-21,79],[36,39],[38,-61],[33,-3],[36,33],[23,-10],[57,22],[6,59],[56,15],[-10,73],[8,76],[28,-1],[17,28],[129,-128],[13,-34],[65,83],[1,22],[76,-9],[-8,77],[46,69],[-7,20],[19,54],[30,1],[7,99],[51,68],[-18,62],[25,18],[56,9],[9,28],[-2,83]],[[64597,55708],[440,242],[62,-56],[203,200],[18,-55],[64,-95],[32,-102],[64,-84],[75,-23],[40,-70],[26,-73],[51,1],[36,-23],[45,-51],[-12,-28],[30,-133],[18,-41],[-24,-74],[-17,-17],[19,-45],[-3,-64],[24,-30],[36,18],[27,101],[20,21],[30,-6],[26,-47],[82,-82],[20,-69],[36,-40],[83,-113],[60,-56],[-2,-47],[63,-71],[43,-27],[34,34],[9,51],[27,-14],[36,-71],[17,-59],[46,-55],[65,-14],[81,-27],[35,23],[36,3],[50,-28],[18,17],[37,-53],[41,54],[35,4],[38,-42]],[[66917,54492],[12,-47],[29,-54],[43,-4],[31,-94],[37,-62],[45,-56],[59,-22],[25,-46],[33,-3],[54,-91],[45,-51],[24,5],[26,-59],[80,-29],[5,-32],[48,7],[31,-32],[51,-24],[40,-41],[48,-30],[37,-8],[50,-53],[86,-49],[35,-12],[38,-103],[56,-102],[21,15],[49,-43],[61,-80],[11,-36],[70,-52],[15,-48],[43,-42],[49,-32],[41,11],[29,-52],[21,21],[52,-62],[31,4],[3,-38],[35,-52],[4,-67],[-18,-29],[-20,-103],[-14,-26],[2,-63],[42,-70],[112,-153],[43,-77],[53,-77],[-76,-141],[-17,30],[-81,61],[-50,77],[-32,8],[-25,-15],[-31,-52],[29,-17],[24,-93],[51,-77],[-8,-51],[-53,-36],[-39,-108],[-55,30],[-42,-7],[-36,-31],[-60,46],[-55,9],[-37,52],[-22,-62],[-45,-41],[-75,-17]],[[67985,51814],[24,-66],[-7,-28],[-50,42],[-28,-61],[14,-157],[12,-71],[-83,-7],[-80,66],[-43,-8],[-29,-83],[-34,-12],[-56,48],[-68,-23],[-47,60],[-24,-1],[-2,-95],[-58,-77],[-42,-16],[-36,-38],[-46,16],[-25,-10],[-12,-40],[18,-59],[24,-25],[123,-171],[23,-49],[6,-59],[53,-27],[-4,-104],[52,-97],[37,-34],[0,-63],[-31,-13],[-65,-3],[-40,-45],[-29,-72],[1,-35],[-25,-41],[-48,20],[-50,0],[-15,-46],[36,-30],[30,-51],[36,-13],[20,-36],[32,-18],[66,-64],[26,-47],[9,-73],[20,-39],[50,-33],[27,-158],[46,-86],[7,-71],[-46,-50],[-52,-8],[-20,-36],[-65,-37],[-44,38],[-64,-14],[-55,14],[-2,-42],[25,-27],[59,-192],[-19,-34],[-80,-72],[53,-70],[17,-57],[-6,-141],[42,-55],[25,-53],[40,-52],[-1,-41],[-23,-61],[70,-113],[52,-102],[89,3],[46,26],[19,-12],[29,-87],[-70,-61],[-29,-76],[-7,-49],[-32,-40],[-39,20],[5,-63],[-45,-110],[-23,13],[-38,-93],[-29,-48],[-56,-42],[-92,-25],[-203,-165],[36,-62],[21,-88],[-9,-39],[-57,-104],[-45,-43],[-18,-1],[-24,-50],[-66,-61],[-72,-17],[-48,-66],[-47,-5],[-29,-69],[-55,-77],[-9,-48],[-53,-9],[-22,-39],[-33,-5],[-21,-66],[-60,-46],[-71,34],[-66,-213],[-37,-35],[-19,-49]],[[66327,46439],[-27,-48],[-52,-14],[-23,25],[-15,-54],[4,-38],[-54,3],[-73,81],[-16,-24],[-5,-72],[-39,-63],[-20,-63],[-23,-18],[-66,-21],[-45,-51],[-57,-5],[-30,11],[-24,-25],[-37,29],[-35,67],[-27,-22],[-57,-5],[-25,12],[-40,-23],[-15,-54],[-28,-26],[-27,24],[-18,-100],[-35,-124],[19,-38],[-16,-102],[14,-122],[-8,-76],[53,-107],[43,-65],[6,-52],[43,-70],[14,-43],[-1,-60],[-51,-1],[32,-181],[15,-32],[-17,-129],[-60,-5],[-63,65],[-17,-48],[6,-169],[111,-116],[22,-196],[-70,4],[-87,37],[-69,-1],[-38,47],[23,186],[-19,83],[-24,39],[-29,6],[-53,-43],[-60,-109],[-60,-34],[-163,1],[-78,33],[-85,100],[-54,50],[-33,47],[-33,-11],[-9,-69],[58,-175],[51,-78],[101,-215],[38,-161],[55,-122],[49,9],[146,121],[103,107],[62,5],[3,-61],[-16,-48],[-35,-46],[-118,-110],[-48,-102],[-19,-23],[-50,-27],[-41,-42],[-33,-5],[-2,-29],[77,-142],[42,-2],[40,22],[73,-71],[9,-40]],[[15833,18751],[40,-38],[56,-4],[34,48],[41,24],[63,-36],[57,33],[17,-4],[49,-100],[64,-67],[22,-47],[-21,-70],[-34,-25],[-28,10],[-89,57],[-42,34],[-50,-4],[-77,-85],[-141,-140],[-20,-5],[-57,-47],[-34,-70],[-10,-53],[10,-55],[22,-34],[40,12],[82,82],[69,-15],[70,-72]],[[15966,18080],[-12,-20],[22,-55],[-24,-13],[-69,3],[-57,-24],[8,-41],[59,-88],[-38,-50],[0,-65],[-48,-39],[-29,8],[-45,73],[-34,-36],[13,-106],[-121,-45],[-13,27],[1,120],[-41,56],[-21,3],[-80,-53],[-13,-61],[97,-97],[-26,-45],[-43,13],[-29,66],[-23,-64],[-49,-20],[-51,45],[-17,43],[62,-5],[29,41],[-23,103],[-14,4],[-46,-57],[-41,-24],[-41,48],[-33,-47],[-2,-148],[18,-50],[34,5],[31,51],[13,-14],[-22,-78],[50,-71],[16,-49],[-15,-49],[-38,49],[-57,29],[-42,-26],[-48,43],[-46,14],[-16,-57],[-34,-40],[-40,8],[-31,39],[-40,-22],[-73,9],[-24,44],[-43,11],[-16,24],[-51,-10],[-1266,-1191],[60,-92],[7,-42],[-30,-20],[-51,-10]],[[13420,16035],[-53,37],[-59,1],[-39,54],[-7,-46],[9,-38],[-35,-59],[-24,39],[0,73],[-20,25],[-56,30],[-16,-96],[-17,-17],[-33,29],[-23,67],[52,89],[-23,65],[-55,14],[-22,-84],[-20,-28],[-32,45],[-76,57],[-21,27],[11,92],[-14,43],[-44,55],[-88,22],[2,36],[51,72],[9,26],[-50,25],[-57,46],[13,64],[38,47],[-22,21],[-96,25],[-69,3],[11,72],[-3,45],[-31,68],[-40,-18],[0,-36],[-36,-8],[-39,53],[-50,102],[48,81],[14,59],[-23,99],[-35,12],[-37,-36],[-10,-55],[-39,-57],[-47,24],[-34,-18],[-30,10],[2,60],[-16,23],[-9,102],[37,-25],[46,28],[-2,48],[-53,43],[-21,40],[-72,32],[-57,-27],[-77,47],[-53,56],[-9,51],[22,41],[7,75],[65,19],[23,-4],[-12,81],[-24,23],[-72,25],[-17,82],[-42,37],[-7,171],[8,35],[-35,131],[1,101],[-9,66],[91,17],[36,-6],[26,64],[-20,73],[-2,131],[28,-13],[30,-80],[54,-86],[56,-17],[27,17],[18,62],[-11,44],[9,31],[-51,110],[13,53],[60,67],[-8,24]],[[12133,19145],[34,-1],[385,-69],[20,84],[131,-155],[-20,-80],[20,-29],[59,55],[86,191],[161,-259],[77,111],[147,-231],[282,386],[29,-41],[74,91],[-32,28],[-2,40],[98,-8],[72,-79],[34,-3],[34,44],[55,3],[-9,56],[3,58],[37,19],[29,-16],[37,67]],[[12133,19145],[-77,42],[-38,7],[-25,-21],[-74,-95],[-27,43],[4,49],[28,9],[-5,75],[30,35],[103,25],[38,28],[36,123],[-8,38],[-68,43],[-159,2],[-5,26],[16,76],[-13,55],[-38,36],[-37,-17],[-70,-12],[-40,16],[-36,100],[129,13],[30,11],[-1,108],[25,6],[81,-32],[43,36],[21,58],[71,61],[-9,38],[-74,42],[-53,9],[-36,-15],[-23,17],[1,40],[19,65],[49,110],[-40,32],[-44,-49],[-50,-9],[-22,14],[-40,64],[7,13],[77,17],[52,57],[22,88],[-66,102],[-25,58],[5,50],[-40,61],[-83,-86],[-28,50],[10,113],[50,77],[28,62],[1,34],[34,43],[55,6],[40,21],[1,54],[-28,116],[-14,35],[72,62],[41,17],[59,-6],[33,-34],[59,-40],[22,19],[-3,94],[-23,8],[-42,47],[-63,20],[-4,45],[17,91],[69,55],[12,41],[-4,148],[-17,34],[-62,32],[-75,-43],[-22,7],[-87,-3],[-48,20],[12,48],[80,36],[45,29],[20,37],[20,70],[-5,36],[-33,70],[-66,100],[-82,65]],[[11768,22523],[32,25],[-17,61],[30,67],[28,12],[40,-15],[43,36],[28,-55],[39,-43],[23,-43],[-9,-64],[15,-65],[-33,-73],[-3,-54],[21,-66],[29,-50],[50,-61],[53,-31],[17,-30],[54,-44],[31,-51],[33,-26],[39,5],[39,22],[43,114],[59,-76],[36,-7],[30,53],[74,-4],[14,-38],[25,-10],[55,-87],[211,182],[48,-43],[-2,-47],[46,0],[67,17],[63,47],[22,-21],[30,74],[-15,68],[0,54],[47,63],[53,-34],[22,-63],[27,-38],[33,11],[39,-12],[17,-46],[33,13],[59,-37],[26,-35],[2,-40],[30,-55],[37,-26],[46,-4],[42,-35],[18,-82],[93,-25],[39,-34],[66,-77],[35,-87],[-2,-23],[73,-79],[19,-47],[73,-102],[19,-68],[23,25],[8,-61],[43,139],[39,49],[22,-5],[67,53],[57,17],[44,72],[82,49],[48,-12],[15,11],[33,-38],[17,11],[119,8],[59,39],[49,-17],[91,14],[42,54],[45,2],[21,-25],[40,-12],[63,-114],[17,-7],[29,35],[31,-26],[24,30],[35,3],[40,25],[21,30],[39,19],[41,-3],[0,44],[27,41],[-10,37],[42,19],[36,-17]],[[15501,21783],[-16,-45],[-19,-166],[-9,-23],[-62,-41]],[[84412,39625],[-32,68],[30,117],[-13,68],[-61,-4],[-24,63],[-36,34],[-27,-27],[-59,-87],[-40,0],[-49,-48],[-54,-5],[-20,93],[-80,-5],[-72,-62],[-23,37],[-39,15],[-24,61],[-7,49],[-43,67],[22,38],[-10,25],[14,60],[-48,46],[0,97],[-38,28],[21,73],[26,9],[11,115],[21,19],[-17,118],[-29,68],[-35,35],[-10,30],[21,81],[-16,41],[-30,22],[-32,60],[-10,47],[-61,1],[-16,63],[-29,41],[-28,11],[-9,82],[18,34],[12,95],[45,-30],[42,49],[0,81],[22,73],[-31,42],[22,57],[-17,48],[6,38],[-29,74],[-6,40],[22,29],[11,77],[-22,52],[-29,110],[-33,41],[-17,48],[14,44],[73,68],[-16,47],[-28,17],[-29,95],[-78,21],[-56,61],[-50,102],[4,41],[-16,89],[9,36],[42,87],[-40,43],[-37,67],[32,81],[28,122],[-4,75],[15,30],[70,78],[30,86],[22,-15],[180,-81]],[[83638,43421],[1574,-708],[66,-29],[42,58],[1,69],[-12,30],[64,28],[45,-20],[62,32],[23,-6],[99,55],[23,-4],[74,40],[-1,18],[86,86],[5,33],[65,95],[18,7],[64,94],[33,22],[11,29],[70,80],[59,122],[13,1],[58,75],[42,43],[2,34],[48,43],[1153,1238],[27,-1],[0,-47],[40,-141],[14,-27],[-23,-79],[42,-33],[-3,-73],[32,-17],[2,-37],[39,-24],[19,-47],[15,-77],[76,-25],[4,-81],[36,-19],[-25,-31],[27,-25],[-15,-78],[-32,-44],[-36,22],[-1,-105],[1593,50],[47,-83],[30,-36],[106,-99],[27,-50],[-29,-99],[29,-21],[-1,-45],[-26,-73],[-22,-24],[58,-75],[25,-62],[-24,-93],[25,-72],[14,4],[29,-72],[-17,-30],[11,-36],[-18,-23],[7,-46],[-6,-55],[35,-41],[19,-52],[55,-14],[34,-50],[-12,-44],[40,-42],[26,70],[7,107],[38,11],[22,-38],[28,-87],[30,5],[27,-35],[37,56],[18,-39],[25,11],[19,43],[39,1],[126,-81],[66,2],[16,-53],[-48,-61],[-2,-86],[51,-12],[16,-35],[3,-56],[57,-52],[83,73],[53,-34],[7,-42],[22,-38],[38,-113],[-2,-24]],[[83638,43421],[28,16],[34,66],[11,70],[24,11],[9,62],[49,12],[43,57],[1,67],[28,47],[-26,26],[20,97],[55,95],[22,16],[-1,43],[17,59],[42,73],[24,58],[14,78],[43,22],[5,45],[23,42],[-9,64],[-27,24],[35,54],[31,24],[-14,31],[-5,95],[-27,36],[31,129],[33,31],[-6,31],[56,77],[-1,66],[23,40],[22,70],[-4,57],[22,25],[-23,34],[35,95],[-10,20],[9,58],[19,12],[25,62],[-24,35],[10,63],[-35,70],[-1,26],[31,70],[-32,40],[-35,64],[-14,89],[-24,24],[-19,65],[-31,2],[-11,-50],[-28,-26],[-52,51],[-28,-58],[-21,1],[-24,55],[-23,21],[-81,36],[-47,13],[-29,-13],[-33,42],[-2,40],[-81,2],[-9,62],[-49,48],[-21,43],[-7,70],[-26,10],[-3,48],[32,15],[48,118],[-56,89],[-8,70],[-24,73],[-40,45],[-5,55],[-23,100],[-8,71],[4,73],[60,86],[-10,39],[-42,52],[-9,33],[-56,49],[-68,33],[-94,7],[-12,45],[16,38],[-41,55],[-39,13],[-60,63],[-6,59],[-31,171],[-15,19],[-3,86],[39,104],[24,41],[7,46],[24,31],[19,66],[27,43]],[[83219,48449],[35,-15],[35,-41],[43,45],[42,-33],[16,-42],[59,-22],[52,-43],[30,11],[16,43],[-10,94],[2,106],[9,32],[67,41],[60,-37],[26,-47],[6,-57],[28,-36],[63,27],[103,11],[19,36],[-3,142],[18,19],[103,-20],[43,-34],[26,-49],[11,-49],[6,-98],[28,-55],[87,-28],[37,19],[72,61],[61,38],[32,74],[41,68],[33,123],[-7,95],[17,31],[46,34],[43,50],[16,38],[2,60],[-36,67],[3,30],[34,17],[37,38],[10,32],[23,179],[-16,32],[-23,-3],[-44,-67],[-30,-13],[-29,66],[8,52],[25,59],[44,11],[21,31],[48,32],[58,-38],[30,-56],[58,-73],[50,-43],[61,5],[54,62],[14,66],[39,61],[62,23],[31,-10],[44,-80],[-17,-43],[-56,23],[-39,-142],[3,-123],[-46,-100],[-16,-85],[17,-76],[48,8],[65,88],[24,10],[51,-14],[78,19],[35,-25],[12,-48],[-4,-114],[8,-63],[129,10],[32,-3],[59,-32],[-19,-77],[9,-52],[28,-22],[59,-14],[61,12],[34,-21],[26,-97],[-3,-155],[18,-20],[40,-5],[31,17],[68,158],[8,53],[29,38],[89,39],[40,-8],[135,-67],[60,2],[40,17],[44,-29],[54,-80],[21,-54],[28,-28],[23,14],[51,107],[-40,108],[32,57],[47,-6],[199,39],[94,-9],[58,-19],[88,56],[126,-36],[27,8],[47,49],[61,-43],[109,-153],[26,1],[75,59],[2,43],[-27,41],[-108,98],[-11,42],[-40,73],[7,65],[38,44],[20,6],[57,-32],[80,-127],[19,-44],[24,-20],[42,4],[56,79],[19,13],[32,70],[53,77],[110,-14],[42,-90],[-11,-64],[77,-137],[13,-11],[43,-118],[11,-63],[60,-9],[36,-19],[29,8],[46,52],[61,-44],[19,-51],[33,-12],[81,-63],[11,-46],[32,-15],[8,-45],[28,-61],[13,-109],[22,-74],[60,35],[76,-27],[37,37],[33,96],[46,83],[68,173],[26,-5],[59,-68],[-7,-127],[-44,-68],[-1,-37],[40,-49],[36,-18],[101,47],[29,45],[17,77],[29,39],[28,7],[45,39],[46,-53],[37,9],[56,48],[66,6],[22,21],[92,1],[41,11],[31,-12],[46,23],[14,36],[44,18],[19,-20],[9,-86],[117,-223],[37,5],[13,48],[-5,61],[-27,86],[20,106],[17,28],[4,62],[-51,45],[-32,60],[0,33],[23,53],[42,27],[13,-27],[62,-41],[74,-6],[54,-43],[-21,-46],[11,-27],[73,-65],[-6,-43],[-36,-45],[-9,-34],[29,-25],[17,-61],[-9,-32],[-64,-75],[23,-65],[58,-98],[-24,-5],[-37,26],[-19,-26],[35,-78],[45,-32],[33,14],[82,-89],[60,1],[4,40],[-25,23],[0,71],[15,64],[36,85],[-10,51],[15,27],[38,20],[46,-3],[37,18],[128,13],[4,56],[-11,36],[-47,60],[-1,39],[50,19],[50,67],[61,7],[33,17],[14,-59],[42,-24],[70,60],[38,87],[42,47],[25,86],[28,11],[42,-64],[94,56],[37,7],[48,-28],[26,-42],[36,-12],[80,-104],[1,-51],[14,-49],[43,17],[19,44],[6,105],[13,34],[31,24],[30,-14],[2,-90],[9,-73],[-6,-33],[18,-50],[0,-72],[28,-35],[5,-37],[29,-48],[39,-22],[40,-99],[27,-99],[-11,-47],[61,-122],[38,-28],[55,-89],[89,38],[17,-44],[-11,-108],[23,-43],[77,-14],[7,-36],[-12,-44],[32,-45],[10,-59],[41,-1],[67,-23],[80,-72],[17,-49],[-30,-84],[-2,-30],[46,-63],[25,7],[27,54],[37,23],[81,-72],[41,6],[52,-46],[51,43],[26,74],[48,16],[53,-45],[0,-56],[-49,9],[-15,-38],[26,-91],[-2,-55],[-43,-79],[-30,-25],[9,-78],[-17,-83],[5,-92],[19,-30],[-24,-49],[-24,32],[-47,-7],[-25,-74],[-34,-25],[-12,-44],[7,-45],[-10,-43],[6,-44],[28,-51],[-2,-38],[-31,-35],[-85,-18],[-60,-28],[-21,-22],[-13,-46],[-56,-25],[-20,11],[-25,-72],[-73,-63],[-43,-53],[-65,-49],[-28,-67],[-27,-42],[-9,-43],[-28,-35],[-25,-54],[8,-36],[-7,-77],[-21,-47],[-7,-77],[-21,-122],[49,-49],[-4,-21],[-51,-22],[-45,-45],[5,-81],[-28,-56],[2,-106],[-43,-130],[-2,-62],[-16,-77],[48,-128],[8,-66],[-12,-98],[-26,-76],[46,-4],[32,-27],[68,4],[30,-35],[96,-15],[-2,-51],[33,-114],[-48,-103],[40,-28],[15,48],[30,-5],[-32,-73],[-34,-26],[-63,0],[-21,16],[-35,-18],[-29,-49],[-17,-120],[38,-56],[8,-72],[-19,-26],[-21,-117],[-34,0],[-14,110],[-34,39],[-38,11],[-59,-13],[-23,-24],[-3,-173],[46,-16],[39,7],[11,-120],[-7,-101],[13,-74],[-6,-26]],[[43865,10883],[-69,-64],[-27,-70],[-64,20],[-39,-32],[-37,29],[-1,31],[48,91],[-47,67],[-5,45],[-24,59],[-28,16],[-109,12],[-91,-5],[-37,32],[-50,-3],[-7,-56],[27,-64],[30,-137],[-39,-17],[-60,77],[-117,13],[-19,54],[68,82],[6,33],[-44,99],[-47,46],[-14,69],[15,20],[40,-3],[34,22],[13,33],[31,26],[-1,104],[-33,45],[-64,16],[-20,35],[20,110],[-44,53],[-12,-26],[-45,3],[-55,45],[-58,-9],[-38,-25],[-8,-85],[-31,-68],[-17,-8],[-35,29],[3,54],[-40,39],[-53,19],[-27,-27],[-31,-63],[-24,15],[-33,108],[-7,73],[18,70],[-16,36],[5,62],[-37,88],[3,50],[67,84],[23,40],[-13,51],[-63,-10],[-52,52],[-64,36],[1,145],[19,-44],[40,-57],[35,16],[37,-6],[23,21],[33,-7],[18,77],[55,69],[57,-45],[29,3],[30,-90],[-7,-67],[36,-63],[3,-65],[39,5],[35,-42],[11,-87],[104,-68],[20,28],[23,-49],[30,30],[82,-19],[25,-31],[32,-9],[8,40],[29,-12],[19,65],[24,22],[55,-24],[23,-27],[28,9],[12,31],[43,-4],[75,32],[35,65],[44,46],[111,34],[69,35],[17,78],[30,67],[6,77],[24,101],[58,50],[58,-31],[20,84],[4,52],[-26,64],[1,42],[-29,80],[330,1356],[8,61],[21,33],[6,57],[-25,42],[16,33],[-6,57],[10,138],[-20,83],[-53,69],[-139,36],[-38,26],[-10,38],[-43,37],[-19,36],[-5,64],[-51,93],[14,42],[-52,2],[-2,48],[-18,27],[7,59],[-43,50],[15,35],[-45,82],[-27,8],[-26,98],[-33,46],[-59,109],[20,31],[-20,31],[42,87],[-11,58],[38,36],[-4,37],[15,40],[39,40],[1,151],[19,70],[2,49],[30,-21],[7,99],[-10,45],[22,18],[-11,57],[42,35],[-1,99],[8,45],[-19,26],[-48,14],[-21,-33],[-26,10],[-24,62],[-25,18],[-54,68],[24,32],[-62,99]],[[43654,17193],[67,19],[34,40],[20,101],[-22,100],[-21,46],[-80,108],[-32,71],[3,74],[29,64],[31,38],[83,146],[27,77],[29,149],[7,77],[67,325],[21,65],[53,109],[41,70],[63,73],[50,32],[36,44],[39,22],[58,15],[77,-19],[157,-146],[42,-94],[5,-44],[-11,-148],[-23,-66],[-118,-254],[-35,-132],[-43,-60],[-79,-71],[-51,-55],[-17,-35],[-27,-12],[-40,-61],[-11,-59],[31,-218],[17,-48],[58,-90],[49,-56],[50,-24],[95,-16],[77,-33],[54,-48],[57,-88],[6,-51],[43,-111],[32,-122],[37,-47],[79,-43],[53,22],[82,66],[61,79],[37,59],[39,26],[57,1],[86,-16],[28,7],[78,-89],[103,-18],[93,36]],[[45485,16980],[55,-81],[14,-96],[-16,-97],[26,-15],[243,15],[72,30],[92,-9],[51,-16],[39,-27],[58,-90],[13,-89],[-5,-76],[-30,-79],[-66,-52],[-15,-30],[-4,-74],[32,-116],[82,-75],[64,-23],[65,16],[50,28],[56,8],[56,-31],[38,-51],[24,-57],[1,-98],[-21,-46],[-85,-128],[-20,-65],[1,-71],[30,-136],[42,-106],[96,-172],[66,-6],[67,150],[65,158],[54,61],[103,56],[46,0],[180,-64],[25,32],[60,162],[29,57],[50,38],[27,-6],[37,-71],[13,-92],[-2,-89],[9,-51],[34,-83],[133,-141],[70,-23],[92,-1],[109,-16],[103,1],[59,28],[57,57],[49,22],[56,69],[55,42],[47,0],[53,-21],[53,-40],[103,-157],[97,-119],[58,-43],[62,20],[20,45],[2,120],[-21,134],[-9,165],[14,118],[43,81],[44,0],[44,-54],[76,-175],[67,-69],[88,-35],[45,-71],[22,-100],[-4,-110],[-17,-83],[-3,-85],[41,-122],[29,-23],[83,-2],[62,32],[31,28],[65,142],[8,161],[7,57],[20,71],[29,8],[57,-21],[49,-49],[71,-104],[33,-87],[8,-41],[35,-95],[14,-76],[-15,-134],[-4,-99],[11,-100],[16,-49],[40,-65],[40,-39],[150,-112],[96,-25],[33,-30],[153,-7],[85,51],[26,36],[26,63],[30,175],[53,97],[102,87],[71,77],[67,85],[118,6],[76,-10],[27,-37],[24,-90]],[[31677,25421],[78,-72],[101,-67],[78,-35],[110,-113],[41,-66],[36,-99],[18,-149],[19,-118],[32,-53],[67,-29],[37,21],[85,209],[35,30],[47,0],[76,-94],[79,-82],[68,-7],[91,60],[55,52],[85,33],[74,-8],[63,-50],[107,-153],[107,-178],[75,-168],[93,-88],[145,-34],[129,-1],[61,30],[33,42]],[[33802,24234],[178,-38],[67,-65],[142,-110],[69,11],[107,139],[57,84],[63,121],[52,115],[74,104],[65,61],[83,57],[68,30],[64,-6],[66,-24],[48,-43],[27,-57],[10,-73],[4,-99],[-34,-75],[-120,-158],[-142,-263],[-52,-106],[-36,-121],[-7,-59],[38,-31],[94,-1],[42,32],[33,63],[49,60],[43,77],[64,72],[51,42],[55,23],[76,-4],[95,-29],[81,-46],[87,-102],[49,-69],[166,-195],[20,-106],[33,-88],[28,-47],[72,-86],[21,-61],[49,-34],[64,0],[78,42],[68,69],[29,16],[82,-14]],[[36222,23242],[52,-24],[2,-21],[46,-40],[-67,-28],[-11,-89],[55,-43],[136,-46],[58,-43],[34,-40],[2,-28]],[[36529,22840],[-72,-47],[10,-48],[-16,-36],[-24,17],[-53,-7],[-48,41],[-46,-26],[-44,-58],[24,-36],[-12,-68],[-37,-60],[8,-57],[43,-41],[1,-48],[33,-22],[5,-87],[-6,-36],[-40,-12],[36,-74],[-20,-63],[40,-59],[-11,-45],[-66,-30],[-26,-22],[-9,-35],[-48,61],[-29,-66],[23,-60],[-14,-91],[-70,-58],[6,-63],[-35,-24],[-10,-29],[-52,-33],[16,-95],[-40,-5],[-32,-55],[23,-53],[47,-27],[13,-43],[-41,-27],[-62,-152],[-51,25],[-16,-10],[2,-57],[52,-13],[46,-39],[-34,-72],[-22,-7],[-31,33],[-5,-65],[-28,-56],[1,-91],[-44,-34],[-67,73],[-68,21],[-63,-16],[21,-106],[42,-78],[16,-63],[57,-44],[30,2],[17,-24],[-41,-48],[-70,-5],[-35,18],[-11,-23],[-61,13],[-26,-39],[-2,-43],[-51,23],[-37,-32],[-10,-27],[23,-39],[0,-46],[39,-17],[-2,-34],[31,-32],[-26,-22],[-15,-44],[-28,6],[-43,-52],[-21,-58],[9,-76],[53,-36],[21,-50],[-41,7],[-32,-22],[-25,96],[-30,11],[-22,-53],[-37,2],[29,-64],[-12,-53],[3,-58],[-29,12],[-21,-24],[-26,32],[-55,-56],[-40,58],[-15,-102],[32,-53],[-2,-57],[12,-42],[-52,2],[-40,45],[-35,-1],[-23,37],[-75,-116],[-37,-5],[-46,-69],[-27,11],[-53,-54],[90,-46],[53,-11],[-14,-67],[-2,-89],[-28,-62],[-54,-30],[-12,44],[8,96],[-49,17],[-65,-53],[-5,-53],[32,-48],[-3,-38],[-24,-12],[1,-39],[-42,21],[-50,-18],[-66,18],[-30,43],[-33,-9],[-4,-63],[61,-32],[24,-35],[42,-24],[20,-31],[-24,-49],[-90,-61],[1,-63],[-22,6],[-29,-24],[-9,-39],[24,-36],[-23,-37],[-43,17],[-70,12],[-48,59],[-39,-83],[-58,-20],[-25,9],[-41,-18],[-17,-26],[-55,-33],[-14,12],[-102,1]],[[33913,18367],[-51,50],[-47,23],[-105,83],[-103,23],[-29,-40],[-26,24],[-58,-16],[-27,-25],[-75,32],[-35,3],[-35,27],[-172,38],[-34,50],[-46,27],[-36,39],[-44,-31],[-16,14],[-50,-1],[-5,36],[-1497,19],[-13,-53],[-37,8],[-69,-37],[-20,2],[-35,38],[-28,6],[-45,-20],[-28,9],[-24,93],[-33,35],[0,93],[-27,-8],[-5,-50],[-35,-31],[-39,118],[-55,44],[-22,116],[-11,26],[-104,97],[-30,59],[-38,18],[-54,-35],[-19,15],[-26,127],[0,41],[-26,156],[-22,21],[-90,-5],[-18,49],[-53,77],[-37,73],[-36,53],[-41,1],[-15,29],[-84,-43],[-133,0],[-72,6],[-61,-42],[-85,-7],[-106,-86],[-35,43],[-20,0],[-49,51],[-22,68],[-63,36],[-30,29],[-15,-42],[-28,-24],[-31,11],[-27,-25],[-38,-63],[-41,-17],[26,-62],[-20,-26],[-60,110],[-10,-23],[11,-53],[-132,-9],[-4,-43],[-47,31],[0,-36],[-39,-14],[-22,40],[-32,-4],[-32,71],[-67,-40],[-40,1],[-2,47],[-48,50],[-85,1],[19,44],[9,82],[-28,43],[36,28],[-15,85]],[[28765,20125],[758,423],[-36,50],[-12,61],[-22,50],[32,111],[-3,60],[-17,53],[-35,55],[3,40],[-29,128],[12,34],[-10,89],[18,42],[48,77],[30,113],[-35,13],[11,51],[-14,42],[-50,0],[-17,46],[-33,-9],[-59,-56],[-55,-3],[-14,52],[5,78],[-21,102],[-39,40],[-23,-8],[-23,27],[15,43],[41,-9],[39,18],[0,82],[-35,5],[-2,74],[-30,-32],[-50,11],[-25,172],[58,1],[18,33],[-53,57],[-4,21],[52,130],[-48,29],[-10,51],[33,51],[3,75],[-40,-21],[-45,20],[-9,-67],[-21,-53],[-37,-2],[-19,40],[-48,60],[-6,52],[-30,11],[-6,41],[19,43],[39,17],[42,-34],[27,95],[38,78]],[[77332,21670],[20,-40],[-30,-72],[-35,4],[-22,-29],[-42,11],[-4,-58],[-26,-34],[-40,-109],[-35,-63],[2,-87],[-65,-92],[33,-62],[9,-48],[-25,-56],[-70,-23],[-9,-62],[-25,-50],[-34,-34],[-20,-51],[-64,24],[-52,-9],[-38,-43],[-39,49],[-41,-10],[-46,75],[-18,-11],[-25,49],[-4,48],[-45,-32],[3,-70],[-89,-71],[-59,41],[-38,-16],[0,-30],[-48,-11],[-51,-40],[-32,61],[-30,-25],[-62,-6],[-21,34],[-39,2],[-15,-61],[-65,-72],[-22,-106],[-31,-18],[-57,-6],[0,-20],[-51,-6],[0,-60],[-34,-26],[-46,44],[-14,-17],[-46,13],[-12,-39],[-35,-47],[-20,7],[-17,-42],[-46,-20],[-12,-43],[-42,18],[1,35],[-43,22],[-16,96],[-69,-62],[-35,-56],[-35,3],[-32,-29],[-16,41],[-35,-5],[-15,-31],[-35,21],[-31,48],[-32,-34],[-38,20],[-43,-54],[-17,12],[-16,-88],[-54,-29],[-5,-30],[-54,-27],[-12,-71],[37,16],[15,-57],[45,8],[38,31],[82,-16],[19,-57],[65,41],[31,-4],[19,-44],[58,-41],[-5,-87],[21,-41],[-4,-59],[55,-19],[11,-57],[75,-28]],[[75441,19591],[-46,-44],[-22,-51],[36,-16],[-1,-73],[-22,-15],[-29,37],[-27,-11],[13,-82],[-34,-20],[-19,-111],[-33,-33],[-45,-7],[-26,35],[6,53],[-31,62],[-58,-12],[-43,10],[-24,23],[-35,-29],[-12,-56],[-35,-38],[19,-58],[-21,-47],[44,-50],[4,-67],[-25,-45],[39,-13],[-1,-52],[-51,-25],[-53,32],[-24,-28],[-37,82],[-7,39],[-25,42],[1,36],[-29,9],[-3,-59],[-47,-8],[-23,37],[-24,-8],[-29,-102],[-40,-24],[7,-41],[-21,-15],[-21,-60],[-24,12],[-43,-44],[-10,-38],[-30,21],[9,68],[-83,82],[3,21],[-64,32],[-5,-74],[15,-35],[-20,-54],[-41,-48],[-48,-32],[-31,-48],[-57,-6],[-48,-41],[-39,33],[-6,42],[-67,2],[-37,80],[-18,-67],[18,-110],[-15,-42],[-21,-5],[-8,-46],[-25,-1],[-39,-49],[0,-37],[-53,46],[-25,8],[-24,-86],[-25,-8],[-36,26],[15,48],[-32,17],[-5,44],[-64,26],[-28,-145],[-37,3],[-51,-24],[-34,13],[1,-47],[-29,-5],[-18,52],[24,43],[-32,35],[-71,-4],[-97,18],[-9,-56],[14,-17],[-49,-53]],[[73188,18338],[-25,10],[-28,-33],[-22,31],[-18,-111],[-20,-31],[-32,-15],[-49,25],[-19,-16],[4,-41],[32,-12],[-5,-31],[-39,5],[-30,-46],[-42,-18],[-20,63],[-32,-36],[-22,11],[-5,-70],[-16,-54],[-37,22],[-4,40],[-35,13],[-36,-34],[-60,20],[-27,76],[54,58],[41,72],[-28,10],[-46,59],[-5,46],[13,27],[-17,49],[-69,-51],[-48,-72],[-29,-2],[-25,45],[-20,-143],[-51,3],[-47,78],[-46,-46],[7,-69],[-30,-47],[-33,-20],[-40,46],[2,-102],[-57,12],[-49,52],[-60,-38],[3,-74],[21,-30],[-4,-245],[-28,-57],[-2,-36],[-43,-20],[-24,-132],[-40,-59],[-30,6],[-16,-22],[-53,43],[-61,9],[-21,-11],[-78,49],[-37,-10],[-15,-67],[-62,-44],[-24,33],[-4,44],[-27,-5],[2,-148],[-44,-28],[-78,6],[-41,71],[4,45],[-45,-11],[8,-55],[-22,-46],[-21,-7],[-18,39],[-56,-9],[-32,15],[-4,32],[-40,1],[-12,-86],[-28,-55],[50,-16],[35,21],[32,-10],[-8,-134],[-22,-105],[-20,-26],[33,-64],[38,-5],[37,-68],[17,-99],[-40,-2],[-19,-32],[-62,-15],[-24,-30],[-52,-13]],[[71041,16611],[-5,29],[-48,27],[-29,31],[-28,70],[0,72],[-40,8],[-82,-87],[-28,-49],[-24,-89],[-21,-43],[-42,1],[-57,-20],[-5,-23],[84,-43],[36,-28],[73,-108],[-8,-54],[-62,-55],[-60,-87],[-28,-154],[-81,-140],[-43,-49],[-34,-118],[-45,-39],[-30,12],[-52,71],[-8,51],[15,56],[100,137],[44,72],[36,134],[3,106],[24,95],[-24,121],[-40,56],[-13,39],[-35,37],[-44,20],[-42,54],[-80,4],[-26,-11],[-66,23],[-43,34],[-67,12]],[[70116,16786],[6,74],[-25,83],[13,78],[-13,72],[14,86],[-9,26],[45,61],[17,-34],[46,-22],[24,-40],[27,12],[47,-12],[18,-90],[37,-97],[32,-30],[57,31],[27,-37],[51,-3],[-8,64],[22,33],[9,100],[-11,32],[-9,91],[4,42],[33,-5],[-13,52],[7,169],[-30,70],[-34,188],[-27,78],[-2,56],[-19,75],[-24,61],[-141,116],[-12,68],[-18,39],[16,47],[-26,106],[-4,49],[-27,22],[-63,7],[-26,74],[-24,14],[-18,53],[-23,18],[-37,-8],[-39,27],[-68,-11],[-50,26],[-26,-17],[-31,-65],[-43,-22],[-40,7],[-62,41],[-40,60],[189,489],[-9,29],[-62,31],[-20,90],[7,52],[69,112],[-59,17],[-56,73],[-8,91],[-47,60],[-35,63],[-47,28],[-30,34],[-55,22],[-18,39],[-22,2],[-28,-84],[-52,-52],[-33,1],[-33,75],[-23,10],[-44,-56],[-9,-89],[21,-20],[-30,-35],[-76,44],[-28,-39],[-17,-64],[-21,3],[-32,62],[-13,-4],[-25,-81],[-44,-17],[-1,-28],[-42,-27],[-48,5],[-34,67],[-27,-92],[-10,-66],[-40,22],[-63,76],[-32,-6],[-35,40],[-34,0],[-116,41],[-34,21],[-42,-44],[-15,45],[-70,29],[-40,76],[-35,48],[-21,80],[-45,8],[-30,-118],[-38,-16],[-44,69],[-39,-5],[-29,-31],[-23,6],[-24,-44],[-25,7],[-33,-19],[-25,9],[-14,54],[-66,8],[-18,46],[-55,9],[-40,26],[-14,76],[-21,15],[-53,-40],[-8,-21],[-57,2],[2,63],[13,39],[-18,78],[-46,-33],[-64,19],[-11,42],[1,70],[-20,47],[9,63],[-16,43],[14,41],[24,3],[23,38],[-16,50],[-38,30],[-49,92],[-13,56],[-47,32],[-12,44],[-51,41],[1,79],[-27,30],[-22,54],[-39,24],[-21,63],[-42,84],[29,71],[-35,88],[-23,6],[-42,-35],[-28,57],[-34,23],[-13,83],[-49,42],[-36,-13],[-28,9],[-32,-16],[-31,5],[-33,43],[-23,-7],[-77,46]],[[66576,21509],[-20,91],[8,80],[30,15],[55,-21],[16,56],[35,49],[-36,7],[-19,32],[17,28],[38,17],[55,65],[54,82],[40,88],[31,24],[56,-38],[23,21],[23,60],[28,1],[-2,-65],[-72,-42],[-9,-44],[20,-36],[46,3],[65,51],[29,53],[47,37],[36,6],[37,-13],[67,-69],[21,2],[-11,139],[-19,66],[-71,171],[-36,239],[30,79],[38,-14],[-18,-52],[2,-51],[19,-21],[47,-6],[70,25],[94,6],[6,53],[-43,-4],[-21,65],[39,-8],[32,-23],[22,61],[63,-24],[60,75],[4,53],[32,48],[4,35],[-21,38],[14,48],[66,-49],[1,-69],[38,-30],[21,44],[-26,77],[11,43],[53,42],[-20,38],[-22,-31],[-30,-9],[-16,23],[16,60],[53,50],[10,27],[-26,47],[-24,-50],[-40,-11],[8,51],[27,14],[11,81],[-20,18],[-24,-28],[-37,7],[-3,45],[60,-1],[28,13],[43,48],[-5,26],[-61,-34],[-19,16],[-7,65],[28,28],[37,-23],[19,57],[19,-59],[24,-1],[31,52],[35,8],[42,42],[3,55],[18,27],[43,-3],[90,28],[-3,52],[11,60],[18,24],[26,-44],[28,-17],[23,27],[12,71],[-37,33],[-25,-32],[-22,1],[-23,34],[-38,27],[11,38],[33,43],[-28,30],[-15,79],[-27,-21],[-30,9],[-4,85],[-34,46],[-27,-35],[-11,83],[-81,39],[-38,102],[-22,-39],[-43,-18],[-17,26],[-2,46],[16,75],[27,78],[66,48],[75,22],[68,33],[36,36],[20,50],[48,85],[-38,18],[-12,48],[-52,39],[-10,44],[9,37],[25,13],[54,-7],[27,-60],[41,-14],[27,13],[32,53],[30,14],[63,-82],[28,-88],[21,15],[24,66],[19,135],[36,-21],[15,-32],[85,-92],[27,-63],[39,-7],[21,21],[13,68],[1,74],[-31,136],[19,45],[26,13],[24,-24],[59,61],[-27,33],[32,26],[6,74],[-32,61],[-44,12],[-18,31],[-16,66],[-33,36],[51,34]],[[68618,25753],[15,17],[79,19],[26,-31],[-1,-28],[-29,-58],[31,-35],[40,23],[-27,49],[22,69],[25,-17],[-14,-51],[10,-27],[34,-8],[19,66],[20,29],[33,4],[14,-21],[13,-88],[42,-142],[82,-177],[34,114],[26,30],[81,14],[0,43],[19,43],[-10,42],[36,20],[16,-65],[37,22],[2,65],[21,73],[63,-74],[20,7],[11,53],[79,-6],[7,32],[-18,33],[2,41],[31,35],[13,-79],[23,42],[-3,56],[36,5],[8,-40],[46,-5],[12,36],[-48,-6],[9,45],[-3,80],[-28,23],[-30,-22],[-20,30],[34,59],[-12,55],[21,23],[93,-9],[-29,36],[-23,60],[-34,58],[-7,46],[22,32],[17,-50],[36,17],[3,52],[-22,24],[2,37],[22,32],[71,34],[12,-40],[-18,-63],[31,-1],[-1,45],[29,44],[19,69],[42,7],[34,-65],[78,9],[122,-170],[78,-61],[16,21],[2,50],[-42,82],[2,23],[51,9],[69,84]],[[28765,20125],[3,36],[-34,-1],[-24,-24],[-27,38],[-18,-30],[11,-45],[-44,-56],[4,-46],[-44,22],[4,-53],[-21,-19],[-55,15],[-3,-40],[-38,-23],[-51,18],[-31,-18],[8,-61],[45,-44],[-11,-107],[-42,6],[-23,31],[-14,92],[-42,-15],[2,-47],[-43,-78],[25,-66],[-18,-43],[-34,-40],[-11,-38],[-28,24],[9,51],[-18,10],[-43,-38],[6,115],[-32,6],[-34,-22],[16,-98],[10,-181],[-78,37],[-17,-52],[34,-46],[-10,-75],[22,-75],[23,-32],[-75,-31],[-21,-24],[1,-47],[-43,20],[-57,-25],[0,46],[-30,0],[-88,-37],[-25,18],[52,125],[2,62],[-24,79],[-24,1],[-59,88],[-89,-44],[-46,-61],[-34,-16],[-26,25],[-57,-27]],[[27456,19265],[31,167],[2,80],[-21,138],[-34,102],[-22,112],[1,31],[62,180],[22,77],[-4,86],[-27,23],[-42,-14],[-113,-178],[-53,-53],[-81,1],[-66,35],[-54,19],[-41,69],[-16,113],[-11,119],[-42,92],[-61,5],[-34,-51],[-67,-176],[-25,-36],[-90,-32],[-43,0],[-50,26],[-15,31]],[[27456,19265],[-16,-83],[-21,-16],[-55,9],[-19,-60],[6,-105],[-32,-67],[-33,-4],[-26,-42],[5,-60],[127,-132],[45,-78],[28,-34],[99,-76],[50,-12],[56,10],[161,120],[72,59],[57,29],[24,-34],[-7,-118],[-9,-45],[-61,-143],[-34,-24],[-43,-63],[-57,-52],[-29,-47],[24,-44],[75,-38],[16,-24],[98,-82],[42,4],[46,73],[43,145],[19,12],[56,-7],[87,14],[43,-32],[124,-68],[40,-6],[26,-42],[31,-165],[81,-37],[90,82],[46,-30],[12,-161],[-20,-53],[-108,-136],[-71,-19],[-20,-15],[-109,-149],[-19,-86],[11,-48],[38,-51],[63,-12],[52,-56],[-37,-117],[-4,-63],[58,-122],[0,-53]],[[79823,24834],[7,-128],[-24,-39],[-42,-28],[-24,-44],[20,-67],[12,-78],[1,-94],[-16,-89],[-19,-40],[14,-93],[-12,-129],[20,-29],[-14,-40],[9,-44],[-13,-23],[19,-139],[20,-43],[-8,-86],[9,-60],[-20,-84],[-34,-55],[-33,-87],[4,-109],[-19,-99],[15,-66],[-11,-45],[15,-69],[-11,-25],[-5,-94],[22,-51],[-7,-43],[-6,-178],[-22,-115],[-35,-22],[-19,-52],[42,-100],[7,-59],[-73,-98]],[[79592,22090],[-29,41],[-42,-1],[-104,59],[-49,-43],[-24,4]],[[31847,70008],[24,-63],[12,-89],[11,-18],[1,-88],[40,-70],[-1,-43],[50,-54],[-2,-84],[31,-58],[-6,-26],[16,-84],[58,-45],[-1,-92],[-20,-170],[6,-92],[58,-142],[67,-64],[18,-35],[82,-64],[51,-22],[13,-56],[24,-16]],[[32379,68533],[-392,-487],[24,-5],[250,-309],[770,-978],[346,-423],[0,-54],[-48,-9],[-44,10],[-67,-83],[-34,15],[-26,-62],[-40,-31],[-57,38],[-15,-37],[-68,46],[-14,-43],[22,-36],[-9,-45],[-29,11],[-16,78],[-44,5],[30,-107],[-43,-9],[24,-55],[-47,-43],[17,-60],[-45,28],[-13,-36],[-61,-34],[35,-38],[-11,-49],[-79,46]],[[32695,65777],[-28,-27],[-39,26],[-16,-50],[-47,-99],[-17,27],[-47,-42],[-8,-99],[-70,10],[-19,-31],[-24,7],[-30,-23],[-31,-51],[14,-21],[-40,-48],[-19,-64],[8,-18],[-20,-54],[-44,35],[-36,-98],[-37,-41],[-23,3],[-11,-73],[-58,-14],[-28,-27],[-20,11],[-25,-62],[-46,2],[-19,-25],[-12,-60],[-46,-56],[-28,-112],[-13,-15],[-63,-13],[-13,-70],[-46,-82],[-2,-64],[-36,-96],[-3,-63],[-26,-53],[30,-119],[34,-51],[8,-124],[-12,-29],[6,-63],[62,-41],[57,-16],[19,-52],[42,-63],[18,-46],[-9,-45],[0,-95],[9,-50],[-14,-82],[-52,-70],[-13,-36],[62,-778],[-81,-10],[-28,-36],[-77,-3],[-35,11],[-28,-19],[-31,-69],[-90,-128],[-36,-32]],[[31468,62201],[-24,39],[-64,-7],[-30,14],[-36,-32],[-46,32],[5,92],[-26,11],[-26,45],[7,62],[-13,57],[-80,69],[-45,73],[-39,26],[-37,70],[-60,15],[-20,40],[-88,-9],[-23,-26],[-16,60],[-32,-8],[-41,35],[-25,52],[-35,3],[-30,80],[-59,31],[-3,-56],[-36,-5],[-10,57],[-16,26],[-67,-35],[-62,10],[-85,109],[3,97],[-33,2],[-48,-41],[-11,-35],[-24,6],[-6,47],[37,10],[-2,55],[-37,22],[-62,17],[-9,52],[-33,62],[-37,-18],[-39,15],[19,44],[-22,48],[-41,15],[-33,-17],[-20,20],[-46,-54],[-5,-35],[-47,49],[-21,7],[-25,-32],[37,-76],[-47,-3],[-30,41],[-9,86],[-31,-3],[0,-88],[-44,21],[-23,-37],[-89,1],[-21,-73],[-24,-19],[-32,47],[-15,46],[-57,-37],[-9,66],[8,62],[-54,14],[-45,62],[-25,-8],[-20,45],[-35,8],[-5,-32],[-33,-14],[-28,16],[9,38],[-16,66],[-18,27],[-21,111],[-41,66],[-18,-21],[-6,-66],[-33,-50],[-18,86],[-30,34],[-12,-90],[-22,-4],[-17,43],[-26,-24],[-8,56],[-42,1],[-33,-45],[-13,44],[-22,1],[-4,66],[-39,-28],[-1,-33],[-25,-25],[-14,64],[14,81],[-51,3],[-39,34],[-24,-9],[-18,43],[-81,-35],[-14,45],[-31,-8],[-19,26],[-31,-24],[-54,-9],[-19,59]],[[28296,64115],[21,17],[-33,61],[50,90],[21,69],[28,30],[33,92],[-8,30],[52,23],[17,82],[-7,27],[28,57],[8,45],[-8,45],[39,75],[6,29],[41,53],[21,55],[27,19],[55,76],[52,25],[36,40],[44,23],[24,48],[32,28],[33,65],[32,107],[23,32],[14,54],[-3,65],[13,75],[108,134],[53,52],[-157,577]],[[28991,66415],[110,-56],[285,-134],[465,-216],[425,-199],[45,-24],[48,44],[47,117],[8,53],[30,69],[33,22],[13,88],[28,66],[2,51],[20,98],[36,22],[39,90],[12,81],[0,78],[47,150],[32,4],[21,46],[-17,68],[26,100],[24,-21],[32,29],[8,51],[-36,52],[1,28],[33,11],[18,-24],[24,22],[-16,53],[40,61],[1,48],[-26,57],[27,39],[23,-31],[23,29],[20,74],[36,12],[22,30],[-32,50],[38,55],[26,57],[51,63],[-35,59],[20,44],[38,10],[20,33],[-11,87],[17,47],[29,16],[-14,36],[2,61],[-19,48],[53,79],[-15,91],[11,71],[40,31],[-25,63],[-19,16],[14,42],[-33,91],[15,27],[2,63],[-39,30],[-28,80],[0,94],[22,8],[45,50],[-42,63],[-37,-3],[-6,43],[-44,30],[-18,78],[29,18],[20,-27],[36,13],[33,32],[10,112],[23,71],[-11,45],[48,9],[3,54],[19,57],[-16,30],[-6,58],[26,62],[25,26],[-1,37],[31,104],[-21,18],[-59,10],[19,29],[32,9],[-32,48],[17,39],[37,12],[-9,63],[35,6],[34,48],[-6,100],[-18,44],[-1,86],[9,39],[36,-7],[30,68],[34,40],[0,55],[23,28]],[[28463,72088],[8,-34],[30,-24],[9,-61],[-31,-112],[10,-65],[25,-55],[3,-99],[15,-59],[35,-65],[-42,-43],[21,-63],[-10,-55],[42,-61],[9,-35],[-30,-68],[-5,-69],[14,-102],[0,-112],[22,-77],[22,-16],[17,-51],[-9,-31],[-4,-114],[-53,-41],[-4,-29],[32,-56],[-10,-74],[33,-26],[18,-147],[-13,-51],[4,-61],[-14,-73],[-26,-6],[3,-47],[27,-9],[-22,-61],[9,-57],[-4,-87],[19,-44],[4,-55],[-8,-50],[-23,-53],[-3,-55],[33,-56],[-20,-70],[5,-31],[56,-43],[-13,-61],[14,-37],[-10,-56],[26,-74],[12,-68],[36,-50],[1,-109],[18,-9],[0,-58],[-33,-42],[-26,-80],[-37,-58],[-72,-81],[-21,-111],[-16,-39],[-3,-59],[-24,-73],[-37,-83],[-10,-106],[31,-84],[72,-93],[23,-83],[24,-48],[379,-1358]],[[28296,64115],[-17,-25],[5,-62],[-49,-45],[-42,-12],[-13,17],[2,74],[-75,-12],[-21,-40],[3,-35]],[[26483,64859],[-22,14],[-7,79],[-36,-11],[-38,23],[-26,-17],[-35,29],[-39,5],[-36,-29],[-48,-70],[-31,-3],[-60,58],[-18,-60],[-39,-20],[-22,14],[-2,68],[-21,33],[-29,115],[-70,-16],[-26,-114],[-26,-19],[-83,33],[-51,-4],[-29,31],[-31,96],[-36,7],[-18,-62],[-40,-1],[-44,64],[58,100],[16,70],[-33,74],[-3,39],[-28,17],[-27,-11],[-18,-67],[-24,21],[-29,-12],[-36,16],[-75,-7],[-72,21],[-40,39],[-10,74],[-50,1],[-67,50],[-27,-22],[-15,43]],[[25040,65548],[-866,2433],[3,81],[26,75],[12,92],[61,50],[11,91],[54,6],[-2,51],[23,86],[17,1],[35,-45],[55,38],[57,4],[15,-11],[38,47],[25,-8],[8,64],[34,85],[3,52],[29,57],[14,147],[27,68],[-7,69],[73,154],[32,80],[34,53],[34,2],[19,28],[44,28],[-2,34],[20,112],[30,3],[19,30],[33,16],[73,133],[44,33]],[[15801,21846],[-48,-33],[-61,40],[-51,62],[-66,-51],[-74,-81]],[[11768,22523],[-64,39],[-71,-7],[-74,70],[77,69],[58,129],[42,-15],[56,-61],[22,11],[-11,71],[-28,109],[37,34],[79,-49],[18,10],[-18,86],[-18,18],[-118,49],[-56,60],[-19,75],[-24,-1],[-47,-43],[-50,-28],[-85,-26],[-29,-1],[-32,42],[4,68],[12,29],[28,147],[1,59],[48,65],[18,44],[4,70],[-41,94],[5,54],[-45,-1],[-65,-73],[-24,31],[0,40],[51,37],[-1,37],[-38,20],[-32,-17],[-63,40],[-52,87],[23,42],[151,4],[31,24],[10,59],[-22,18],[-17,68],[-77,78],[-12,40],[20,26],[114,-96],[87,-102],[17,-44],[11,-83],[20,-12],[62,30],[16,96],[-1,39],[-51,86],[-20,131],[32,21],[46,-3]],[[36222,23242],[36,58],[29,28],[69,134],[145,164],[65,63],[139,105],[58,68],[62,26],[37,27],[42,-5],[132,55],[-4,63],[37,50],[75,32],[43,86],[-2,45],[58,32],[57,89],[69,94],[73,126],[54,37],[120,29],[65,78],[39,35],[73,43],[31,51],[35,106],[37,148],[36,75],[76,101],[44,77],[47,147],[87,204],[40,114],[41,47],[115,52],[111,34],[53,26],[34,35],[53,90],[22,24],[60,26],[110,97],[41,45],[45,-125],[83,-169],[86,-23],[27,-21],[55,11],[58,42],[46,-35],[38,0],[30,-44],[44,-18],[35,-35],[41,-67],[98,-58],[43,27],[97,14],[79,-32],[13,-59],[-5,-39],[26,-39],[-15,-91],[27,-86],[-53,-59],[13,-58],[25,-16],[-3,-45],[45,36],[78,5],[25,-52],[0,-28],[36,-26],[2,40],[23,82],[-5,36],[23,42],[35,-21],[43,3]],[[40104,25395],[-4,-45],[34,-71],[88,-25],[18,-23],[-2,-111],[-83,-167],[-21,-34],[-175,-142],[-88,-52],[-25,-66],[-6,-94],[38,-52],[64,-44],[65,-103],[20,-87],[-18,-40],[-56,-26],[-143,32],[-107,-3],[-34,-12],[-13,-69],[5,-28],[32,-42],[36,-94],[62,-110],[86,-79],[5,-37],[-22,-67],[-57,-41],[-114,24],[-38,22],[-96,-15],[-110,110],[-54,27],[-44,-26],[23,-208],[22,-64],[-2,-90],[-32,-70],[-72,-9]],[[39286,23364],[-26,36],[-56,139],[-44,57],[-70,58],[-44,17],[-64,-22],[-68,13],[-133,-3],[-68,12],[-44,-24],[-16,-68],[29,-107],[8,-85],[-9,-45],[-52,-110],[-57,-199],[-43,-64],[-86,-86],[-60,-86],[-12,-28],[-36,-252],[-38,-59],[-56,-8],[-85,18],[-67,26],[-61,12],[-145,-41],[-46,-49]],[[37837,22416],[-83,17],[-78,-24],[-72,17],[-52,36],[-67,74],[-19,113],[-78,234],[-25,53],[-41,27],[-43,59],[-78,42],[-63,-5],[-16,-16],[-31,40],[-20,4],[-67,-98],[-16,-84],[-27,-17],[-8,-60],[-25,15],[-27,-115],[-42,-47],[4,-48],[-33,-53],[-28,-15],[-58,-3],[-46,33],[-19,-10],[-59,101],[11,20],[84,-7],[-55,63],[8,44],[-56,-36],[-8,30],[-31,1],[-44,39]],[[62609,23376],[19,-120],[53,-65],[31,4],[9,41],[25,30],[54,9],[10,73],[33,42],[49,42],[14,-9],[90,-6],[36,53],[1,27],[51,66],[47,15],[58,46],[27,47],[55,-14],[52,-50],[61,28],[65,-23],[57,43],[18,-11],[68,7],[30,-8],[30,42],[45,-1],[27,15],[216,-710],[28,-9],[62,60],[73,138],[30,29],[65,-5],[17,34],[35,16],[22,49],[46,-36],[9,48],[22,24],[24,-36],[45,22],[65,17],[3,78],[29,29],[-16,30],[31,29],[41,-43],[47,-16],[25,-38],[-23,-18],[33,-55],[-11,-37],[49,-99],[27,-7],[28,-42],[28,-18],[10,-59],[30,-43],[57,54],[39,87],[33,-15],[4,-43],[49,-16],[35,25],[15,-12],[-22,-105],[33,-11],[80,-68],[-14,-44],[20,-61],[36,-30],[38,47],[9,41],[31,18],[9,-41],[48,-27],[48,21],[1,-52],[-41,-10],[18,-59],[2,-52],[27,-130],[33,-36],[8,62],[57,-4],[35,-28],[-2,-49],[15,-58],[17,-10],[47,-90],[30,-42],[-27,-36],[31,-23],[-42,-52],[6,-95],[-25,-42],[17,-44],[37,-22],[49,-1],[62,-42],[18,-140],[39,-36],[14,-57],[31,19],[48,105],[25,-30],[41,-15],[6,-58],[25,-21],[-13,-71],[-38,-39],[22,-51],[-9,-29],[39,-66],[2,-35],[-28,-28],[-3,-76],[-12,-41],[2,-58],[31,-7],[2,-36],[-34,-48],[35,-64],[-12,-104],[33,-40],[42,10],[7,43],[25,-13],[-9,-89]],[[66046,20861],[-29,-6],[12,-60],[37,11],[19,-25],[3,-106],[35,-88],[26,-27],[48,22],[65,-5],[37,-22],[18,-51],[33,-50],[58,36],[73,-103],[6,-55],[-26,-88],[24,-59],[9,-72],[-15,-36],[6,-40],[25,-36],[0,-35],[29,-98],[25,-9],[16,-54],[-29,-115],[20,-61],[18,-100],[28,-212],[29,-78],[34,-47],[31,-165],[25,-31],[1,-46],[-17,-64],[-35,-70],[0,-44],[25,-80],[5,-55],[-183,-826],[-41,-43],[-20,-88],[-46,-91],[-11,-57],[-31,-62],[-27,-161],[-39,-25],[-49,-118],[-22,-78],[-12,-102],[-25,-91],[2,-63],[14,-17],[-34,-89],[-4,-72],[-62,-76],[-26,-96],[-30,-68],[-3,-62],[-26,-50],[-45,-38],[22,-66],[4,-51],[-16,-48],[-26,-17],[-11,-48]],[[65968,16034],[-39,-105],[-37,-59],[-68,-56],[-83,-13],[-58,-76],[-80,-1],[-67,41],[-38,-28],[-49,-80],[-52,-29],[-40,-92],[-20,-20],[-77,-39],[-68,-84],[-30,-97],[1,-152],[-17,-26],[-94,-11],[-32,-19],[-15,-64],[82,-206],[15,-30],[7,-58],[-12,-22],[-65,10],[-40,-33],[1,-156],[6,-53],[30,-75],[59,-71],[10,-24],[2,-94],[13,-83],[-23,-40],[-28,-12],[-30,16],[-20,65],[-28,-30],[-7,-50],[18,-27],[63,-31],[27,3],[42,41],[34,-11],[13,-120],[-14,-66],[-24,-28],[-35,9],[-20,61],[-4,70],[-38,-1],[-8,-66],[-19,-56],[-32,-7],[-59,78],[-46,19],[-20,69],[-26,46],[-81,43],[-38,59],[-8,59],[-34,29],[-51,-3],[-28,14],[-13,41],[-9,134],[-20,6],[-41,-51],[-49,-15],[-23,31],[-8,60],[41,13],[19,25],[40,93],[21,97],[9,110],[-8,46],[-57,85],[-50,107],[-41,132],[-33,25],[-65,25],[-47,79],[-33,69],[-50,31],[-85,84],[-94,57],[-32,45],[-37,109],[-20,7],[-43,-33],[-18,-44],[29,-105],[-15,-35],[-38,-5],[-57,27],[-60,89],[-88,-16],[-79,-26],[-41,2],[-31,35],[-61,98],[-24,129],[-37,64],[-87,55],[-24,28],[-18,85],[4,38],[23,39],[30,21],[59,16],[6,26],[-37,51],[-125,61],[-28,-6],[-24,-34],[-11,-70],[-31,-18],[-22,26],[-10,90],[27,74],[-14,57],[-54,-6],[-44,-22],[-31,13],[-12,54],[4,68],[-48,19],[-48,-33],[-14,-28],[-15,-91],[4,-46],[38,-68],[1,-31],[-37,-19],[-55,19],[-14,73],[45,93],[-16,32],[-62,0],[-35,26],[-36,-6],[-43,-48],[-28,2],[-38,36],[-27,57],[-37,8],[-42,-52],[-20,-169],[-24,-13],[-24,18],[-42,98],[-27,27],[-48,-16],[-63,-75],[-59,-41],[-64,-62],[-56,-35],[-90,-4],[-30,-9],[-88,-69],[-42,-17],[-42,17],[-13,29],[-26,152],[-21,70],[-19,206],[-22,67],[-27,41],[-28,77],[-28,144],[-30,57],[-63,42],[-39,-13],[-106,-119],[-56,-116],[-100,-145],[-52,-94],[-22,-104],[7,-168],[20,-198],[35,-80],[24,-30],[48,-26],[46,-3],[69,21],[81,81],[53,41],[99,22],[90,-16],[62,-40],[22,-60],[-5,-119],[-20,-124],[-24,-67],[-70,-67],[-72,-39],[-117,-85],[-95,-17],[-64,-22],[-100,-24],[-127,-22],[-37,6],[-40,33],[-131,76],[-114,55],[-99,25],[-60,-6]],[[60525,15567],[1,42],[-30,-5],[-42,23],[-13,57],[34,78],[87,5],[37,-16],[32,31],[-9,65],[-41,63],[9,39],[-8,53],[-53,73],[2,83],[-13,19],[12,74],[-25,34],[-35,6],[-34,32],[-20,-37],[22,-46],[-46,-36],[-17,23],[11,80],[-10,36],[-42,54],[60,88],[-15,94],[-39,9],[-28,24],[-25,-24],[-21,35],[-61,15],[-27,31],[-29,-6],[-22,38],[7,60],[-29,40],[23,41],[-5,93],[-26,129],[-29,19],[-38,59],[-6,46],[-19,16],[-25,67],[26,16],[1,47],[22,82],[-22,31],[7,30],[37,16],[11,68],[-24,18],[-17,41],[14,67],[-43,30],[-53,100],[-44,21]],[[59895,17838],[-12,79],[-21,31],[-12,80],[7,69],[2,111],[13,78],[-18,45],[-27,8],[-16,39],[8,38],[86,-8],[45,62],[-11,70],[29,79],[-6,42],[44,-8],[-4,73],[23,123],[26,33],[16,70],[-6,67],[-36,64],[-200,259],[-12,88],[1,134],[-8,33],[1,199],[7,51],[-12,95],[-44,68]],[[59758,20010],[13,39],[-7,52],[53,19],[32,-30],[56,34],[67,-24],[40,-55],[65,-61],[25,30],[15,65],[-25,89],[2,54],[22,25],[56,17],[9,37],[24,18],[16,-49],[24,-5],[31,38],[18,52],[-12,40],[-5,152],[-22,50],[26,54],[38,-2],[60,-134],[17,36],[39,4],[49,32],[20,86],[23,12],[27,-57],[24,8],[34,-62],[-5,-85],[19,-36],[-26,-45],[22,-55],[29,6],[25,30],[18,-66],[0,-51],[-20,-38],[46,-50],[32,46],[31,23],[48,8],[17,-26],[30,17],[43,48],[-54,5],[-38,31],[-11,110],[16,51],[-24,122],[12,51],[56,13],[-13,45],[-39,51],[-32,-55],[-39,23],[4,87],[-67,-57],[-23,-1],[-24,32],[38,34],[-17,103],[-23,66],[-37,14],[-31,29],[-62,19],[-67,39],[-1,71],[-22,42],[21,47],[-9,41],[-8,143],[15,16],[62,-95],[51,-6],[59,93],[-4,43],[-21,13],[-49,-12],[11,79],[-21,28],[9,34],[65,-16],[39,12],[-15,-51],[10,-53],[52,-58],[4,-25],[97,-70],[25,43],[-33,114],[14,22],[27,-31],[5,68],[22,10],[31,-34],[4,50],[25,5],[20,46],[-19,63],[-56,22],[-47,7],[-16,50],[1,73],[77,49],[79,107],[11,44],[-21,80],[-19,30]],[[19156,20008],[-50,50],[-43,30],[31,34],[85,-49],[21,23],[34,93],[-5,19],[-64,76],[-16,65],[49,73],[-3,29],[-35,7],[-56,-73],[-35,80],[-21,9],[-61,-68],[-60,54],[-39,59],[-3,64],[62,30],[2,97],[16,27],[40,6],[57,-11],[17,-34],[-10,-100],[39,-40],[27,3],[44,71],[-11,44],[-69,37],[-10,35],[5,81],[-15,49],[-18,0],[-76,66],[-15,88],[-31,42],[-32,-24],[-36,-77],[-44,70],[10,60],[19,12],[47,78],[5,41],[-13,62],[34,30],[46,-24],[34,24],[-73,85],[-93,5],[-29,11],[-28,56],[-25,23],[6,32],[73,39],[32,77],[3,64],[-26,20],[-63,-24],[-45,6],[-25,44],[19,54],[-5,35],[-40,89],[66,-19],[82,5],[74,-51],[26,-3],[31,44],[33,130],[26,11],[3,37],[-56,115],[-68,-3],[-15,13],[-12,142],[35,70],[33,10],[19,-16],[51,-86],[42,-6],[25,47],[7,129],[29,-2],[15,-40],[2,-73],[-33,-80],[30,-34],[88,-20],[23,8],[40,48],[43,26],[-15,77],[-49,95],[-37,0],[-20,-39],[-21,12],[-13,63],[-22,54],[-13,65],[16,70],[62,12],[51,-40],[49,-5],[51,26],[40,-69],[15,-85],[20,-49],[36,-22],[14,63],[-38,102],[-21,132],[-39,29],[-65,-4],[-28,12],[-21,61],[-27,28],[-62,17],[-88,-26],[-11,25],[18,71],[30,203],[-21,18],[-27,-23],[-37,-90],[-28,-33],[-68,-21],[-26,15],[0,88],[43,16],[11,23],[-43,60],[-23,110],[-39,98],[34,108],[28,-5],[54,-66],[29,23],[3,53],[-21,55],[-41,55],[-10,54],[36,159],[-22,66],[-68,8],[-54,42],[-10,-142],[-42,-77],[-18,0],[-30,53],[-23,74],[46,128],[-10,45],[-39,4],[-46,-82],[-62,-3],[-2,42],[22,85],[-24,36],[-9,44],[47,-2],[52,40],[-12,81],[-24,31]],[[18667,24392],[5,36],[71,56],[54,-93],[44,-27],[70,-70],[52,16],[33,-18],[71,13],[62,31],[49,-16],[66,-2],[18,69],[54,1],[69,-55],[204,157],[210,171],[7,42],[22,24],[53,-2],[23,47],[45,3],[20,43],[-14,45],[11,44]],[[22264,22459],[-15,-4],[-33,-56],[-50,-17],[-91,11],[-48,-31],[-30,-42],[-71,-29],[-52,-10],[-68,39],[-42,6],[-28,-43],[-11,48],[-50,-14],[-19,16],[-63,4],[23,-58],[-24,-19]],[[17291,25619],[34,-6],[66,-46],[88,-25],[41,-30],[13,-108],[21,-48],[26,41],[-10,149],[-17,98],[0,40],[18,85],[29,46],[27,20],[60,-71],[49,-12],[40,42],[-37,109],[20,17],[46,-45],[38,-9],[76,49],[26,-8],[47,-97],[48,-31],[37,18],[3,66],[18,35],[38,3],[2,-36],[-30,-84],[4,-27],[53,0],[43,-35],[-43,-153],[-23,-42],[-19,-1],[-82,42],[-39,-20],[47,-71],[15,-59],[-2,-62],[-35,-23],[-61,0],[-2,-21],[55,-43],[24,-33],[41,-185],[23,-43],[18,-2],[27,79],[5,92],[-20,93],[19,32],[51,9],[21,26],[-7,127],[13,58],[17,2],[31,-77],[29,-148],[37,-4],[3,78],[39,73],[57,-11],[9,-41],[-33,-42],[-5,-48],[67,-32],[7,-48],[-52,-19],[-13,-33],[2,-69],[25,-99],[-3,-41],[-56,-118],[3,-47],[18,-22],[-5,-63],[1,-149],[18,-74],[20,4],[58,70],[74,-74],[23,-48],[38,-48],[24,1]],[[19287,18803],[-28,28],[-26,-2],[-116,-42],[-81,98],[-52,-1],[-49,39],[-30,-4],[-86,27],[-17,42],[-36,17],[-68,-10],[-62,20],[-52,72],[-29,8],[-221,163],[-54,11],[12,46],[-43,39],[-103,-9],[-42,31],[-74,71],[-42,-1],[-3,29],[-71,115],[7,66],[-23,101],[-35,33],[-40,0],[-65,-38],[-46,27],[-8,32],[-52,17],[-11,58],[-58,46],[-35,68],[-23,11],[-24,98],[-13,19],[-30,116],[-32,-1],[-31,30],[-28,-18],[-41,40],[-47,11],[1,40],[-19,18],[15,69],[-15,18],[3,87],[-20,21],[-6,88],[-17,91],[13,40],[-63,69],[-19,31],[6,69],[-24,31],[-62,22],[-35,132],[0,28],[38,113],[31,29],[-24,77],[28,36],[7,67],[-19,14],[-77,11],[0,68],[-12,23],[-34,-8],[-34,25],[-26,-55]],[[90729,24092],[111,-109],[12,-90],[54,-63],[25,-1],[61,-38],[34,-1],[42,-66],[53,-45],[23,-42],[41,-4],[36,-61],[40,14],[52,-31],[43,-4],[38,-48],[-1,-45],[-18,-35],[30,-17]],[[91405,23406],[21,-67],[30,-53],[-13,-88],[29,-66],[42,-3],[38,-23],[67,-64],[57,-68],[40,-33],[35,22],[81,12],[54,-31],[46,43],[-2,64],[36,39],[26,52],[55,0],[12,53],[30,38],[-13,82],[-33,40],[-15,-19],[-42,67],[-22,8],[-24,93],[1,35],[-19,60],[-44,23],[-3,48],[15,70],[18,29],[50,38],[69,-22],[37,-63],[47,16],[49,52],[12,36],[40,0],[10,81],[-40,59],[11,105],[60,89],[29,-18],[46,16],[52,54],[735,-321],[10,-7]],[[93125,23884],[-51,-126],[-125,-333],[-32,-73],[-157,-438],[-53,-133],[-101,-300],[-29,-104],[-67,-195],[-49,-155],[-68,-199],[-75,-239],[-23,-95],[5,-79],[32,-21],[-11,-62],[-52,-174],[-28,-123],[-15,-116],[-2,-81],[-12,-79],[19,-59],[26,-17],[-6,-55],[-27,-5],[-55,65],[-37,-21],[-76,-82],[-26,-9]],[[95610,29137],[-59,-118],[16,-67],[11,-89],[24,-91],[53,-57],[23,-127],[-2,-108],[5,-216],[10,-82],[18,-78],[28,-72],[27,-24],[59,-6],[44,39],[49,-4],[39,13],[15,-47],[-27,-29],[-6,-47],[29,-72],[-30,-42],[-20,16],[-45,-64],[-35,-94],[4,-34],[-40,-88],[-5,-100],[49,-60],[-19,-39],[-25,19],[-23,-37],[-109,-108],[-7,-29],[-58,-57],[-92,-224],[-32,-20],[-493,-6]],[[94986,26888],[25,25],[57,129],[33,127],[-1,105],[-49,85],[-110,157],[-85,145],[-84,158],[-55,71],[-45,-1],[-58,-27],[-102,-64],[-33,-9],[-98,-61],[-11,-17],[-75,-34],[-60,-4],[-97,-23],[-57,12],[-126,-48],[-74,14],[-56,34],[-107,49],[-14,-8],[-143,93],[-33,0],[-20,36],[-70,38],[-48,5],[-38,49],[-25,-2],[-50,-58],[-13,-49],[-4,-251],[-11,-37],[-80,-78],[-13,-60],[30,-72],[42,-37],[5,-58],[-23,-22],[-53,-11],[-34,-45],[-11,-141],[-39,-31],[-47,44],[-67,-33],[-54,-5],[-20,-43],[2,-51],[17,-45],[31,-25],[54,3],[51,19],[22,-28],[44,-190],[-21,-23],[-70,74],[-35,17],[-37,-15],[-26,-62],[7,-69],[63,-86],[24,-61],[26,-36],[-16,-47],[-66,3],[-60,-41],[5,-57],[52,-9],[27,-37],[27,-99],[30,-39],[33,1],[32,-26],[-7,-52],[-25,-35],[-40,-9],[-39,9],[-106,62],[-42,-18],[-35,-49],[-23,-2],[-51,48],[-53,5],[-67,-39],[-37,-6],[-16,-59],[18,-37],[61,-49],[81,-42],[52,-56],[29,-48],[16,-61],[10,-84],[-8,-85],[-20,-41],[-74,-31],[-77,-70],[-31,-44],[-49,-14],[-23,-36],[-4,-67],[14,-85],[25,-80],[-26,-34],[-85,213],[-196,502],[-51,-69],[-27,-58],[-66,-37],[-51,-16],[-49,21],[-27,-19],[-80,37],[-43,5],[-74,-47],[-38,-8],[-43,-97],[-19,-11],[-77,22],[-31,-33],[-38,29],[-70,-16],[17,-71],[-8,-35],[26,-102],[-11,-38],[-2,-70],[7,-84],[-1,-159],[33,-42],[63,-48],[52,5],[65,-54],[5,-43],[-24,-12],[-36,-119],[-39,-105],[20,-104],[17,-2],[6,-72],[-36,-30],[-26,-48],[-4,-113],[-8,-63],[-106,-248],[-65,-190],[-29,-62]],[[55823,18475],[-73,-9],[-74,28],[-57,-3],[-73,28],[-93,94],[-80,13],[-47,22],[-25,29],[-36,95],[-57,78],[-40,77],[-150,90],[-86,107],[-57,57],[-117,76],[-7,36],[7,152],[-14,83],[0,57],[16,100],[-39,111],[-27,145],[4,69],[16,87],[38,32],[30,52],[3,33],[-29,128],[-24,48],[-96,61],[-30,227],[14,98],[-33,64],[-92,80],[-19,56],[1,69],[-38,20],[-19,-41],[-62,-16],[-29,28],[-8,49],[11,56],[-16,57],[-2,103],[7,35],[-4,78],[3,99],[-41,15],[-10,25],[1,69],[36,49],[40,32],[52,139],[26,-6],[71,42],[33,0],[31,71],[55,69],[50,-41],[89,2],[58,51],[35,-1],[54,39],[36,-20],[30,6],[17,77],[38,16],[45,-3],[26,45],[33,6],[-44,114],[-13,94],[-36,129],[9,45],[98,143],[33,65],[45,19],[15,58],[37,29],[56,-17],[21,-44],[54,-30],[16,14],[47,120],[18,99],[53,111],[6,50],[19,29],[47,10],[83,3],[33,53],[5,59],[-10,54],[-33,77],[-11,200],[29,125],[-10,47],[-66,41],[-36,86],[-2,32],[-36,98],[-6,37],[5,190],[-4,120],[-38,103]],[[55509,24558],[1884,-2295],[34,-139],[31,18],[39,-5],[27,-36],[30,-10],[81,-70],[14,2],[50,-58],[22,-4],[29,48],[24,-29],[51,-13],[-1,-26],[26,-62],[33,-24],[10,-74],[21,-20],[47,58],[-15,41],[48,54],[17,34],[34,5],[-6,-42],[38,-59],[29,26],[40,-79],[13,-65],[3,-64],[21,-55],[45,-37],[-4,-68],[48,-40],[4,-50],[-14,-45],[33,-19],[6,38],[42,39],[17,-30],[8,-54],[44,-24],[0,-34],[-40,-35],[-7,-24],[34,-38],[-10,-23],[21,-73],[29,-68],[19,-11],[22,36],[36,-7],[85,20],[33,-15],[42,-47],[20,16],[-30,117],[28,27],[10,-57],[38,-38],[29,58],[24,-56],[-25,-61],[1,-33],[30,-29],[30,4],[10,108],[25,-16],[19,-51],[3,-79],[-19,-54],[26,-37],[48,-25],[-9,-35],[-72,-37],[12,-26],[91,-29],[27,-84],[46,48],[130,26],[4,-61],[-60,-47],[9,-69],[42,-74],[87,6],[6,65],[34,19],[53,-52],[18,-32],[-11,-32],[-42,-33],[3,-41],[64,3],[27,84],[50,-66],[45,-94],[5,-57],[35,19],[-1,39],[47,26],[6,-64],[19,-52],[-46,-44],[3,-52],[85,-30],[21,40],[6,49],[41,-6],[40,-97]],[[59895,17838],[-56,-32],[-9,-47],[-24,16],[-37,-46],[-55,52],[1,52],[58,50],[14,61],[-36,25],[18,41],[-48,17],[-23,-33],[-23,79],[-19,2],[-32,-54],[-37,-34],[-58,-28],[-25,-47],[-2,-65],[-24,-58],[-13,-74],[-16,-18],[18,-60],[-20,-74],[-28,13],[-56,-42],[-47,-3],[-16,-34],[-45,-19],[3,-68],[-17,-31],[-44,-28],[-29,-166],[-36,-89],[-38,-28],[-27,-46],[-63,73],[-51,83],[-19,54],[1,41],[-71,47],[-62,-7],[-46,40],[-46,102],[-40,42],[-27,-63],[18,-33],[-12,-57],[-66,4],[-29,-10],[10,-83],[-37,3],[-52,78],[-47,31],[-43,-7],[1,-27],[-24,-51],[-30,-4],[-17,-44],[-120,14],[-39,-14],[8,-83],[-14,-42],[-43,7],[4,92],[-25,62],[-41,-42],[-54,-21],[-59,45],[-51,-26],[-44,21],[-48,-6],[-29,27],[-27,-31],[-22,15],[-34,-18],[-24,47],[-46,-7],[-16,-26],[-32,-93],[-22,7],[-61,-32],[-60,27],[-43,62],[-56,-54],[-28,-6],[-20,47],[-43,-31],[-31,24],[-37,-32],[-42,11],[-14,23],[-41,-87],[-27,-30],[-7,-54],[-66,12],[-24,-8],[5,66],[-34,9],[-55,-50],[3,-67],[-26,-49],[-40,18],[-85,-1],[-100,-57],[-18,-71],[33,-58],[-21,-31],[1,-41],[26,-13],[-25,-83],[30,-37],[-20,-36],[-11,-89],[-17,-16],[9,-108],[-3,-35],[10,-111],[-12,-137],[-22,-28],[-49,-29],[-19,-42],[-33,-33],[-11,-44],[-28,-49]],[[55509,24558],[-26,1],[-51,46],[-21,59],[-42,73],[-20,17],[-33,105],[-25,31],[14,38],[-47,108],[-21,220],[-19,53],[8,92],[-54,25],[-43,0],[-44,-20],[-27,29],[1,30],[-24,40],[-22,74],[35,161],[52,94],[48,34],[35,61],[3,49],[-72,120],[-3,53],[-44,-45],[-59,36],[-46,-19],[-16,12],[-3,83],[-31,78],[-55,76],[-39,71],[-43,49],[8,63],[-10,107],[14,49],[29,20],[18,60],[35,0],[12,30],[48,28]],[[45485,16980],[12,86],[15,35],[61,37],[69,3],[54,-45],[50,-18],[114,0],[140,40],[41,25],[19,64],[-13,91],[-19,56],[-27,116],[30,39],[94,93],[42,-3],[105,-53],[145,-133],[53,-35],[60,0],[44,37],[111,153],[9,31],[-26,75],[-44,65],[-13,51],[29,82],[32,26],[69,5],[40,-15],[110,-60],[117,-34],[38,20],[84,129],[53,154],[85,124],[19,78],[-35,93],[7,83],[47,72],[53,62],[70,60],[56,69],[42,22],[52,122],[30,43],[44,-7],[63,-83],[18,-79],[16,-149],[-12,-62],[-25,-53],[9,-63],[32,-46],[54,0],[23,26],[44,10],[51,-27],[37,-37],[40,-69],[30,-70],[46,17],[45,52],[30,66],[26,33],[109,69],[16,46],[-4,60],[-28,62],[-39,182],[-4,46],[16,47],[44,19],[53,-43],[38,-56],[48,9],[42,106],[38,-7],[111,-90],[-2,-99],[-43,-85],[-7,-40],[0,-109],[12,-66],[-5,-96],[11,-43],[42,-10],[63,30],[35,148],[-9,172],[26,20],[144,-101],[64,-14],[39,69],[38,24],[75,-1],[13,55],[-17,117],[-12,44],[-49,87],[3,69],[36,35],[53,-32],[75,-20],[63,35],[-6,49],[-54,61],[-32,76],[-26,34],[-36,91],[-7,132],[-10,53],[14,45],[37,13],[88,-2],[63,-74],[71,-29],[105,91],[-3,66],[-87,29],[-85,71],[0,63],[20,37],[87,27],[21,43],[96,-5],[38,11],[19,56],[5,82],[-9,62],[51,143],[5,45],[36,38],[31,3],[21,-27],[46,-17],[35,21],[-19,115],[-43,46],[29,28],[45,6],[41,30],[47,113],[20,29],[37,20],[23,40],[-28,102],[38,43],[-17,37],[-23,124],[41,150],[38,22],[76,6],[40,-58],[100,-76],[-2,-35],[33,-21]],[[50278,21032],[101,-62],[35,45],[19,155],[-4,44],[15,43],[-13,159],[-19,47],[9,22],[51,37],[36,-5],[9,26],[-18,83],[22,66],[11,118],[40,77],[13,111],[10,24],[34,-29],[31,-58],[77,-61],[72,-4],[41,-61],[46,-28],[22,-44],[4,-40],[25,-26],[65,78],[77,41],[33,9],[-2,74],[-56,117],[32,122],[6,108],[-7,127],[19,37],[43,21],[41,-22],[28,-62],[-31,-176],[46,-40],[29,-4],[45,16],[18,69],[51,-5],[50,63],[59,-1],[28,20],[35,101],[21,11],[-6,96],[18,16],[34,-19],[14,-41],[23,-9],[71,26],[16,-51],[46,34],[30,7],[10,29],[-28,127],[-32,26],[-16,37],[33,45],[20,-3],[11,-44],[51,-6],[44,-52],[67,5],[17,-57],[22,-8],[24,-50],[13,54],[31,-2],[14,27],[-30,86],[-26,134],[10,24],[78,-21],[23,23],[4,42],[76,39],[58,-50],[11,103],[-64,22],[-10,50],[-50,56],[18,46],[54,20],[36,-36],[41,-12],[21,-55],[29,-15],[78,5],[60,17],[11,-34],[-23,-91],[-21,-29],[-48,29],[-11,-42],[115,-44],[47,-3],[70,-70],[0,-58],[39,0],[37,-38],[60,17],[28,20],[50,-4],[13,-19],[-21,-48],[17,-21],[33,31],[64,163],[-24,72],[50,53],[85,-11],[10,61],[-13,68],[12,51],[-24,36],[-39,19],[11,56],[-9,47],[-22,25],[21,55],[24,24],[3,84],[19,13],[-7,61],[34,50],[-7,96],[7,74],[73,-48],[57,51],[72,42],[20,29],[24,93],[-8,28],[37,30],[26,-8],[26,28],[2,43],[26,-5],[39,-61],[24,43],[49,13],[-10,38],[39,37],[33,-4],[-12,48],[33,0],[31,-50],[138,32],[49,67],[-8,55],[-25,7],[-12,39],[58,3],[128,-65],[92,40],[30,-68],[32,-107],[19,-29],[45,-8],[31,-66],[67,-9],[51,55],[7,97],[33,26],[9,-38],[49,3],[14,-34],[52,-36],[51,24],[17,-5],[47,100],[-8,99],[7,48],[-13,22],[-14,106],[6,106],[30,9],[5,48],[40,40],[-37,89],[21,69],[69,-7],[34,-62],[21,-19],[40,3],[32,23],[52,-17],[31,21],[35,63],[-1,94],[64,88],[81,20],[33,-37],[8,-59],[85,-143],[17,-52],[1,-91],[82,-75],[71,-4],[50,13]],[[50278,21032],[21,47],[21,84],[-29,34],[0,44],[-84,34],[13,81],[36,24],[-85,96],[18,13],[-4,62],[14,57],[-20,58],[-55,-6],[-22,22],[-17,55],[3,144],[11,81],[-24,23],[-1,35],[-48,0],[-49,64],[10,25],[-27,53],[-40,-27],[-7,46],[-25,28],[-65,23],[-59,50],[4,111],[-61,4],[-64,63],[-47,-15],[-16,11],[-11,108],[-65,90],[39,17],[-12,88],[-25,40],[-3,64],[-14,28],[25,30],[-11,40],[-72,70],[-40,107],[-2,59],[-46,73],[-25,15],[8,37],[-12,56],[13,36],[51,77],[0,70],[47,54],[51,82],[12,75],[-43,92],[26,101],[166,457],[3,56],[-58,110],[-32,22],[-10,33],[-40,33],[-12,51],[-24,11],[-69,-10],[-32,15],[-1,59],[-15,51],[-42,44],[-77,133],[12,32],[-6,67],[-35,-1],[-32,43],[0,58],[-62,27],[-11,39],[-27,27],[-9,44],[-24,-1],[-21,29],[-62,22],[-31,25],[-105,24],[-49,45],[-30,14]],[[9078,36683],[-1206,0],[-1,242],[-24,9]],[[7847,36934],[57,1317],[-1466,-112],[394,2098]],[[6832,40237],[211,-73],[-6,-40],[365,-141],[118,385],[279,-355],[29,-34],[208,344],[48,-23],[37,-84],[-12,-59],[34,-35],[48,42],[28,-10],[69,15],[5,-24],[-36,-80],[29,-32],[685,4],[108,134],[31,20],[47,5],[49,-32],[25,-44],[-13,-26],[-49,-48],[-21,-81],[13,-12],[50,13],[57,-53],[26,-11],[0,-52],[-44,-51],[3,-30],[97,-20],[46,-18],[-42,-58],[-47,-36],[-58,5],[22,-102],[50,-10],[30,25],[36,6],[37,-16],[-39,-68],[-58,-45],[9,-25],[78,-43],[27,-42],[-5,-106],[21,-35],[59,-11],[27,-75],[33,-57],[48,-22]],[[37228,95292],[12,36],[-2,99],[-21,73],[-65,141],[-36,90],[-29,123],[-16,32],[-26,139],[0,43],[-39,96],[-21,29],[-17,67],[9,49],[6,113],[-20,41],[-22,10],[-30,65],[7,72],[-18,74]],[[36900,96684],[44,13],[239,120],[51,35],[103,98],[15,80],[-18,302],[-46,193],[-31,231],[-9,125],[1,106],[23,279],[62,289],[66,176],[13,54]],[[37413,98785],[377,-559],[-50,-159],[177,-244],[227,-307],[188,-259],[98,-139],[75,-100],[59,211],[53,244],[48,205],[593,-77],[322,21],[81,33]],[[39207,96168],[-28,-29],[-35,-5],[-54,-30],[-12,-23],[-68,-37],[-3,-22],[40,-60],[-9,-79],[-34,-43],[-85,-35],[-47,3],[-23,-38],[1,-50],[41,-73],[11,-77],[80,-62],[5,-115],[-27,-85],[0,-41],[33,-78],[-5,-50],[-61,-60],[-27,-61],[-28,-39]],[[29078,83466],[-41,-18],[-37,-71],[-23,-65],[-8,-73],[-45,-19],[-25,16],[-65,2],[-22,-58],[-39,-26],[59,-30],[10,-26],[7,-91],[43,-106],[37,-58],[21,-56],[145,-236],[-217,-92],[-3,-32],[-2,-252],[-12,-115],[-4,-119],[-76,-52],[-22,-26],[-57,-11],[-107,-56],[-78,-17],[-70,-37],[-25,-42],[-32,-79],[-12,-77],[-43,-80],[-55,4],[-41,-18],[-102,-11]],[[26629,82108],[27,82],[30,24],[75,10],[-12,44],[-28,47],[23,84],[12,133],[37,156],[-2,178],[18,46],[17,130],[57,31],[39,56],[27,10],[21,-23],[76,45],[13,24],[100,-5],[16,20],[72,-1],[55,8],[11,29],[57,37],[11,36],[50,34],[34,78],[67,88],[13,80],[18,17],[35,144],[24,36],[14,50],[-9,66],[19,84],[-32,163],[208,-19],[5,92],[179,-19],[40,120],[1,39],[29,49],[0,51],[21,26],[18,111],[20,34],[26,115],[0,111],[32,34],[24,119],[-13,84],[9,107],[18,27],[-11,36],[42,99],[-3,86],[43,103],[6,52],[30,63],[-10,24],[18,60],[21,34],[-17,24],[17,45],[-7,46]],[[25605,82771],[51,-30],[31,22],[52,2],[2,29],[36,43],[8,62],[-8,93],[17,122],[38,23],[89,-30],[8,34],[-10,62],[-21,45],[4,96],[-26,59],[-34,16],[21,124],[-47,143],[4,131],[15,95],[31,73],[26,32],[43,91],[44,49],[27,91],[-2,96],[6,58],[-10,66],[-30,77],[-47,279],[-19,75],[8,107],[-16,66],[-6,66],[7,108],[-23,121],[9,88],[2,111],[-20,75],[-4,63],[-22,50],[4,54],[-8,50],[0,84],[-18,128],[-9,28],[19,156],[-6,65],[-20,114],[-9,98],[10,184],[20,44],[13,78],[61,32],[60,105],[66,239],[1,94],[8,48],[27,67],[58,77],[190,434],[22,-5],[57,-65],[56,-6],[27,-14],[68,-72],[134,-56],[72,8],[60,-87],[34,-24],[31,-60],[48,-16],[64,-123],[28,-35],[36,-18],[31,-77],[23,-33],[60,-46],[21,-30],[15,-56],[46,124],[35,15],[6,112],[24,42],[40,40],[21,37],[10,57],[18,11],[28,75],[25,21],[47,95],[39,21],[16,30],[10,74],[20,50],[10,72],[87,131],[-1,87],[23,107],[34,15],[15,28]],[[27746,88362],[32,-8],[25,28],[69,22],[73,-7],[21,-18],[106,-43],[110,13],[29,-38],[96,-94],[79,-67],[50,-66],[66,-130],[61,-85],[101,-92],[23,-40],[20,-73],[-10,-115],[75,-147],[26,-70],[44,-65],[14,-139],[15,-28]],[[39803,59858],[-35,-4],[-25,-147],[4,-26],[55,-80],[-38,-82],[-21,-10],[-30,29],[-26,82],[-33,79],[-39,58],[-55,24],[-20,-22],[-47,-97],[20,-42],[65,-11],[40,-91],[8,-57],[2,-135],[-5,-108],[-57,-14],[-27,38],[-11,57],[9,64],[23,83],[-15,13],[-52,-41],[-45,13],[-58,46],[-19,-13],[-19,-49],[-1,-47],[18,-164],[-34,-58],[-22,6],[-34,41],[-43,85],[-52,52],[-76,163],[-35,34],[-59,23],[-23,-21],[1,-61],[29,-66],[33,-53],[-19,-89],[-62,-41],[-23,-26],[9,-78],[-63,40],[-24,55],[10,43],[-22,59],[14,44],[-14,27],[-43,-9],[-47,40],[-35,-23],[-33,71],[-96,26],[-46,-9],[2,-54],[-12,-51],[23,-106],[-35,-1],[-17,-42],[-52,35],[-19,-21],[-30,31],[27,104]],[[38447,59374],[-65,10],[-61,51],[-96,-7],[-52,-41],[-60,-4],[-63,54],[-37,58],[-55,11],[-30,-16],[-18,-33],[-60,1],[-37,18],[-23,39],[-27,-21],[-59,-20],[-38,-53],[-51,33],[-47,48],[-33,53],[-8,113],[15,68],[-89,164],[-20,-161],[-47,124],[-52,69],[-72,-32],[-104,35],[-17,-10],[-46,32],[-79,-3],[-37,-30],[-52,-18],[-75,54],[-53,-2],[-23,-20],[-83,34],[-24,45],[-75,71],[-35,-46],[-214,37]],[[36345,60079],[-28,153],[-40,189],[-16,13]],[[36261,60434],[31,51],[41,40],[18,67],[20,19],[60,3],[51,28],[44,4],[55,-25],[46,-39],[17,-51],[26,-26],[32,-7],[43,-42],[93,-23],[18,17],[92,-68],[66,-1],[55,-43],[43,11],[41,-15],[8,84],[16,-3],[61,-58],[-9,-40],[8,-68],[57,-7],[11,16],[6,108],[27,15],[42,-36],[-5,-38],[10,-58],[17,-34],[2,-73],[20,-62],[-6,-98],[71,-9],[15,-23],[47,4],[83,-35],[15,-58],[35,-80],[19,34],[43,-10],[36,22],[-14,41],[12,37],[0,57],[24,-4],[8,-41],[56,-22],[4,-31],[-17,-53],[47,19],[46,-17],[28,38],[41,-3],[-2,85],[-19,71],[-27,-2],[-32,42],[-9,32],[-40,61],[-26,60],[-9,83],[5,94],[-21,46],[-25,103],[6,123],[25,72],[111,164],[-42,81],[7,46],[-9,120],[78,8],[96,-73],[48,38],[20,93],[7,68],[65,-6],[46,26],[74,-17],[59,-4],[38,-75],[22,13],[10,69],[33,63],[33,30],[43,2],[54,33],[41,47],[32,13],[26,64],[106,10],[57,-10],[33,26],[9,65],[2,100],[-26,47],[21,61],[-685,1831],[3,-50],[-13,-39],[-45,-21],[12,-71],[-54,31],[-43,-3],[-35,-42],[11,-48],[58,-44],[20,-38],[-34,-11],[-37,34],[-33,-7],[-13,38],[-30,16],[-6,-72],[22,-66],[-30,-32],[-48,39],[-15,-51],[12,-96],[-34,15],[-19,-30],[4,-55],[24,-21],[12,-54],[30,-22],[4,-59],[-22,-44],[-29,2],[-59,-27],[-88,27],[-22,20],[-54,-25],[-23,47],[-74,-34],[-13,-46],[-46,-37],[-101,88],[-95,90],[-93,-140],[-21,106],[-71,84],[-62,58],[-55,96],[-4,45],[-26,49],[-63,84],[-22,2],[-20,64],[-24,41]],[[36888,63442],[-41,91],[0,50],[29,-13],[18,76],[-34,65],[-9,73],[41,3],[23,18],[-31,40],[13,67],[37,21],[-9,63],[28,-5],[-11,64],[55,0],[-17,69],[7,52],[-34,-4],[-8,-38],[-38,49],[24,35],[15,58],[-9,50],[29,41],[36,-24],[9,54],[20,40],[90,14],[2,38],[-49,32],[-18,73],[39,45],[15,36],[42,-20],[9,32],[-50,72],[25,29],[33,-11],[38,-44],[47,11],[-10,67],[-37,36],[25,57],[50,-12],[-15,50],[30,48],[45,11],[-37,60],[-27,24],[-35,-14],[3,66],[65,-2],[45,-36],[47,31],[36,-3],[16,40],[-29,37],[13,27],[39,-18],[40,-2],[35,47],[-4,63],[24,1],[22,-34],[71,15],[-49,147],[58,42],[26,45],[-5,36],[75,-41],[16,-33],[22,83],[-9,46],[27,26],[35,-42],[50,-16],[25,-53],[22,41],[-24,47],[37,43],[-2,40],[-43,8]],[[37927,65722],[-20,59],[20,70],[58,-16],[40,2],[1,81],[47,48],[33,13],[-7,32],[32,22],[-29,50],[65,93],[36,-74],[-21,-73],[1,-31],[31,-8],[37,-85],[13,10],[14,91],[-8,79],[69,35],[3,42],[-26,41],[30,28],[23,-31],[18,25],[36,-33],[27,15],[79,-26],[-7,60],[-22,2],[-25,62],[4,22],[76,-12],[33,-53],[31,-24],[17,-54],[27,23],[-16,117],[40,-46],[19,3],[14,77],[-30,28],[18,36],[33,26],[1,28],[-47,13],[35,63],[33,-32],[83,-29],[46,24],[-19,82],[-68,116],[-5,56],[70,19],[24,-30],[28,-7],[33,17],[34,-8],[48,-83],[46,-94],[-37,-54],[-9,-56],[-42,-16],[-23,-49],[42,-43],[-29,-58],[-40,-3],[6,-86],[-30,1],[-31,-28],[-13,-62],[-39,-26],[-11,-46],[-32,-19],[5,-49],[-37,-39],[-50,-32],[4,-119],[-28,-128],[-36,4],[-17,-31],[11,-51],[-43,-12],[-5,32],[-68,-34],[7,-61],[-28,-18],[-33,14],[-31,40],[-20,-10],[-15,-46],[14,-44],[0,-51],[-21,-79],[-15,5],[-49,-48],[3,-67],[-10,-52],[54,-17],[77,-70],[44,-99],[25,-29],[42,-96],[35,-25],[26,-48],[999,613],[25,31],[46,29],[34,7],[47,42],[25,60],[16,68],[-3,48],[15,19],[42,-11],[69,18],[45,39],[18,53],[20,-13],[56,1],[39,25],[41,55],[36,10]],[[40206,65872],[20,-81],[27,-27],[60,-13],[57,-79],[-13,-55],[-51,-73],[-55,-147],[-17,-88],[3,-42],[23,-5],[110,92],[63,-8],[89,-26],[19,-54],[-34,-147],[10,-50],[44,-62],[62,-59],[47,-93],[-8,-56],[-24,-17],[-70,24],[-48,49],[-36,7],[-85,-24],[-55,-33],[-4,-50],[27,-88],[19,-21],[84,7],[87,-14],[43,-17],[70,-79],[-3,-40],[-77,-36],[-33,-63],[-22,-97],[-32,-107],[-10,-62],[77,-147],[9,-60],[-20,-60],[-64,-75],[-7,-29],[23,-45],[31,-28],[148,-79],[75,-24],[22,-30],[-6,-34],[-28,-30],[-68,-50],[-33,-11],[-66,-46],[-42,24],[-40,133],[-55,100],[-33,12],[-42,-42],[-3,-49],[60,-83],[-5,-79],[-13,-49],[-33,-62],[-11,-49],[-32,-69],[-12,-84],[35,-49],[120,-4],[119,33],[47,-23],[17,-93],[-5,-100],[8,-53],[24,-15],[32,30],[40,17],[130,12],[59,-19],[26,-40],[20,-57],[-10,-43],[-51,-54],[-67,-35],[-9,-69],[44,-153],[52,-152]],[[37927,65722],[-430,358]],[[37497,66080],[811,1599],[166,-141],[67,151],[51,38],[7,80],[20,135],[-2,58],[13,111],[-3,98],[65,131],[24,24],[23,86],[26,24],[65,-11],[29,70],[7,45],[57,46],[39,46],[5,28],[-13,74],[7,25],[-47,108],[11,48],[-15,66],[6,47],[25,12],[19,37],[42,29],[36,0],[37,32]],[[39075,69176],[38,-129],[55,-35],[53,22],[38,111],[25,128],[25,166],[34,78],[90,97],[59,36],[115,29],[56,-1],[104,-44]],[[39767,69634],[32,-33],[15,-66],[-8,-86],[-47,-102],[-85,-53],[-47,-63],[-26,-82],[-13,-109],[5,-52],[19,-60],[55,-28],[105,-9],[116,-64],[43,-14],[39,-65],[7,-114],[-8,-42],[-45,-115],[-96,-217],[-34,-66],[17,-81],[31,-13],[36,8],[79,74],[25,53],[21,80],[22,43],[67,50],[66,-29],[124,-185],[50,-81],[23,-339],[13,-58],[23,-29],[43,-23],[60,-12],[87,4],[27,-19],[11,-51],[14,-134],[-10,-58],[-35,-71],[-48,-42],[-43,-76],[-40,-93],[-8,-92],[11,-47],[35,-45],[51,-30],[94,-19]],[[40640,66879],[9,-39],[-9,-46],[-79,-120],[-107,-172],[-35,-48],[-39,-72],[4,-45],[85,-62],[75,-67],[84,-44],[36,-5],[13,-22],[-1,-55],[-53,-74],[-58,12],[-67,73],[-74,63],[-46,52],[-73,-6],[-10,-29],[17,-82],[34,-111],[2,-78],[-18,-28],[-36,3],[-42,47],[-25,8],[-21,-60]],[[52774,53524],[-32,4],[-1491,775]],[[51251,54303],[6,62],[34,56],[15,69],[50,34],[11,27],[-18,56],[8,53],[-10,27],[-65,33],[30,47],[-47,94],[-47,-49],[-31,31],[-28,-15],[-31,49],[-13,-55],[-20,22],[-25,-54],[-31,42],[25,87],[-26,34],[-4,46],[-29,25],[-40,6],[-6,37],[35,30],[11,72],[36,73],[49,4],[-15,58],[40,-11],[30,26],[21,113],[24,37],[-37,25],[-6,67],[-30,50],[-29,24],[-4,33],[-34,-1],[-6,45],[-34,32],[29,42],[31,-96],[41,-53],[44,-13],[29,-42],[34,-25],[53,-16],[45,-34],[32,-8],[116,-122],[40,-22],[57,11],[99,-43],[42,52],[56,-15],[32,21],[42,-7],[79,4],[78,64],[8,25],[65,53],[25,9],[68,-37],[106,61],[10,22],[36,0],[1,82],[-15,36],[1,57],[-22,19],[0,93],[-41,97],[-43,8],[-52,29],[-9,21],[-43,4],[-56,51],[-65,27],[-32,-26],[-17,55],[29,111],[-29,32],[-5,40],[-25,60],[-19,83],[-61,62],[-35,10],[-44,44],[-58,135],[-47,63],[-57,24],[-63,-13],[-67,10],[-76,72],[-66,13],[-18,25],[-66,-8],[-37,32],[-11,71],[-54,116],[-8,44],[3,118],[-4,62],[-20,37],[-40,32],[-75,112],[-42,34],[-47,81],[-74,77],[-45,23],[-30,61],[-47,50],[-83,27],[-36,46],[-57,46],[-75,12],[-48,41],[-76,97],[-23,48],[-22,16],[-5,37],[-66,96],[-50,85],[-24,9],[-32,61],[-19,71],[-71,-20],[-25,6],[-36,72],[-42,53],[-21,-5],[-19,65],[-43,7]],[[49803,58711],[-42,-1],[-30,20],[-9,36],[-49,24],[-17,34],[-8,78],[-27,74],[15,42],[-43,48],[4,49],[-26,70],[11,22],[-20,50],[25,78],[35,22],[34,80],[-2,33],[55,96],[59,6],[18,36],[-4,58],[36,20],[-9,87],[5,37],[-14,75],[-26,57],[-35,28],[-18,59],[-29,52],[-33,29],[35,69],[24,-9],[17,54],[-26,49],[48,35],[34,-32],[20,44],[-31,84],[-54,76],[37,97],[-8,49],[23,16],[4,45],[-43,59],[31,33],[4,42],[24,12],[9,66]],[[49807,60899],[75,-22],[42,-26],[38,3],[24,-17],[-2,-38],[-27,-119],[3,-33],[50,-25],[79,-110],[4,-44],[-70,-78],[1,-28],[31,-44],[55,28],[32,4],[60,-24],[33,-48],[62,-31],[21,50],[-1,111],[23,82],[5,49],[40,-7],[42,-38],[14,-88],[-37,-46],[-3,-57],[16,-42],[74,-35],[18,-22],[-28,-61],[-12,-83],[21,-37],[43,-41],[108,-133],[30,24],[15,37],[103,-63],[39,-37],[-9,-77],[107,-132],[-16,-78],[18,-52],[26,24],[19,44],[24,100],[-8,74],[14,12],[69,-38],[34,-67],[19,-77],[-13,-59],[8,-41],[91,-8],[37,88],[56,-1],[42,131],[44,7],[52,-87],[16,5],[104,140],[48,28],[88,-26],[-3,-49],[-28,-24],[-110,-21],[-38,-63],[22,-35],[54,-17],[58,-36],[79,-101],[-1,-37],[-53,-210],[-5,-40],[-35,-58],[22,-56],[30,-4],[47,17],[18,-28],[21,-70],[-2,-46],[26,-41],[65,-32],[38,1],[38,34],[19,-44],[26,-22],[81,-29],[46,-31],[-12,-148],[3,-61],[26,-21],[32,96],[86,102],[39,-4],[-1,-87],[25,-18],[54,-6],[20,32],[0,59],[-25,65],[7,58],[138,-22],[82,-30],[20,-60],[-17,-84],[-33,-70],[-4,-44],[33,-32],[130,2],[13,-21],[-10,-70],[21,-22],[43,3],[40,46],[31,-19],[20,-104],[-46,-196],[-22,-41],[9,-29],[85,6],[21,26],[52,133],[37,28],[10,-73],[18,-39],[165,-87],[40,-85],[38,-190],[34,48],[67,76],[25,-17],[-34,-160],[-2,-94],[-39,-36],[-37,46],[-16,80],[-16,9],[-81,-10],[-80,-38],[-5,-50],[24,-20],[59,13],[45,-8],[35,-44],[31,-60],[-40,-70],[-32,-30],[-46,46],[-36,-30],[17,-105],[24,-36],[55,-9],[73,-82],[40,-6],[71,-84],[-27,-73]],[[53390,56927],[-49,-25],[-69,48],[-17,-25],[1,-52],[16,-51],[49,-112],[28,-30],[6,-38],[-28,-64],[-57,-58],[-25,-47],[4,-60],[27,-38],[60,23],[46,46],[16,53],[53,-10],[21,11],[48,57],[47,16],[28,-41],[-93,-156],[-3,-61],[26,-11],[20,50],[67,51],[47,-5],[43,-49],[-3,-39],[-96,-69],[-73,-71],[-11,-59],[9,-70],[51,-38],[67,3],[18,-31],[-5,-47],[-28,-76],[-71,-8],[-25,-18],[-10,-109],[-21,-43],[15,-27],[-18,-84],[-16,-32],[2,-41],[-24,-17],[-27,-50],[41,-30],[-18,-52],[10,-62],[-52,-86],[-18,-9],[8,-103],[-28,-56],[-16,14],[-55,2],[-24,-53],[46,-36],[-11,-90],[-59,17],[38,-71],[-30,-19],[-10,-47],[-28,-28],[-55,-2],[-2,-50],[-86,-17],[-81,-74],[-63,-4],[1,-63],[-15,-37],[-57,-16],[-43,6],[-64,-52],[5,-51],[29,-33],[-34,-19],[-10,-48],[-29,-45],[-23,-3],[-10,-143],[29,-78],[25,-24],[71,-153],[22,-32],[-2,-51],[-15,-35],[5,-70],[-54,-96]],[[27746,88362],[25,163],[-76,80],[-14,57],[-23,42],[-17,89],[-26,49],[-25,18],[-21,67],[-46,48],[-24,42],[-46,52],[-21,65],[-73,109],[-57,15],[-48,-38],[-82,-35],[-26,-37],[-95,-273],[-423,593],[-345,467]],[[26283,89935],[23,96],[36,44],[-121,273],[216,197],[75,78],[-105,208]],[[26407,90831],[166,481],[24,-3],[43,22],[70,9],[43,44],[-11,54],[-8,127],[23,116],[3,105],[-5,125],[15,45],[-2,98],[22,139],[-30,93],[-8,124],[-11,36],[-5,78],[-25,48],[1,69],[-14,82],[28,155],[21,42],[11,102],[-1,54],[19,69],[-4,77],[8,75],[-30,40],[6,88],[23,80],[26,38],[12,55],[35,93]],[[26852,93691],[58,-56],[223,-142],[63,-51],[197,-206],[13,-39],[0,-126],[53,-193],[15,-16],[46,-1],[40,-44],[72,-38],[84,-197],[44,-115],[94,-220],[44,-46],[42,142],[53,58],[43,74],[3,25],[71,87],[42,29],[27,57],[10,-56],[21,-42],[21,-122],[33,-57],[28,-77],[24,-91],[32,-55],[70,-73],[33,-63],[1,-33],[48,-72],[115,-100],[79,-33],[28,-25],[90,-2],[99,-17],[80,57],[100,-6],[84,36],[29,1],[61,34],[37,41],[-6,96],[443,16],[-6,-145],[250,-159],[13,-17],[160,-82],[19,6],[111,-27],[45,-63],[59,-20],[11,-15],[43,20],[114,25],[75,-17],[10,-17],[46,11]],[[39767,69634],[31,34],[22,63],[26,-50],[65,-47],[29,-33],[6,-47],[33,-23],[32,2],[22,-29],[35,0],[17,77],[23,46],[-11,53],[2,64],[129,107],[20,100],[65,88],[62,30],[3,-34],[26,-33],[38,36],[19,-14],[37,37],[7,52],[30,54],[19,10],[-2,48],[25,34],[15,82],[31,19],[28,113],[26,41],[28,78],[27,41],[7,38],[26,9],[-6,99],[32,22],[29,52],[17,5],[12,58],[-3,50],[47,45],[28,47],[-15,49],[8,77],[43,37],[22,56]],[[40979,71277],[118,-657],[379,-1331],[24,35],[51,41],[15,-23],[84,-16],[30,3],[42,53],[0,52],[20,45],[31,15],[52,-11],[57,-73],[43,11],[21,-27],[65,62],[13,55],[70,7],[26,33],[46,18],[48,99],[68,-2],[13,15],[89,25],[53,-21],[19,32],[29,2],[39,-34],[50,-1],[53,30],[54,-9],[136,361],[8,-52],[-5,-83],[17,-58],[61,4],[59,-46],[6,-46],[19,-34],[8,-55],[23,-30],[32,-5],[29,-31],[32,12],[91,1],[32,-42],[30,-15]],[[43259,69586],[-24,-54],[21,-58],[-61,-64],[-9,-57],[-58,-51],[-59,33],[-9,-22],[30,-42],[47,-32],[46,-9],[6,-42],[-15,-32],[7,-34],[-33,-41],[58,-28],[-31,-33],[16,-53],[31,-9],[41,-73],[-19,-42],[-29,22],[-21,-21],[-9,-54],[-47,39],[-24,55],[-27,-5],[-30,42],[6,-94],[-45,-78],[-37,1],[0,-30],[43,-16],[35,25],[49,-22],[14,-74],[23,18],[-1,56],[34,-10],[-5,-49],[15,-54],[-15,-77],[39,-47],[34,46]],[[43246,68516],[44,-21],[98,50],[43,-3],[49,-48],[33,18],[53,-21],[32,29],[56,7],[38,-44],[47,-33],[-347,-686],[-58,-66],[-25,-67],[-23,-110],[7,-134],[19,-36],[-16,-28],[-5,-53],[-57,-107],[-27,-70],[-32,-8],[-34,-43],[-36,-154],[-14,6],[-34,-39],[6,-33],[-31,-69],[-30,-15],[-18,-40],[-36,-33],[-38,-13],[-41,37],[-32,-35],[7,-45],[-30,-41]],[[42814,66568],[-56,28],[-49,-5],[-101,-50],[-63,-40],[-62,9],[-70,-19],[-61,-29],[-97,-79],[-44,-27],[-60,-67],[-59,-16],[-116,-11],[-72,30],[-58,102],[-41,59],[-74,56],[-37,4],[-116,-8],[-47,4],[-36,39],[-21,58],[-14,114],[25,128],[-18,124],[-20,43],[-28,23],[-39,6],[-68,-22],[-28,-21],[-127,-179],[-50,-98],[-90,-113],[-76,-76],[-56,-32],[-65,-70],[-45,1],[-43,35],[-15,63],[43,73],[23,60],[4,39],[-9,80],[-26,51],[-52,50],[-60,-6]],[[44323,71709],[28,-73],[-18,-52],[-39,-24],[-9,-52],[26,-27],[-26,-57],[-74,67],[-37,54],[-84,-81],[-1,124],[-29,2],[-13,-110],[-22,-29],[3,-61],[42,-15],[-7,-33],[11,-71],[86,17],[39,-26],[8,-99],[-40,-35],[-49,56],[-36,15],[-31,-27],[-36,14],[-70,-68],[0,-38],[27,-53],[32,-14],[-11,-35],[-44,-27],[-23,-45],[-38,-5],[-22,25],[-62,110],[-8,-41],[-27,-39],[-28,-112],[-30,17],[-42,-40],[20,-74],[26,-3],[29,-97],[-26,-56],[-37,-48],[-48,38],[-50,-60],[-8,44],[-57,-14],[-42,29],[-18,-90],[23,-52],[38,-38],[4,-32],[-27,-21],[24,-52],[12,-69],[-48,-80],[-18,27],[-24,-8],[-20,24],[-22,-35],[-62,27],[-39,-52],[15,-57],[-23,-31],[-10,-63],[19,-65],[-4,-82],[41,-81],[-39,-43],[27,-35],[-6,-49],[-60,-37]],[[40979,71277],[-131,263],[-12,-22],[-69,-46],[-29,38],[-58,134],[-46,30],[-27,0],[-67,33],[-15,-4],[-42,39],[-56,100],[-28,35],[-32,15],[-28,-14],[-54,54],[-29,13],[25,40],[8,47],[61,-36],[-13,119],[23,68],[52,-40],[6,37],[-32,47],[20,44],[-41,43],[-5,34],[40,43],[49,-63],[-14,-73],[66,6],[0,-26],[38,-56],[14,23],[-11,128],[46,-60],[19,-47],[64,6],[-3,75],[-32,-2],[-32,140],[16,25]],[[40620,72467],[7,-51],[27,-65],[94,37],[23,64],[-9,38],[16,30],[-11,68],[23,47],[33,-9],[35,34],[30,51],[5,-62],[-26,-73],[60,26],[52,-38],[32,-54],[30,-1],[-16,64],[8,80],[26,20],[2,61],[26,31],[50,-65],[7,127],[17,33],[36,-22],[16,31],[-21,32],[44,26],[54,-62],[51,-13],[-10,-52],[24,-17],[51,1],[27,-18],[24,29],[-1,41],[-25,18],[-39,-1],[-9,35],[20,27],[33,-32],[25,9],[6,40],[-7,60],[-21,32],[-41,23],[4,86],[72,-44],[52,-1],[61,33],[23,72],[51,85],[47,23],[19,-60],[-28,-63],[22,-76],[26,0],[17,90],[26,-10],[9,45],[56,-8],[-5,52],[34,10],[7,-56],[22,-7],[47,89],[-8,64],[34,11],[39,-7],[0,-66],[53,-34],[93,67],[29,90]],[[94986,26888],[-168,-69],[-89,-61],[-84,-68],[-27,-30],[-156,-142],[-117,-122],[-122,-162],[-131,-193],[-72,-127],[-76,-148],[-34,-53],[-97,-203],[-53,-72],[-38,-78],[-46,-112],[-135,-350],[-78,-168],[-41,-110],[-40,-74],[-64,-165],[-11,-42],[-46,-105],[-96,-241],[-40,-109]],[[37441,41623],[-1,39],[-31,33],[0,25],[53,57],[-24,49],[-6,69],[-18,4],[-8,49],[20,30],[48,5],[25,-33],[37,24],[-24,91],[-90,6],[-5,42],[36,43],[46,18],[-18,30],[13,41],[34,10],[8,73],[-20,47],[-25,-3],[-4,57],[-24,56],[41,25],[19,-9],[30,-69],[64,45],[-10,55],[-32,67],[-19,-6],[-42,99],[26,31],[27,-25],[31,19],[-7,81],[48,-35],[13,36],[27,23],[41,77],[14,-27],[86,101],[31,12],[57,-31],[-3,66],[41,95],[34,30],[42,4],[26,-24],[4,100],[13,32],[40,-13],[14,69],[44,44],[-11,54],[50,79],[-35,16],[3,31],[50,-16],[7,36],[85,-28],[1,54],[-26,33],[63,7],[35,35],[63,-4],[33,-29],[43,37],[52,10],[73,-41],[42,16],[25,44],[42,33],[33,48],[64,18],[53,-31],[65,-2],[31,23],[31,-4],[36,39],[34,64],[-10,46],[14,56],[-20,76],[-36,22],[-13,32],[-61,11],[23,58],[-52,9],[-9,98],[-38,4],[-27,42],[-1,42],[18,37],[-47,17],[20,38],[-12,80],[38,-30],[0,53],[-38,14],[38,106],[-11,45],[-36,28],[31,55],[-27,40],[-2,46],[-23,39],[49,8],[-47,65],[22,18],[62,87],[1,24],[-65,31],[0,38],[39,46],[-43,32],[-23,1],[-2,-77],[-35,-10],[-18,64],[-35,-6],[-31,-112],[-58,80],[2,26],[47,32],[7,46],[-69,-15],[-25,-33],[-25,14],[-30,78],[-17,13],[-81,-4],[14,-59],[-26,-18],[-41,41],[-31,8],[-26,54],[-37,-50],[-26,13],[-26,51],[1,27],[-45,37],[2,43],[56,-12],[4,40],[-49,40],[-6,30],[41,26],[1,31],[-92,15],[-23,20],[-16,127],[3,35],[25,24],[37,6],[5,26],[-77,13],[-55,-21],[-12,25],[11,42],[24,20]],[[38085,46023],[45,-4],[55,-19],[99,68],[-30,36],[19,45],[64,15],[105,61],[63,30],[36,62],[17,-30],[3,-73],[32,-128],[32,36],[74,-62],[40,-18],[13,-37],[-60,-86],[24,-20],[19,57],[49,7],[71,-22],[62,-33],[36,11],[62,58],[-31,61],[20,55],[41,26],[27,-96],[13,-79],[33,-11],[-3,63],[11,50],[33,69],[-8,160],[-34,-16],[-22,13],[-7,103],[-19,59],[16,45],[32,-7],[-3,-46],[39,-44],[36,-64],[42,66],[49,-3],[18,29],[-44,34],[-15,61],[51,22],[38,-4],[20,23],[82,-76],[8,45],[25,-2],[32,-60],[46,54],[20,-80],[120,85],[-20,-69],[17,-133],[-24,-47],[-43,8],[-16,-29],[57,-56],[-1,-27],[-31,-66],[43,-6],[33,30],[19,62],[32,-26],[34,46],[17,-61],[25,-15],[11,52],[56,-13],[4,90],[-10,28],[48,30],[59,-5],[17,52],[41,71],[51,-34],[17,25],[71,38],[67,64],[71,9],[4,-33],[27,-14],[9,-38],[24,-19],[-15,-36],[6,-42],[-10,-78],[69,7],[21,-24],[16,47],[-1,47],[19,35],[-42,82],[-9,82],[10,9],[72,-67],[37,-14],[85,38],[-57,80],[2,97],[47,-32],[34,-8],[29,-44],[15,18],[-16,87],[55,4],[36,42],[67,-50],[54,19],[21,-32],[-2,-62],[84,-122],[10,-73],[21,-14],[39,15],[14,36],[26,-18],[24,30],[22,-27],[-21,-53],[7,-104],[14,-29],[54,-1],[48,23],[38,-75],[26,-3],[13,-69],[33,-24],[27,24],[48,5],[22,-19],[25,21],[22,-45],[81,-48],[19,-49],[-2,-53],[48,-29],[18,-26],[-7,-126],[31,-76],[-16,-134],[-15,-29],[14,-49],[-4,-109],[36,-83],[40,-49],[21,-46],[24,-97],[26,-62],[19,-79],[-14,-25],[8,-46],[22,-46],[-4,-61],[8,-51],[18,-23],[50,-5],[51,-28],[17,-86],[39,-53],[52,3],[28,78],[76,-73],[86,-44],[78,-89],[54,12],[20,28],[26,-66],[68,-97],[54,-23],[36,-93],[20,-75],[39,-12],[39,35],[36,-12],[28,-39],[44,-91],[54,-82],[6,-26],[-11,-72],[1,-70],[26,-4]],[[42917,43729],[29,-44],[66,-12],[76,-42],[66,-92],[-9,-56],[41,-15],[38,-84],[58,-72],[14,-203],[46,3],[24,-19],[22,-107],[24,-45],[73,-73],[7,-21],[45,-29],[26,2],[38,-49],[61,-2],[-2,-27],[32,-79],[12,-163],[2,-224],[-5,-113],[-42,-141],[-35,-52],[-34,-145],[-39,-22],[-64,-56],[-23,-35],[-33,17],[-20,-88],[-28,-41],[-28,5],[-18,-54],[-84,6],[-56,29],[-21,55],[-82,1],[-37,-73],[35,-49],[18,-75],[-14,-47],[21,-44],[11,-62],[20,-45],[-37,-34],[2,-35],[53,-12],[41,24],[19,73],[19,12],[90,-38],[23,56],[38,-18],[24,-40],[55,4],[45,-34],[86,-44],[58,-56],[68,-23],[19,19],[52,-6],[39,-50],[55,-9],[58,-66],[15,-56],[29,-62],[34,-27],[34,-48],[24,-125],[11,-51],[60,-2],[34,-21],[43,-4],[15,25],[48,8],[30,-65],[39,-27],[70,23],[105,11],[33,33],[78,26],[50,-22],[33,2],[40,-28],[29,5],[26,45],[25,8],[38,-23],[-3,-34]],[[44895,40561],[-21,-56],[-31,-49],[-70,-85],[-85,-91],[-7,-40],[-37,-53],[-52,10],[5,-95],[-26,-42],[-18,-88],[8,-31],[-5,-63],[-25,-75],[-3,-38],[-54,-95],[-15,-57],[-60,-9],[-29,141],[-25,3],[-32,45],[-38,-21],[-39,13],[-40,-30],[-76,32],[-92,74],[-51,-11],[-93,60],[-13,-37],[-67,6],[-13,44],[-50,-17],[-28,48],[-47,-39],[-60,-13],[-8,-24],[-72,-11],[-57,27],[-29,49],[-7,44],[-51,91],[-32,-38],[-48,-79],[-23,-1],[-37,86],[-22,123],[-19,24],[1,46],[-56,69]],[[43146,40308],[-4,31],[-35,8],[-31,-45],[-55,77],[-37,0],[-60,-19],[-18,57],[-32,17],[-33,-21],[-25,-41],[-24,1],[-10,35],[-30,8],[21,52],[-51,38],[-28,0],[-56,-59],[-7,-32],[-34,5],[-16,38],[-30,31],[-31,58],[-37,44],[-47,-11],[-39,-39],[-17,6],[0,80],[50,40],[-8,55],[-44,12],[-22,70],[-46,16],[-15,-42],[-30,0],[-40,79],[-8,66],[-15,16],[-66,2],[-15,-17],[2,-107],[-28,-8],[-56,64],[2,52],[-49,32],[-19,34],[12,85],[-41,32],[-36,5],[-22,-24],[-35,21],[-48,73],[-38,-37],[-4,-27],[22,-75],[29,-41],[41,-12],[-9,-47],[-46,-21],[-65,10],[-36,64],[-25,-18],[30,-44],[-6,-33],[18,-35],[35,-17],[8,-44],[-34,-43],[-46,2],[-5,24],[-45,-25],[-62,40],[-35,-9],[-51,53],[-68,49],[-52,52],[-40,-14],[-27,-28],[7,-100],[60,-30],[17,-49],[-28,-36],[-10,-41],[34,-42],[6,-33],[-61,-92],[-26,0]],[[42917,43729],[38,42],[77,-3],[103,50],[73,66],[22,29],[38,-6],[66,26],[43,-114],[6,-88],[71,-86],[31,-16],[36,-39],[3,-25],[57,35],[18,-25],[53,36],[64,-98],[57,-12],[37,-32],[45,18],[30,38],[45,29],[77,-39],[61,-13],[21,-37],[4,-99],[25,-103],[37,-35],[27,77],[29,-38],[42,0],[45,37],[27,-5],[67,47],[-3,65],[56,45],[-5,37],[44,12],[23,-25],[35,51],[41,-10],[27,26],[25,-41],[31,17],[-2,74],[-18,90],[35,30],[22,49],[66,-11],[16,28],[47,30],[23,48],[73,-21],[8,65],[30,47],[50,5],[20,40],[88,21],[11,27],[36,0],[12,73],[-14,15],[16,100],[34,-12],[16,20],[54,3],[29,59],[-16,40],[0,83],[-11,18],[35,116],[-16,39],[16,43],[-24,26],[11,44],[29,-33],[75,63],[28,-29],[29,0],[45,-38],[27,44],[41,12],[16,43],[-4,64],[-20,63],[-41,6],[29,67],[-13,43],[109,101],[-10,97],[45,51],[-7,47],[29,2],[15,-27],[20,-101],[30,-19],[36,66],[69,36],[45,47],[44,26],[9,75],[-19,21],[-39,-28],[-27,22],[-15,57],[35,39],[45,14],[32,42],[42,-17],[16,46],[33,11],[23,-27],[-20,-62],[-3,-55],[61,-35],[19,19],[1,50],[57,61],[-17,33],[20,47],[-23,60],[-15,75],[-27,23],[-5,49],[54,20],[34,-28],[12,-37],[53,-42],[34,-4],[10,102],[-5,45],[20,27],[-1,47],[26,9],[51,-29],[26,35],[23,-4],[57,25],[9,-26],[40,-4],[22,19],[40,65],[-8,43],[133,67],[-5,134],[-23,22],[-50,-8],[-11,41],[-75,60],[-12,44],[38,26],[27,43],[14,78],[34,14],[50,2],[6,42],[-11,41],[18,54],[-14,77],[-16,-9],[-55,101],[-20,18],[-72,-56],[-13,7],[-29,76],[-37,-20],[-47,29],[-34,0],[-1,60],[-33,83],[19,60],[0,81],[23,26],[6,55],[55,-41],[-2,-33],[-40,-34],[-4,-31],[63,9],[60,-73],[34,-54],[15,17],[57,-22],[35,25],[5,81],[41,2],[19,112],[25,57],[-11,145],[-8,41],[23,115],[39,3],[34,42],[44,80],[59,17],[22,22],[-7,44],[-23,30],[-7,39],[-34,43],[38,40],[-8,82],[44,36],[-22,112],[-35,8],[-4,116],[24,63],[52,18],[54,3],[29,65],[11,106],[32,62],[-43,72],[-24,59],[4,64],[-21,37],[14,27],[32,4],[30,29],[-54,27],[7,52],[35,33],[-10,34],[-31,15],[5,38],[45,-24],[14,-39],[35,-46],[40,18],[40,51],[49,34],[14,23],[81,34],[70,10],[21,44],[40,-10],[-6,-52],[29,-37],[33,50],[-5,45],[37,-15],[-1,-44],[38,2],[17,29]],[[47713,49285],[19,-89],[34,-57],[59,-12],[46,36],[27,4],[81,-70],[54,-95],[1,-116],[26,-49],[49,-13],[28,-21],[26,-114],[-19,-79],[-1,-100],[-47,-61],[-11,-48],[26,-87],[104,-31],[88,-10],[45,36],[38,-8],[92,-91],[13,-52],[-13,-52],[-62,-100],[-32,-31],[-83,7],[-35,-51],[11,-40],[27,-35],[17,-51],[15,-110],[43,-60],[19,-45],[44,-42],[89,-36],[85,-120],[0,-133],[-16,-37],[-51,-45],[-8,-21],[13,-69],[50,-99],[32,-108],[36,-52],[1,-60],[-31,-49],[6,-28]],[[48648,46691],[-30,-65],[-30,29],[-28,-33],[-53,8],[-15,-89],[-25,-75],[-69,-28],[-34,-72],[-18,-15],[2,-54],[24,-109],[19,-41],[30,-15],[-2,-86],[32,-18],[-113,-141],[3,-97],[-32,-55],[-39,-20],[-32,-43],[-47,-15],[-21,21],[-30,-7],[-15,-34],[38,-38],[-20,-80],[42,1],[20,-39],[-58,-68],[10,-55],[32,-29],[0,-29],[57,-12],[44,-97],[37,-40],[17,17],[20,-84],[-37,-46],[-55,-6],[-12,23],[-67,16],[-19,23],[-10,77],[-34,21],[-76,-35],[31,-69],[19,-11],[-29,-81],[-22,-26],[-65,1],[-13,-51],[23,-30],[33,-5],[23,-32],[-12,-26],[13,-43],[30,-43],[-29,-45],[21,-49],[-36,-6],[-9,81],[-41,76],[-26,7],[-5,-68],[-36,17],[-34,-6],[-8,-61],[24,-31],[-6,-62],[-43,-11],[-15,-30],[-73,-22],[-21,-32],[22,-38],[45,-4],[48,-123],[22,-18],[29,23],[46,-28],[4,50],[28,4],[36,-53],[34,-22],[13,-48],[47,1],[52,-92],[-70,-12],[20,-40],[-12,-29],[2,-86],[-53,-53],[-22,56],[-31,0],[-13,-62],[-43,-54],[-27,-16],[9,-133],[29,-36],[48,12],[41,-21],[18,-70],[-17,-53],[-63,-10],[3,24],[-36,35],[-4,-42],[-36,3],[-74,25],[-3,-64],[-20,-14],[-46,89],[-59,2],[0,-26],[28,-136],[-12,-53],[20,-24],[-4,-53],[-22,-15],[-39,9],[-25,39],[-45,-5],[-27,48],[-27,-17],[36,-72],[-8,-83],[-46,9],[-25,-64],[19,-44],[-19,-42],[-84,-55],[20,-96],[-27,-43],[-33,-18],[-15,17],[-79,22],[-26,59],[-32,47],[-17,-23],[7,-38],[-72,-67],[-54,17],[-87,-30],[40,-17],[-14,-68],[14,-69],[23,-67],[-28,-50],[37,-26],[11,-48],[-7,-55],[42,-88],[1,-26],[34,-24],[18,-70],[-1,-58],[12,-42],[-18,-75],[37,-47],[-29,-77],[-22,-16],[-47,52],[4,30],[33,40],[-14,73],[-65,12],[-24,43],[-59,30],[-49,-17],[-8,-37],[-27,3],[-44,-67],[-36,-20],[-11,-60],[-89,148],[-25,71],[-25,-57],[20,-53],[-27,-15],[-10,-34],[37,-62],[-27,-40],[-48,42],[-17,-84],[-33,-22],[-30,0],[-46,-80],[-48,-18],[-6,-44],[-19,-24],[-42,-17],[-40,28],[-5,36],[-45,-13],[-42,-70],[-5,-85],[-19,-16],[-11,-130],[-21,9],[-69,-130],[-30,-6],[-21,70],[5,41],[-12,46],[-23,21],[-76,13],[-53,-6],[29,-73],[-1,-84],[21,-81],[-64,-45],[-68,-11],[-45,-23],[-11,-51],[-32,49],[-31,-6],[-44,17],[-19,42],[-71,-2],[-10,-35],[-37,3],[-29,21],[-40,-4],[-1,-44],[-37,-95],[2,-43],[23,-12],[22,-66],[18,9],[34,-102],[-17,-17],[-143,10],[-8,16],[-52,-33],[-65,8],[-17,-20],[-48,21],[-17,-73],[-27,-39],[-3,-57],[-47,20],[-31,-12],[-58,9],[-27,-17],[-29,-103],[-46,-59]],[[43146,40308],[-26,-86],[-20,-22],[-27,6],[-46,-48],[1,-89],[-18,-60],[-38,-20],[-9,-27],[9,-68],[44,-58],[24,-12],[46,127],[30,-27],[-1,-69],[-18,-48],[18,-56],[-7,-63],[18,-48],[-2,-69],[-34,-8],[-29,-39],[53,-80],[18,1],[39,92],[29,10],[23,37],[16,-38],[-9,-45],[54,-38],[-4,-40],[26,-12],[-14,-50],[-32,-26],[38,-26],[35,25],[27,65],[55,-18],[-21,-68],[25,-61],[39,-22],[29,42],[-1,42],[34,-14],[38,55],[43,-92],[-6,-57],[53,-27],[23,35],[46,-35],[36,-129],[-17,-34],[13,-38],[31,-12],[48,68],[38,-19],[47,1],[30,-40],[73,31],[-8,69],[80,14],[11,-33],[31,9],[34,77],[51,30],[12,-62],[53,-98],[44,10],[8,-94],[21,-21],[-9,-112],[66,7],[19,40],[52,33],[39,4],[-1,36],[60,-23],[41,11],[24,-38],[31,-89],[-8,-58],[22,-83]],[[33462,40409],[28,-3],[11,51],[27,14],[18,-88],[30,-26],[40,12],[51,-45],[20,35],[-5,40],[31,61],[33,37],[-41,38],[21,79],[4,69],[36,34],[34,1],[-27,71],[-9,51],[-34,40],[26,52],[32,-19],[26,47],[-31,38],[-69,10],[-64,37],[14,41],[62,-9],[-15,69],[3,32],[-29,46],[29,24],[37,-32],[24,48],[48,-31],[19,48],[-24,43],[-27,16],[-16,40],[2,41],[-24,6],[-33,40],[34,35],[14,-33],[43,64],[23,-26],[25,10],[44,53],[-32,57],[1,30],[42,32],[16,110],[-31,85],[-1,59],[31,30],[14,47],[-4,44],[-29,46],[-3,119],[19,23],[2,90],[-31,48],[5,28],[-23,40],[-20,146],[7,64],[19,1],[28,76],[-42,123],[13,153],[32,-2],[59,59],[49,30],[33,53],[30,18],[-47,39],[2,63],[-38,10],[-30,81],[-24,4],[-46,60],[17,49],[-48,69],[3,27],[33,36],[-12,100],[-1,61],[21,42],[-9,89],[-35,-4],[-19,55],[-5,89],[24,54],[-57,28],[-16,81],[17,39],[40,3],[23,31],[-56,34],[-55,-11],[4,47],[38,32],[91,-6],[-8,41],[-27,28],[-44,16],[-13,87],[-19,-1],[-53,-47],[-30,4],[-23,67],[8,35],[-25,35],[2,67],[-43,7],[-26,44],[46,82],[10,32],[-15,40],[27,52],[45,18],[3,29],[-13,104],[-15,4],[-59,-38],[-35,45],[-2,73],[-30,11],[-36,43],[-12,75],[60,-10],[39,39],[29,-44],[46,-15],[17,37],[-9,38],[18,45],[-42,48],[-113,11],[-57,-74],[-37,-21],[-46,63],[3,26],[46,74],[-14,25],[-62,-9],[-50,14],[29,42],[-20,86],[2,35],[168,-61],[10,-48],[40,9],[7,111],[-71,30],[-51,9],[-44,80],[5,68],[-62,44],[-16,38],[-59,-56],[-27,2],[-19,74],[-54,-1],[-13,13],[5,102],[-13,56],[35,-1],[67,24],[25,25],[-10,42],[-35,-5],[-38,36],[4,43],[-41,70],[18,28],[6,70],[-45,55],[-46,23],[-77,15],[-12,46],[47,75],[9,34],[-79,74],[-21,2],[-35,-148],[-20,-14],[-80,47],[-1,34],[24,51],[1,74]],[[32856,46914],[21,11],[55,82],[31,6],[35,-32],[20,-60],[47,-42],[35,10],[19,38],[2,48],[-63,104],[21,67],[102,4],[45,-21],[27,44],[-40,73],[-24,8],[-53,-17],[-49,18],[-27,45],[98,94],[15,6],[56,-23],[53,-10],[54,38],[3,66],[-34,52],[-18,-1],[-47,-43],[-43,2],[-82,38],[-21,27],[-26,123],[2,28],[103,231],[21,11],[78,-7],[7,-26],[-26,-117],[16,-72]],[[33269,47717],[53,-67],[47,-20],[58,8],[27,-22],[-36,-78],[0,-24],[62,-62],[26,-62],[55,-84],[16,8],[-3,176],[10,21],[58,12],[28,38],[10,95],[24,33],[31,-19],[7,-56]],[[33742,47614],[11,-153],[-18,-104],[1,-60],[23,-4],[43,50],[36,-10],[11,-90],[20,-34],[66,13],[35,-34],[-11,-60],[8,-28],[107,10],[44,-17],[9,-20],[-20,-101],[-17,-23],[-39,0],[-73,19],[-58,-35],[-1,-40],[41,-76],[41,-116],[25,-1],[41,40],[22,5],[25,-80],[19,8],[49,91],[41,-35],[3,-77],[36,6],[46,48],[66,23],[72,63],[92,2],[5,39],[-15,47],[-46,25],[-3,23],[43,29],[46,56],[33,14],[151,-48],[14,18],[18,73],[-7,79],[-34,45],[-59,0],[-41,16],[-5,28],[4,178],[43,86],[14,2],[82,-113],[11,-69],[18,-36],[47,31],[71,-16],[27,3],[40,43],[69,39],[49,-39],[65,-69],[86,10],[60,-46],[27,-43],[-9,-19],[-51,-33],[-50,-9],[-91,38],[-36,25],[-24,-7],[-23,-58],[-27,-28],[-41,-16],[15,-36],[63,-39],[65,-22],[102,-51],[50,-46],[16,-31],[-10,-37],[-88,-125],[-2,-61],[-36,-78],[6,-16],[70,-32],[22,-33],[-6,-68],[37,-12],[25,98],[47,93],[27,38],[39,-3],[20,-46],[-45,-84],[-31,-108],[-43,-90],[-4,-24],[37,-59],[29,-96],[19,-14],[52,16],[33,31],[44,-5],[59,-42],[35,-54],[20,-6],[6,54],[23,42],[86,35],[33,39],[15,62],[52,9],[21,-29],[4,-65],[34,-20],[57,10],[29,-11],[110,-99],[39,-9],[65,65],[-1,31],[-73,31],[-70,89],[-48,89],[24,17],[74,-67],[19,-4],[73,26],[49,28],[66,-14],[21,-53],[33,-18],[9,31],[-3,132],[-18,102],[-14,37],[12,32],[76,20],[64,4],[47,-11],[37,-27],[-6,-34],[-81,-38],[10,-46],[60,-62],[-6,-78],[15,-40],[36,103],[31,15],[54,-42],[37,-15],[58,25],[100,-18],[33,-22],[53,-91],[-5,-42],[-47,-34],[-68,-14],[1,-38],[134,11],[33,-34],[19,-46],[6,-61],[16,-22],[72,-17],[-87,-128],[-60,-6],[-3,-16],[76,-54],[31,-52],[38,-9],[43,35],[49,19],[62,-44],[5,59],[24,91],[88,28],[9,42],[-11,52],[-34,57],[22,39],[70,1],[54,-12],[45,-42],[51,-105],[38,88],[116,-34],[44,-38],[53,8],[6,31],[-37,43],[-65,27],[-10,66],[-31,41],[15,49],[74,-36],[47,-39]],[[37894,46129],[60,-59],[1,-52],[23,-2],[11,56],[42,-5],[54,-44]],[[29770,42544],[39,-57],[104,-74],[36,-115],[66,-64],[26,-36],[-1,-42],[-62,-30],[-70,-57],[-94,-30],[-103,-53],[-28,-22],[-19,-72],[6,-33],[94,-115],[41,-13],[14,-22],[56,-153],[19,-87],[4,-105],[21,-53],[31,-35],[30,-6],[38,46],[-2,167],[-11,86],[-25,130],[1,26],[-38,152],[17,40],[60,2],[131,-91],[42,-46],[50,-39],[35,15],[5,101],[-18,123],[0,155],[36,144],[16,186],[-18,42],[-8,126],[41,26],[36,-16],[29,-69],[25,-122],[28,-70],[87,-53],[104,-14],[28,-62],[-14,-94],[16,-109],[60,-101],[118,-83],[-16,-49],[-94,-97]],[[77154,47690],[-310,-924],[-302,-901],[12,-50],[62,-138],[45,-55],[-5,-79],[16,-39],[-3,-55],[26,-37],[32,43],[35,-50],[48,-34],[17,-60],[-7,-33],[28,-52],[38,33],[12,-57],[37,-30],[9,28],[43,1],[53,-15],[7,-56],[16,-31],[-11,-42],[11,-60],[32,-7],[21,-76],[5,-140],[25,-58],[15,-92],[-26,-75],[76,-20],[-1,-114],[-21,-98],[28,-36],[14,-52],[-52,-60],[36,-36],[35,-53],[8,-34],[70,-95],[33,-35],[31,5],[21,-35],[50,-35],[19,-60],[-20,-50],[-6,-54],[33,-65],[-21,-37],[23,-73],[40,-16],[38,-76],[40,-27],[-25,-40],[3,-59],[-33,-13],[7,-31],[67,-72],[14,-35]],[[76483,41846],[-29,-72],[-7,-48],[-31,-20],[-35,2],[-38,-35],[-59,-80],[-50,-102],[-8,-46],[-35,-11],[-33,18],[-25,-59],[-9,-112],[-22,-55],[-40,-48],[-16,10]],[[70410,40355],[23,64],[51,-4],[27,44],[20,-25],[89,21],[43,65],[22,74],[-4,72],[26,41],[-11,43],[-3,74],[21,7],[-5,54],[49,20],[1,33],[25,25],[-22,92],[31,34],[-3,66],[22,116],[-11,31],[4,54],[19,71],[26,12],[56,96],[-3,89],[31,84],[-8,36],[37,19],[11,51],[22,38],[8,86],[-15,50],[-35,4],[-43,58],[-111,175],[-43,58],[-11,50],[-38,52],[-59,-7],[-20,-39],[-47,-14],[-4,-68],[-65,-52],[-38,4],[-40,-29],[-32,23],[-21,-19],[-28,117],[-22,35],[7,100],[14,38],[-3,113],[-35,108],[-23,26],[-109,91],[-40,45],[-34,6],[-39,-33],[-40,8],[2,-78],[-53,-9],[-57,5],[-11,26],[24,63],[-29,93],[2,51],[-57,113],[-35,181],[-38,47],[-42,84],[2,45],[-16,84],[-42,-4],[-15,75],[-29,17],[-24,55],[-12,59],[-27,71],[-39,68],[-41,18],[-63,48],[-19,49],[-40,57],[-61,45],[-20,-14],[-68,105],[-56,-12],[-66,12],[-38,62],[-30,17],[-27,-22],[-36,12],[-34,48],[-18,82],[-1,47],[-29,37],[-7,34],[69,102],[73,31],[22,46],[-70,99],[-18,83],[-29,54],[9,44],[-55,51],[0,127],[-12,30],[-93,91],[-19,-7],[-48,95],[-35,45],[-42,29],[-58,-25],[-91,63],[-44,-17],[-73,-45],[-52,-41],[-7,-23],[-63,-101],[-71,7],[-4,-34],[-34,-69],[-21,1],[-24,-40],[-38,18],[-21,34],[25,105],[-24,52],[-49,36],[-61,71],[13,61],[-46,43],[-4,71],[-11,22],[-5,80],[35,-27],[35,-51],[41,-10],[-51,107],[-18,70],[-60,88],[56,-25],[-3,92],[-33,44],[-39,19],[-7,57],[-54,75],[-27,16],[-69,16],[-58,40],[-96,118],[-44,110],[3,20],[-24,80],[-58,41],[-34,-3],[-33,51],[-42,27],[-58,-8],[-24,22],[-82,-7],[-62,-35],[-25,-54],[-33,29],[-95,-2],[-56,-53],[-35,12],[-18,-33],[-34,15],[-48,-30],[-32,-49],[-90,-74],[-31,3],[-59,-47],[-99,25],[-29,17],[-28,52],[-24,3]],[[67985,51814],[48,-50],[58,-110],[109,-137],[16,-53],[44,-78],[2,-55],[40,-48],[45,-98],[49,-41],[33,-52],[21,-1],[70,-98],[29,-83],[34,-56],[74,-24],[71,-42],[27,-45],[-11,-39],[39,-9],[-2,-51],[-16,-12],[-29,-73],[18,-83],[26,-44],[8,-48],[53,-72],[8,-35],[40,-18],[53,57],[73,13],[20,40],[53,-16],[54,-137],[35,-14],[59,-63],[23,-59],[20,1],[30,-69],[9,-45],[-13,-59],[5,-74],[24,32],[17,-18],[-5,-53],[30,-38],[57,-7],[34,18],[52,-39],[30,7],[28,-27],[46,29],[25,-9],[10,49],[25,52],[26,0],[30,-33],[0,-37],[75,-116],[28,-5],[46,-122],[20,-20],[51,-17],[41,2],[21,55],[102,62],[26,31],[43,16],[18,-29],[51,-4],[16,-16],[29,38],[103,-1],[34,9],[36,41],[14,54],[9,117],[-16,47],[36,134],[-5,44],[22,33],[32,0],[26,-23],[37,22],[73,5],[26,-39],[30,-12],[20,-98],[28,-48],[41,-33],[24,-51],[50,-77],[24,-51],[127,113],[27,80],[80,104],[-39,91],[37,74],[25,33],[-22,46],[19,47],[32,130],[19,21],[57,24],[26,88],[21,23],[54,-11],[31,39],[-24,77],[0,74],[13,26],[54,16],[67,61],[74,-27],[47,27],[61,83],[57,30],[18,82],[67,42],[31,-6],[28,-112],[8,-123],[19,-44],[55,-63],[53,-25],[41,-6],[13,-20],[31,-127],[30,15],[46,65],[72,20],[64,-20],[27,-41],[43,-10],[63,-51],[50,-79],[10,-63],[36,-46],[10,-37],[61,-83],[41,-87],[21,52],[20,12],[13,176],[24,0],[8,60],[64,53],[52,-11],[38,11],[25,-12],[37,-54],[52,17],[17,-8],[68,28],[30,-2],[32,-45],[77,-20],[40,-34],[40,43],[26,-4],[68,-48],[45,-16],[59,20],[91,-9],[65,-55],[31,15],[83,-36],[32,-27],[74,56],[78,-18],[23,-40],[18,-78],[32,-36],[45,7],[53,-9],[28,23],[44,-15],[30,44],[61,38],[49,-27],[48,56],[95,39],[11,18],[55,-34],[79,3],[68,-8],[40,10],[22,-11],[42,20],[39,-38],[78,62],[48,-42],[12,-26],[40,-11],[24,14],[3,-137],[28,-36],[38,-17],[59,-138],[56,-74],[43,-138],[4,-123],[37,0],[64,-79],[30,-77],[5,-58],[-11,-91]],[[9912,39056],[3,16],[-860,2750],[-8,40],[6,67],[-8,33],[-36,36],[-15,130],[-25,26],[-18,81],[-27,64],[1,37],[-30,79],[-22,20],[-12,127],[34,103],[-10,22],[5,58],[-25,36],[-3,65],[17,24],[-9,44],[-31,57],[-46,26],[7,50],[-41,110],[-38,16],[28,78],[-23,40],[-13,85],[-23,52],[-2,63]],[[8688,43491],[25,-18],[41,26],[30,-5],[51,-41],[91,29],[-5,-52],[18,-55],[54,-23],[-3,-90],[39,-134],[39,-72],[10,-64],[26,-4],[17,71],[-46,78],[1,22],[44,36],[54,6],[16,74],[29,10],[94,-97],[38,-100],[22,-30],[36,2],[50,36],[47,124],[26,-13],[12,-110],[19,-30],[66,18],[64,-26],[39,40],[51,-2],[21,15],[-15,65],[15,48],[40,-1],[43,96],[29,12],[3,-77],[-23,-70],[22,-86],[34,-53],[21,38],[0,48],[33,33],[39,14],[35,-27],[31,-2],[-3,-56],[-87,-60],[-12,-133],[35,9],[92,54],[48,-19],[27,-161],[32,17],[5,55],[35,-16],[27,38],[38,-11],[8,-29],[39,-31],[67,89],[3,19],[-42,42],[-16,36],[-43,32],[69,172],[59,115],[43,-24],[-37,-103],[22,-74],[64,-4],[61,-37],[75,-14],[36,-52],[-9,-35],[-49,-2],[-29,-36],[-8,-34],[23,-92],[46,-68],[37,13],[13,55],[-16,84],[94,6],[31,-12],[-14,-53],[-65,-70],[-11,-31],[64,-108],[52,-31],[3,-45],[-45,-11],[-38,34],[-86,-21],[3,-34],[26,-33],[-1,-38],[34,-61],[-12,-84],[-73,14],[-35,23],[-65,-36],[-3,-82],[-10,-25],[-45,0],[0,-76],[34,-35],[42,-10],[-1,-113],[29,-47],[-16,-22],[61,-72],[8,-29],[36,-24],[-28,-61],[-25,-114],[6,-39],[28,12],[35,-30],[8,46],[62,6],[44,-12],[45,-65],[-30,-52],[43,-16],[52,-4],[12,-14],[56,5],[12,-25],[-39,-28],[-30,-68],[-52,-59],[-1,-72],[17,-16],[41,29],[53,15],[23,-29],[45,18],[6,-51],[-3,-101],[28,-18],[22,-41],[39,-28],[17,14],[-7,56],[33,52],[4,68],[102,60],[38,-26],[56,-2],[29,72],[23,28],[50,-54],[8,47],[-17,27],[74,21],[7,16],[-34,64],[31,57],[-20,35],[1,54],[38,11],[-5,-44],[37,-60],[19,19],[-24,51],[30,42],[27,-38],[44,-4],[8,-49],[23,-16],[67,44],[42,102],[12,-59],[35,-25],[24,18],[25,-17],[101,-2],[-25,42],[9,48],[30,7],[12,-58],[42,-20],[12,-77],[33,24],[21,-17]],[[8688,43491],[-6,27],[13,63],[-79,46],[-39,37],[-33,-31],[-28,26],[-23,-30],[-9,-64],[10,-85],[-23,-38],[-61,114],[15,60],[13,136],[-16,111],[-32,33]],[[8835,45895],[44,-18],[19,63],[10,118],[2,133],[10,17],[65,32],[10,-75],[23,-56],[-3,-41],[23,-58],[13,-63],[23,-40],[71,-57],[53,40],[51,7],[42,42],[41,107],[44,2],[40,-36],[-25,-38],[-1,-53],[46,-85],[48,-57],[37,-11],[38,21],[35,-103],[-47,-80],[-31,-17],[-26,8],[-70,-14],[-4,-74],[26,-18],[26,-46],[49,41],[21,-16],[7,-41],[35,-5],[40,-42],[70,-4],[0,-43],[-50,-26],[-12,-58],[-17,-8],[-17,-69],[21,-56],[-36,-37],[-7,-113],[37,-12],[18,27],[86,-34],[7,-40],[67,30],[50,-1],[32,-33],[11,-88],[-66,-69],[30,-26],[52,22],[44,-24],[-29,-55],[-14,-52],[1,-112],[67,68],[61,5],[56,70],[43,-86],[27,46],[36,23],[36,-3],[3,-45],[-16,-36],[13,-91],[-4,-85],[82,-35],[-10,101],[11,35],[38,-15],[57,21],[-6,-79],[12,-125],[38,9],[25,54],[25,2],[51,40],[13,-35],[45,-38],[0,-20],[-44,-61],[7,-44],[-32,-29],[8,-61],[26,5],[47,-64],[42,48],[87,14],[23,-9],[-16,-109],[-1,-46],[-35,-14],[-29,-84],[34,-4],[-11,-80],[32,1],[16,-25],[37,33],[69,37],[40,-23],[-27,-31],[20,-76],[54,-36],[15,59],[5,64],[32,-21],[9,65],[28,15],[14,-38],[32,-10],[5,40],[31,3],[66,-22],[67,41],[54,-35],[44,-85],[25,-18],[32,18],[-33,126],[33,92],[29,-27],[28,19],[40,-37],[33,-6],[25,-75],[90,63],[14,-38]],[[11666,43817],[16,-51],[-61,-35],[9,-48],[37,3],[107,-98],[-27,-53],[4,-26],[-67,-31],[22,-35],[41,19],[11,-67],[80,21],[60,-30],[54,22],[9,-83],[-38,0],[-41,-61],[-32,-30],[60,-50],[21,-28],[14,-86],[123,38],[38,-38],[28,-51],[-37,-65],[49,-77],[34,-12],[15,78],[-13,24],[11,74],[39,6],[1,-73],[65,-40],[29,18],[27,112],[66,19],[55,-18],[33,4],[22,-42],[17,49],[-27,111],[53,48],[37,-3],[-6,-63],[21,-47],[29,6],[23,-41],[18,23],[47,-11],[42,-133],[22,-25],[43,44],[50,-63],[54,-53],[-9,-47],[51,-40],[13,64],[26,-37],[-5,-40],[121,-83],[14,32],[54,-22],[-6,47],[65,5],[15,-97],[39,-68],[-2,-90],[-21,-47],[37,-43],[39,-16],[13,-75],[68,49],[25,-28],[29,8],[20,-19],[46,34],[0,-80],[34,-6],[-6,59],[48,-8],[85,13],[-6,24],[16,70],[60,-54],[50,7],[88,-27],[19,-25],[34,12],[8,-29],[33,1],[9,-25],[41,7],[-4,37],[54,46],[24,-48]],[[77449,50100],[-24,72],[0,130],[45,104],[9,53],[-10,75],[11,30],[-27,62],[14,25],[-6,67],[19,17],[9,67],[40,43],[-30,126],[19,68],[-37,91],[27,90],[-38,85],[0,43],[-19,127],[16,43],[-10,73],[-20,81],[-42,-12],[-54,54],[-37,51],[-43,30],[-40,67],[-21,89],[0,86],[28,25],[3,57],[-29,52],[-14,52],[25,70],[-6,29],[14,87],[21,35],[27,117],[-5,73],[-23,64],[66,46],[11,22],[-19,65],[26,45],[0,36],[38,30],[18,-14],[32,31],[56,-33],[41,49],[34,9],[18,50],[-6,27],[12,72],[-7,29],[38,37],[21,50],[51,81],[18,3],[9,96],[112,47],[66,106],[38,104],[29,34],[-21,92],[-46,7],[6,151],[27,48],[66,-31],[20,37],[-3,43],[-20,9],[-9,67],[-39,33],[3,27],[48,59],[-47,79],[29,57],[47,30],[8,53],[39,39],[-12,47],[36,39],[27,5],[17,61],[26,44],[0,87],[-29,18],[19,58],[51,49],[15,46],[-8,41],[11,105],[29,40],[9,51],[-3,60],[38,97],[-50,113],[39,55],[-28,97],[12,28],[34,10],[20,72],[-53,26],[7,44],[-18,50],[-18,0],[-47,75],[-562,-14],[-1491,47],[176,1853],[12,144],[-20,88],[-5,117],[-8,35],[7,54],[-1,146],[17,42],[9,73],[25,47],[33,179],[26,70],[-9,60],[-21,36],[-7,62],[-33,18],[5,28],[-17,45],[-38,28],[-15,69],[-5,91],[-45,64],[-53,36],[-10,29],[-48,69],[-13,-1],[-44,62],[0,145],[31,37],[9,63],[-34,39],[1,39],[-36,68],[0,114],[-42,121],[-15,26],[10,77],[-52,34],[-2,41],[-34,43],[-12,99],[31,41],[-27,119],[-3,88],[8,65],[-46,94],[-9,72],[-57,80],[-60,-12],[18,52],[-9,26],[-53,61],[-9,47],[17,76],[24,44],[7,61],[-18,52],[3,37],[72,70],[75,-20],[26,18],[10,44],[-7,74],[-37,118],[-14,26],[-29,2],[-31,-27],[-23,25],[-21,54],[-45,77],[-60,62],[-2,46],[13,52],[43,-20],[32,3],[28,-24],[17,14],[8,76],[28,84],[48,15],[-30,112],[-1,77],[37,65],[18,55],[56,-30],[6,103],[-11,42],[-56,90],[1,57],[-19,67],[-30,21],[-63,92],[-31,23],[-53,-28],[-37,-7],[-11,39]],[[75588,63011],[42,32],[47,64],[32,24],[34,57],[21,72],[13,7],[54,-59],[68,97],[-38,78],[-35,46],[-39,-22],[-25,47],[-19,98],[-13,17],[-44,-34],[-50,23],[1,62],[40,34],[57,-59],[16,17],[-8,79],[-77,36],[-9,82],[-29,37],[-25,67],[0,44],[16,49],[83,32],[7,137],[-40,85],[61,14],[11,58],[34,-2],[53,-46],[18,1],[-13,81],[24,11],[17,49],[-70,50],[-24,33],[51,39],[-17,20],[-39,0],[-25,19],[-1,80],[13,75],[56,80],[32,-25],[38,-85],[22,-6],[43,42],[13,54],[-44,50],[-54,-2],[5,125],[29,1],[41,-75],[19,13],[29,58],[-8,88],[-41,18],[-39,48],[-93,16],[-1,36],[24,32],[38,19],[38,-42],[31,9],[29,61],[55,-13],[23,-45],[57,3],[63,36],[6,33],[-35,10],[65,106],[5,42],[80,112],[8,49],[50,25],[-6,-87],[15,-13],[41,55],[-2,56],[37,-12],[24,-32],[-4,-50],[60,-86],[9,-37],[64,36],[40,39],[7,54],[46,5],[-2,40],[-65,62],[20,105],[-63,59],[-21,65],[52,101],[50,45],[-13,49],[-44,-52],[-32,-10],[-11,60],[6,30],[60,43],[70,0],[24,-53],[41,-11],[22,33],[29,-31],[-7,-76],[-21,-44],[2,-47],[19,-12],[83,9],[3,102],[109,32],[28,-25],[24,33],[2,70],[-40,67],[-49,18],[-3,27],[95,113],[18,50]],[[77062,66395],[32,-4],[44,-54],[15,84],[-19,44],[6,59],[59,-5],[23,59],[9,63],[27,36],[25,-71],[36,-12],[13,-54],[37,-41],[56,-17],[21,-34],[-67,-66],[-7,-26],[20,-44],[69,7],[25,-45],[-8,-78],[-29,-37],[-94,9],[-64,44],[-34,36],[-24,-20],[12,-60],[22,-17],[1,-97],[27,-106],[12,-19],[58,30],[13,51],[64,-15],[15,-72],[68,-6],[24,33],[23,-16],[2,-47],[-47,-97],[17,-57],[31,-28],[51,-13],[12,-36],[-102,-45],[-24,-38],[-43,-37],[-59,-8],[-12,-56],[-31,-64],[12,-59],[33,35],[10,-44],[59,-9],[36,43],[-6,60],[13,11],[50,-24],[25,-42],[35,-4],[18,-77],[56,-37],[14,-46],[-22,-57],[-17,-86],[18,-51],[-30,-54],[-3,-65],[-22,-57],[36,-37],[31,36],[40,11],[17,-103],[27,-47],[28,21],[8,-37],[-6,-165],[76,49],[14,-11],[-12,-100],[-31,-61],[-35,9],[-43,-7],[-53,-38],[-10,-43],[76,0],[18,-32],[-57,-41],[1,-50],[30,-30],[0,-67],[58,17],[28,-16],[40,52],[-3,79],[94,-3],[-7,-85],[13,-80],[28,-9],[27,55],[78,-6],[29,-44],[2,-63],[22,-57],[-3,-49],[-20,-64],[-6,-54],[27,-52],[8,-39],[48,-59],[-8,-97],[73,-109],[0,-45],[67,-45],[9,-19],[104,1],[39,-12],[-7,-55],[-30,-65],[3,-58],[20,-71],[16,-22],[44,48],[86,-9],[7,-51],[-33,2],[-7,-40],[-60,-61],[20,-40],[58,-6],[28,-23],[-12,-41],[-27,-33],[-11,-107],[31,-83],[44,33],[23,-51],[52,-74],[28,47],[63,-29],[-3,-46],[40,-74],[14,17],[-3,69],[28,11],[18,-52],[26,6],[51,-20],[5,-50],[-48,-8],[-5,-25],[44,-61],[9,-43],[-47,-72],[-17,-58],[93,-15],[53,-69],[112,-57],[4,-78],[39,-50],[9,64],[20,28],[31,-3],[43,20],[67,-73],[52,24],[48,80],[28,-14],[6,-66],[22,-38],[25,-6],[38,23],[21,-58],[-36,-22],[-11,-27],[44,-127],[47,-13],[50,-70],[42,15],[33,-58],[54,18],[55,-49],[23,-45],[18,-68],[18,14],[33,63],[27,-19],[10,-115],[-18,-63],[7,-31],[30,-31],[37,-70],[-9,-48],[-32,-40],[-43,-1],[-21,-22],[-19,-123],[11,-87],[-14,-82],[18,-137],[-33,-201],[-8,-82],[-31,-97],[0,-23],[-42,-58],[13,-146],[19,-44],[26,-16],[22,-60],[-71,-64],[-69,-34],[-21,-33],[-34,14],[-41,-61],[26,-95],[24,-39],[18,-71],[37,-42],[36,3],[27,-26],[2,-30],[32,-5],[34,-36],[68,-36],[37,-58],[-14,-37],[36,-14],[69,-66],[75,-36],[28,6],[40,-96],[0,-109],[44,21],[20,-36],[19,25],[48,-107],[31,-11],[20,-47],[35,-29],[-21,-49],[6,-42],[-11,-41],[-30,-9],[-15,-40],[29,-26],[22,37],[46,-3],[-5,-89],[29,15],[-7,-88],[22,-11],[21,-47],[1,-78],[-18,-27],[-2,-42],[-23,-32],[55,-71],[-7,-82],[56,-64],[-16,-56],[-45,-6],[6,-41],[44,-27],[23,40],[21,-17],[26,-53],[12,-89],[-6,-60],[45,-5],[11,-37],[-9,-54],[29,-19],[-13,-50],[62,-61],[-34,-20],[26,-33],[60,69],[62,13],[0,-50],[24,-7],[23,36],[35,-10],[56,-62],[13,-29],[31,7],[50,-114],[24,-37],[33,14],[32,-72],[45,-15],[17,-135],[-29,-55],[12,-73],[71,-4],[4,-39],[55,18],[27,-4],[56,48],[48,-1],[34,-27],[1,-34],[26,-22],[19,-57],[50,-109],[20,-9],[82,6],[12,17],[59,6],[29,19],[42,-6],[12,17],[60,-17],[-1,-66],[26,-7],[21,-48],[-26,-53],[-52,-23],[-24,-29],[-18,-98],[-30,-28],[-62,-14],[-26,-44],[-23,-14],[-54,-116],[-23,2],[-34,-61],[-2,-33],[-37,-90],[-28,-25],[-34,-115],[-40,-15],[-14,-39],[-43,-54],[-4,-74],[-39,-66],[-12,-57],[-39,-42],[-43,-81],[0,-36],[-52,-140],[31,-21],[-30,-81],[-43,-27],[-6,-24],[34,-61],[22,-96],[17,40],[26,123],[65,115],[40,0],[46,-66],[34,-118],[-6,-64],[-62,-132],[-13,-104],[-24,-52],[-63,-80],[-21,-78],[-30,-7],[-11,-42],[-31,-20]],[[8410,46500],[34,52],[63,28],[25,76],[25,36],[27,2],[113,50],[-44,103],[-19,19],[19,63],[38,22],[72,-87],[23,-1],[64,-43],[25,49],[30,21],[17,75],[-16,56],[37,21]],[[8943,47042],[14,8],[22,65],[22,22],[52,-14],[-6,-39],[10,-73],[35,-2],[90,-36],[7,10],[1,121],[-15,102],[-35,3],[-10,39],[0,121],[17,33],[39,-43],[-4,-51],[17,-52],[49,85],[22,93],[44,35],[18,-33],[11,-87],[17,-47],[27,-25],[82,31],[50,-11],[-27,69],[5,24],[67,52],[15,30],[60,-57],[22,-39],[-12,-41],[64,-61],[34,-56],[32,1],[24,-37],[45,-22],[18,28],[-62,66],[-5,46],[76,34],[52,0],[39,22],[17,56],[-31,39],[-31,-5],[-34,55],[2,104],[36,38],[36,-21],[-8,-107],[36,-18],[36,-46],[43,15],[-11,63],[26,38],[-18,60],[30,90],[71,1],[38,-118],[-3,-62],[32,-19],[33,83],[14,-38],[62,-88],[30,-5],[110,118],[65,15],[23,-29],[65,-36],[69,-89],[28,-7],[53,-46],[138,-81],[22,-40],[-51,-35],[-14,-72],[48,-142],[36,-19],[6,33],[39,72],[0,70],[16,47],[37,-7],[65,-34],[43,-37],[41,28],[43,-6],[37,-62],[40,-25],[97,-29],[29,-2],[18,-44],[36,12],[8,-51],[21,-16],[61,39],[57,-50],[40,-8],[46,-58],[49,6],[23,-24],[14,-53],[42,1],[-2,-69],[20,-19],[29,12],[78,-52],[22,-33],[35,-14],[41,-70],[72,-40],[96,-141],[26,1],[55,-81],[54,-201],[4,-104],[38,-129],[3,-58],[21,-23],[35,-149],[1,-44],[21,-153],[16,-55],[10,-88],[19,-57],[35,-39],[20,-56],[52,-64],[-24,-54],[-89,-118],[-444,-551],[-53,-21],[-142,-4],[-35,-16],[-35,-38],[-107,-180],[-42,-130],[-5,-94],[-31,-61]],[[16405,46963],[-176,254],[-306,452],[-209,316],[-73,104],[-111,169]],[[15530,48258],[-2,85],[-68,172],[-16,165],[11,69],[26,104],[-3,46],[-24,69],[-2,60],[-16,135],[19,64],[41,62],[24,75],[3,64],[23,87],[63,58],[40,25],[69,16],[114,105],[8,98],[23,28],[27,-29],[34,18],[16,32],[63,35],[-4,145],[41,8],[3,74],[-39,76],[-69,13],[-27,22],[-24,104],[-34,37],[-3,47],[33,66],[-18,38],[0,142],[20,23],[26,-31],[21,5],[64,113],[25,-23],[-1,-55],[53,49],[5,80],[-46,23],[-41,62],[17,104],[24,4],[22,36],[22,-8],[27,43],[-15,72],[-31,41],[-35,9],[-9,48],[-44,74],[16,48],[55,52],[-13,71],[-31,50],[-3,121],[22,14],[26,-21],[73,125],[-44,43],[-4,33],[27,19],[37,-7],[39,35],[19,-6],[67,43],[-8,45],[144,-79],[398,-244],[96,-63],[228,-157],[377,-223],[41,-26],[247,-141],[137,-65]],[[24872,48759],[25,-9],[12,83],[-31,54],[-28,21],[-25,50],[37,28],[39,-45],[72,-19],[18,-50],[42,-73],[46,40],[-29,36],[-15,58],[-66,107],[-44,84],[-11,72],[114,13],[41,-59],[13,-43],[68,-84],[62,-42],[43,47],[0,31],[-48,35],[-13,74],[-33,77],[-31,31],[-73,9],[-45,32],[-18,43],[20,48],[79,17],[28,16],[41,-21],[99,-23],[41,22],[-22,114],[-26,60],[4,27],[48,38],[86,-7],[8,16],[-18,79],[-27,66],[-45,165],[-13,71],[42,45],[50,-5],[7,-65],[44,-41],[17,46],[28,36],[29,-3],[-1,54],[-24,79],[-18,29],[-68,53],[12,54],[21,16],[45,-6],[11,50],[-27,33],[-24,60],[-6,54],[18,55],[4,51],[26,-5],[65,-89],[-1,-111],[53,-12],[39,25],[74,-10],[65,-66],[40,-1],[38,53],[-5,51],[-35,57],[-39,21],[-81,-59],[-33,7],[-34,151],[-46,37],[-65,27],[-50,55],[62,164],[15,5],[32,-92],[27,-38],[84,-38],[41,-4],[12,114],[-3,97],[-22,77],[9,49],[54,-56],[34,-13],[50,0],[48,-14],[39,10],[44,71],[51,22],[-77,35],[-87,48],[-3,40],[-36,5],[-67,47],[11,58],[-6,44],[36,32],[36,53],[54,30],[65,-117],[19,-3],[13,62],[46,11],[5,101],[23,62],[54,43],[7,81],[-51,74],[-21,-31],[19,-83],[-11,-29],[-62,-16],[-46,13],[-53,33],[-18,32],[-4,62],[64,148],[33,42],[10,62],[19,19],[50,-33],[22,-30],[13,-70],[37,-33],[82,71],[59,89],[30,-7],[59,40],[-2,63],[-92,95],[4,62],[42,11],[75,52],[12,55],[-29,45],[-23,85],[20,46],[77,-43],[21,-41]],[[26474,52543],[44,-90],[18,11],[43,84],[77,-84],[49,19],[8,35],[-13,69],[-105,40],[74,152],[-5,33],[-44,51],[-20,76],[25,86],[31,-7],[50,-53],[37,-104],[9,-60],[0,-75],[57,-19],[26,24],[-29,121],[37,50],[16,41],[-2,76],[35,10],[12,-98],[78,-81],[113,31],[23,-58],[-7,-62],[28,-80],[12,-68],[-13,-80],[5,-72],[18,-9],[22,90],[31,53],[23,7],[41,-37],[6,-86],[38,-17],[33,53],[15,111],[-12,107],[-22,36],[-28,119],[-2,58],[52,-28],[26,4],[89,-40],[20,-37],[-67,-121],[58,-38],[44,31],[41,94],[-6,30],[-33,3],[-3,31],[-44,52],[23,72],[31,-41],[69,-47],[42,-13],[8,31],[45,65],[24,20],[56,1],[11,-56],[-19,-40],[-20,-87],[-25,-52],[3,-81],[43,-82],[20,-9],[40,28],[74,-50],[11,46],[-45,150],[-23,45],[23,41],[58,-101],[40,-30],[68,20],[25,41],[22,92]],[[28087,52890],[33,-4],[47,54],[42,7],[15,46],[-28,64],[-28,33],[-66,53],[-8,30],[28,27],[51,-27],[26,-1],[46,53],[42,97],[80,-84],[33,54],[41,-76],[46,16],[13,37],[-8,45],[15,66],[21,32],[37,-1],[57,-28],[11,-39],[45,25],[3,-47],[-25,-92],[26,-35],[31,84],[0,32],[34,12],[13,-71],[-16,-46],[21,-20],[27,70],[12,60],[21,2],[29,-35],[-4,-87],[26,-45],[119,34],[12,-59],[-24,-37],[1,-47],[18,-32],[40,-20],[13,22],[38,-18],[41,40],[24,-6],[86,-57],[6,-91],[32,46],[38,12],[17,33],[51,-29],[14,19],[44,-13],[55,-53],[-57,-27],[-36,-2],[-41,-42],[-32,-49],[-27,-4],[-18,-41],[65,-14],[48,57],[36,-7],[41,37],[38,13],[2,-76],[13,-52],[-52,-65],[58,-9],[47,-97],[41,-3],[45,56],[55,20],[-37,62],[-33,12],[-28,-13],[-41,12],[-2,34],[22,24],[29,138],[37,-23],[3,-64],[57,18],[46,38]],[[29780,52828],[-3,-67],[15,-44],[48,-62],[48,-31],[65,16],[103,-27],[70,-59],[49,-25],[49,-57],[8,-45],[33,-22],[53,-83],[26,-55],[91,-78],[259,-482],[6,-103],[-8,-30],[-41,-67],[6,-106],[21,-96],[-3,-172],[9,-30],[-12,-132],[-23,-44],[-17,-98],[-80,-105],[-20,-66],[-42,-94],[-9,-45],[-3,-126],[-18,-61],[-49,-12],[-36,-27],[-12,74],[-30,16],[-32,-101],[14,-51],[-4,-37],[40,-23],[-9,-46],[-42,3],[-13,64],[-38,-8],[-103,-146],[-17,46],[-34,18],[-6,-74],[-13,-54],[-17,-15],[-57,25],[8,-40],[-27,-39],[-8,-51],[12,-39],[-16,-51],[-21,-18],[-27,-87],[-40,-19],[-28,-91],[8,-66],[-28,4],[-42,-29],[-15,53],[-48,64],[-41,0],[0,-46],[-33,-24],[-17,-44],[48,-64],[36,-35],[-1,-48],[-25,-47],[34,-25],[9,-37],[40,-26],[-6,-31],[-46,-11],[-29,18],[-47,1],[2,-47],[32,-17],[-4,-91],[-52,44],[-39,-17],[-6,79],[-63,-13],[-10,-49],[-36,54],[-24,-13],[20,-109],[-46,-32],[-18,15],[-31,64],[-18,64],[-15,0],[-30,-107],[12,-37],[39,-30],[4,-73],[66,-46],[-2,-38],[35,-26],[22,67],[73,-6],[35,-39],[20,-53],[-35,-5],[-23,-24],[-4,-132],[-25,-11],[-88,71],[-22,-57],[-23,19],[11,83],[-78,6],[-14,54],[-22,-24],[8,-62],[-21,-57],[24,-50],[4,-60],[35,-21],[-8,-45],[-25,-9],[-31,33],[-20,48],[-26,21],[-40,-1],[6,-79],[45,-31],[32,-116],[-17,-36],[8,-29],[-22,-57],[32,-39],[-2,-37],[-54,2],[-9,-68],[-36,-35],[41,-16],[16,-45],[20,-2],[26,-71],[-43,-75],[47,-47],[26,44],[75,50],[25,-126],[-46,-29],[18,-55],[-11,-26],[-57,-13],[-36,42],[8,-89],[-32,-22],[-1,-49],[40,-69],[-7,-55],[29,-21],[-3,-41],[-77,40],[15,-57],[-10,-28],[-35,1],[-41,56],[-137,4],[-21,90],[-57,-106],[-49,-55],[13,-45],[79,-21],[38,-66],[10,-66],[-10,-77],[30,-29],[1,-36]],[[48648,46691],[11,-23],[76,-38],[91,-88],[43,-74],[34,-1],[46,128],[34,66],[50,63],[37,-2],[24,-29],[7,-54],[-7,-44],[7,-69],[19,-51],[10,-60],[6,-109],[51,-42],[24,28],[71,147],[44,82],[31,73],[40,20],[80,-54],[40,-40],[45,-25],[42,0],[53,33],[107,50],[58,13]],[[47713,49285],[-20,126],[-23,76],[9,60],[21,26],[4,53],[-51,51],[-52,32],[-25,30],[0,43],[40,86],[49,54],[-33,57],[-51,-21],[-83,-100],[-47,-128],[-22,-196],[-39,-28],[-70,79],[-45,99],[-12,44],[82,124],[65,76],[36,58],[26,99],[19,101],[25,16],[94,11],[50,-7],[61,57],[31,57],[69,101],[37,149],[20,49],[49,71],[75,54],[2,41],[-24,40],[-62,39],[-56,16],[-51,30],[-4,41],[29,47],[69,66],[24,50],[30,98],[23,36],[55,56],[15,30],[-1,50],[-67,39],[-44,2],[-43,-15],[-90,12],[-37,50]],[[47770,51472],[2,53],[22,76],[24,41],[109,48],[19,40],[-4,68],[-16,71],[14,60],[54,8],[48,114],[7,59],[-5,68],[-20,36],[-53,0],[-38,-30],[-44,-77],[-83,-64],[-74,4],[-32,28],[-13,60],[15,29],[36,20],[37,48],[9,82],[21,92],[55,-27],[43,11],[42,67],[13,56],[9,187],[-3,97],[-16,83],[1,71],[30,118],[18,94],[-8,45],[-33,46],[-64,52],[-11,31],[14,41],[89,47],[37,55],[-20,92],[-45,69],[-59,21],[-82,-50],[-116,-57],[-32,5],[-30,52],[-117,132],[-48,74],[-1,23],[131,107],[61,24],[24,27],[12,106],[-15,71],[-98,177],[-30,95]],[[47556,54448],[29,51],[65,9],[47,-38],[18,-88],[32,-96],[73,-128],[39,-33],[39,18],[34,70],[49,202],[22,213],[18,74],[76,124],[21,48],[24,109],[-11,49],[-56,32],[-125,-42],[-63,-31],[-106,-86],[-37,-3],[-89,83],[1,39],[32,177],[18,45],[46,57],[162,2],[73,-27],[49,-33],[62,-57],[59,-75],[62,-59],[28,-15],[93,0],[51,22]],[[48391,55061],[53,-8],[56,15],[25,-30],[-8,-72],[-42,-9],[22,-140],[33,-77],[48,51],[17,-56],[29,-3],[18,-34],[24,-2],[23,-39],[28,59],[14,1],[61,-69],[85,-49],[-53,-213],[8,-70],[43,4],[18,25],[-6,70],[28,10],[26,-25],[34,-2],[0,-78],[55,-85],[2,48],[18,27],[37,-12],[-5,-83],[52,52],[30,-6],[-7,52],[31,52],[23,14],[36,-17],[47,57],[16,42],[39,-1],[17,46],[26,-8],[10,-90],[32,20],[30,-25],[19,14],[65,-74],[30,4],[31,88],[32,47],[-16,30],[0,92],[27,-30],[34,95],[29,20],[-22,38],[17,63],[-4,28],[27,78],[56,77],[37,-69],[-15,-84],[25,-3],[35,-31],[3,-57],[19,-58],[40,-23],[59,-2],[-3,25],[47,50],[33,-30],[10,68],[-17,18],[56,54],[53,-13],[41,2],[27,88],[41,-70],[45,-41],[81,-28],[23,-74],[20,-9],[45,15],[30,-29],[19,21],[47,-43],[43,-68],[73,-12],[37,-50],[83,-3],[32,-10],[393,-204]],[[52774,53524],[-19,-27],[-79,14],[-34,-17],[-41,-89],[1,-66],[-34,-48],[-35,3],[-51,-38],[6,-66],[-27,-42],[-39,-16],[-56,-39],[-27,-57],[8,-36],[-22,-57],[-16,-81],[3,-37],[76,-223],[-15,-94],[-92,-124],[-116,-61],[-73,-22],[-54,15],[-77,36],[-26,-32],[-3,-87],[10,-31],[41,-15],[54,-43],[21,-59],[80,-50],[34,-39],[21,-43],[1,-38],[-28,-41],[-40,-28],[-27,-62],[-3,-55],[-45,-12],[-28,-49],[7,-56],[2,-154],[-33,-29],[44,-136],[52,-61],[7,-104],[54,-40],[52,-117],[36,16],[16,45],[54,27],[11,31],[29,-12],[34,12],[30,46],[50,8],[12,-30],[38,26],[66,-52],[96,-86],[9,-38],[41,-88],[18,-11],[51,35],[21,-31],[26,12],[48,-20],[29,-122],[17,-14],[64,-135],[-51,-71],[-26,-51],[13,-101],[-43,-95],[5,-68],[-11,-128],[-11,-39],[16,-56],[-12,-81],[27,-18],[47,-122],[79,-64],[12,-22],[86,39],[65,74],[67,15],[107,1],[4,-57],[23,-30],[-7,-56],[28,-23],[37,0],[43,-41],[23,-56],[49,39],[52,-27],[58,-209],[-32,-71],[10,-29],[-27,-51],[26,-74],[-16,-55],[13,-66],[-8,-152],[44,-11],[22,-57],[29,45],[54,-25],[14,-51],[13,-94],[-4,-47],[45,-21],[-6,-36],[18,-52],[-7,-62],[6,-77],[44,-53],[-11,-102],[-59,-2953],[52,-31],[11,-56],[34,-14],[33,6],[30,-44],[28,-14],[20,-47],[5,-86],[55,-93],[5,-39],[25,-2],[46,-111],[61,-60],[54,-120],[75,0],[13,-60],[30,-52],[17,-109],[50,-36],[24,-105],[71,-96],[10,32],[44,-13],[83,-7],[20,72],[33,4],[26,-55],[81,19],[57,69],[53,8],[32,22],[1,34],[43,20],[71,72],[28,51],[18,8],[70,-43],[50,-14]],[[31515,46369],[1,50],[-17,71],[-55,145],[-13,69],[7,61],[44,71],[25,-2],[35,-34],[36,-82],[-30,-139],[22,-80],[54,0],[74,49],[34,7],[31,-139],[32,-21],[20,17],[29,131],[30,67],[44,48],[67,30],[46,64],[20,61],[49,56],[25,6],[91,-97],[26,35],[-58,97],[-12,57],[28,46],[95,54],[48,84],[48,54],[44,-45],[1,-28],[-40,-66],[7,-32],[88,-14],[20,-66],[-4,-39],[22,-100],[50,-32],[23,35],[9,100],[12,42],[53,2],[58,-67],[59,-14],[63,33]],[[29780,52828],[28,14],[14,-47],[23,-4],[21,41],[63,3],[7,-83],[99,51],[0,25],[-50,36],[-37,3],[10,77],[81,49],[13,41],[-43,-5],[-54,79],[-5,77],[-26,41],[46,28],[36,-45],[19,39],[46,-1],[31,32],[57,-19],[22,-44],[16,-65],[-15,-14],[-69,46],[-31,-96],[9,-32],[87,-34],[-10,-58],[82,40],[41,-24],[-35,-55],[-20,-68],[33,-16],[37,47],[48,-103],[4,-109],[47,-96],[29,16],[-25,50],[1,33],[-20,60],[14,28],[41,0],[38,-49],[11,-47],[65,52],[9,54],[-34,57],[39,1],[27,-62],[37,-4],[-9,-61],[40,-14],[28,-42],[-19,-85],[27,-34],[-13,-52],[22,-35],[25,21],[-5,87],[57,-14],[-2,-46],[19,-56],[23,-10],[50,35],[-3,48],[16,31],[54,-38],[13,-36],[53,59],[23,0],[-2,61],[-27,47],[33,38],[18,-20],[74,-3],[1,38],[27,26],[48,-5],[4,36],[-38,-5],[1,33],[23,32],[32,-10],[58,-60],[-30,-79],[20,-43],[-10,-73],[11,-46],[-27,-33],[0,-59],[-11,-36],[73,-26],[6,55],[-12,25],[17,72],[59,35],[11,-33],[50,3],[51,49],[40,5],[20,-51],[55,-8],[1,-21],[-40,-80],[23,-39],[-2,-66],[-23,1],[-13,-55],[8,-27],[33,12],[37,-19],[26,-52],[37,-33],[68,-2],[29,-22],[9,96],[85,-33],[-13,49],[4,49],[33,35],[36,1],[15,-59],[43,3]],[[32007,52229],[28,-178],[-205,-386],[289,-517],[330,-79],[314,-634],[229,-458],[281,-609],[23,-118],[-12,-48],[50,-26],[15,-40],[-31,-48],[47,-43],[3,-24],[-66,-25],[-3,-35],[21,-98],[-25,-29],[-15,-44],[33,-10],[32,-35],[2,-46],[56,-47],[1,-56],[24,-15],[0,-73],[-32,-34],[-35,13],[11,59],[-28,69],[-40,-7],[-23,-26],[-60,-223],[5,-67],[32,17],[12,35],[61,18],[28,-16],[15,-48],[-20,-43],[-36,-13],[-16,-35],[36,-42],[19,-51],[-42,-43],[-33,31],[-3,-59],[49,-39],[25,-76],[-12,-49],[-72,-162]],[[7929,46725],[26,137],[-6,102],[-26,15],[-35,-38],[-30,1],[-105,-63],[3,61],[-8,82],[26,61],[-41,30],[-96,32],[-43,-9],[-58,-58],[-25,-12],[-44,29],[-15,45],[24,10],[30,-32],[50,112],[-12,47],[46,36],[1,20],[-113,165],[-127,82],[-35,-72],[-59,-10],[1,-58],[26,-118],[-23,-7],[-64,19],[-17,61],[-17,20],[-32,-8],[-48,21],[-47,40],[-50,62],[-58,42],[-19,46],[-53,19],[-15,-84],[-45,-93],[-18,-3],[-73,43],[-38,9],[93,202],[29,92],[19,160],[-10,69],[3,65],[14,43],[42,65],[43,28],[-4,36],[-29,21],[-64,19],[-93,71],[-43,23]],[[4567,50624],[-8,242],[-13,93],[-25,112],[-21,145],[-25,118],[-27,89],[-44,220],[-47,171],[-28,84],[-24,113],[-11,120],[-23,119],[-4,185],[11,323],[72,305],[20,47],[20,127],[16,225],[40,125],[13,62],[21,35],[7,61],[94,163],[29,72],[35,65],[15,47],[48,81],[44,104],[58,84],[18,42],[79,135],[28,28]],[[7896,54703],[2,-23],[40,-11],[15,41],[1,94],[19,45],[53,42],[22,-50],[81,62],[24,4],[4,-46],[75,-50],[5,-29],[-29,-19],[-74,18],[-17,-19],[-34,-78],[4,-65],[37,-56],[19,29],[55,-3],[41,-20],[31,-36],[39,-70],[49,-17],[7,90],[41,49],[57,-15],[36,68],[37,44],[45,-48],[-4,-43],[12,-51],[22,-7],[67,126],[-11,28],[19,66],[48,-45],[26,-2],[50,-63],[39,41],[36,63],[31,18],[40,-27],[-3,-40],[55,-175],[31,40],[13,65],[21,-14],[46,34],[-7,-90],[16,-34],[27,-14],[23,-62],[48,15],[31,-9],[-8,-107],[-58,-37],[48,-30],[50,-2],[20,-52],[72,-44],[-19,-49],[-33,-29],[-40,27],[-41,-60],[-58,-19],[-23,-33],[21,-36],[26,-5],[18,36],[32,8],[43,-28],[29,-42],[51,-26],[14,-32],[3,-55],[-35,22],[-18,31],[-31,-36],[-72,-46],[-38,-10],[22,-58],[44,17],[45,-4],[8,-71],[123,-3],[13,-35],[-40,-42],[15,-98],[-22,-39],[-15,-68],[49,24],[30,-22],[0,-39],[-66,-77],[56,5],[55,42],[80,-20],[5,-55],[-20,-47],[-27,-12],[10,-70]],[[9575,53128],[-16,-31],[-38,-130],[-49,-89],[-22,-12],[-411,-102],[14,-16],[-16,-74],[2,-57],[17,-42],[29,16],[6,-75],[30,-26],[28,17],[55,-35],[1,-234],[-21,0],[3,-525],[31,-121],[9,-231],[-2,-228],[-21,1],[4,-331],[-33,26],[-130,21],[-38,-53],[22,-44],[8,-79],[54,-57],[41,-7],[26,-31],[34,-9],[57,-61],[126,-190],[42,-34],[-4,-243],[-10,15],[-2,-278],[10,-29],[-2,-111],[-22,-73],[-9,-87],[-19,-65],[6,-53],[-28,-82],[9,-49],[-23,-66],[10,-59],[-9,-61],[-29,-32]],[[9295,49012],[-47,11],[-11,-85],[30,-8],[38,-76],[-13,-46],[-18,-5],[-31,60],[-29,-12],[-4,-39],[-29,3],[-18,43],[-4,90],[-26,53],[-27,-6],[-13,38],[-57,8],[-38,23],[-43,-8],[-6,27],[-50,-3],[-1,-103],[-32,-18],[28,-58],[7,-57],[-27,-24],[-32,51],[-24,-23],[-11,-47],[-47,18],[-29,-44],[37,-41],[7,-38],[-29,-67],[43,-49],[31,-55],[33,-5],[39,-72],[27,-30],[4,-89],[-27,-121],[7,-149],[-8,-17],[23,-54],[7,-49],[18,-22],[26,-83],[70,-69],[76,-15],[-265,-371],[56,-103],[7,-154],[11,-65],[19,-15]],[[37894,46129],[26,23],[28,-3],[-7,152],[12,46],[-26,20],[7,53],[-13,74],[9,43],[40,47],[0,30],[38,34],[-1,50],[31,66],[30,17],[43,87],[53,33],[59,99],[139,428],[-62,20],[63,110],[-7,316],[139,70],[57,185],[-72,161],[-153,322],[22,57],[1,53],[-21,114],[7,75],[-15,130],[-72,31],[-35,-19],[-47,12],[-24,37],[-5,170],[29,32],[39,133],[26,9],[32,72],[31,13],[2,31],[29,98],[-15,67],[24,29],[-1,38],[-25,31],[6,65],[-15,22],[17,41],[-4,93],[38,-9],[-9,44],[-23,33],[50,11],[11,34],[-38,45],[7,48],[-8,50],[-46,85],[0,41],[-19,37]],[[38276,50465],[21,47],[-2,50],[-26,56],[17,18],[89,-24],[14,-25],[61,52],[50,-29],[8,42],[-20,54],[-29,41],[-17,57],[84,14],[-6,37],[29,34],[-31,21],[-12,46],[36,69],[38,110],[13,-38],[30,-18],[8,-69],[58,16],[30,24],[22,-13],[28,-61],[42,115],[19,-25],[77,17],[45,47],[26,8],[16,54]],[[38994,51192],[31,25],[-2,-61],[29,-70],[65,-6],[-1,111],[87,-26],[-35,-50],[2,-38],[35,10],[32,-57],[-18,-47],[-42,-3],[-8,-28],[75,-129],[26,-24],[39,2],[42,-25],[30,2],[52,-35],[58,-57],[51,-7],[16,-26],[63,-20],[17,-16],[64,-21],[29,-33],[-12,-42],[2,-70],[34,-105],[17,-23],[-21,-45],[-85,-71],[-18,-52],[44,-24],[36,5],[41,-49],[80,5],[27,14],[49,-59],[43,-26],[21,-39],[48,-11],[-1,-49],[50,-17],[27,55],[56,73],[16,-10],[102,21],[16,48],[47,56],[9,61],[27,35],[58,5],[26,28],[26,83],[18,21],[81,6],[29,-24],[75,-3],[17,14],[90,9],[157,-122],[51,-22],[93,40],[29,28],[16,41],[56,41],[35,12],[63,58],[68,22],[7,31],[60,9],[31,46],[31,-38],[62,-5],[-18,52],[-9,98],[40,29],[-26,55],[27,35],[-6,28],[29,50],[18,83],[-41,90],[64,-11],[31,36],[8,49],[-72,91],[-21,60],[-50,59],[34,39],[35,19],[24,-7],[26,24],[-46,53],[-48,87],[99,78],[29,37],[28,-21],[32,-83],[18,-126],[42,-4],[16,44],[2,56],[-25,25],[-41,85],[60,93],[30,31],[39,-7],[-17,59],[-35,20],[-29,67],[7,59],[35,21],[23,-70],[34,-17],[35,18],[58,5],[14,20],[-26,47],[-5,57],[50,38],[24,-24],[23,-92],[50,51],[29,-8],[25,-65],[-7,-51],[41,-4],[38,44],[3,52],[-40,76],[-28,3],[-29,55],[10,135],[24,74],[-29,68],[-75,9],[10,55],[38,-10],[-2,56],[-85,89],[-25,2],[-16,-39],[-6,-98],[-13,-1],[-27,58],[-14,85],[-24,-20],[-9,-67],[-75,119],[60,70],[3,27],[-35,48],[-24,101],[-11,91],[29,68],[38,47],[41,17],[10,-130],[-46,-37],[3,-30],[38,-30],[32,12],[44,81],[66,37],[37,-6],[20,-102],[43,-38],[38,25],[35,51],[-2,25],[-31,46],[-6,40],[49,115],[8,58],[0,102],[50,47],[-12,32],[-50,23],[-34,59],[7,78],[-17,74],[48,7],[45,20],[40,75],[-45,69],[11,87],[31,60],[11,45]],[[42372,53991],[46,17],[43,-11],[8,-45],[-47,-49],[35,-69],[1,-37],[40,-11],[26,-34],[69,39],[22,-20],[-7,-122],[-25,-53],[-66,-1],[-16,-37],[3,-80],[49,-14],[37,24],[46,4],[54,29],[0,25],[39,93],[24,7],[29,-39],[2,-122],[12,-26],[30,0],[46,-50],[-12,-94],[16,-25],[-45,-24],[-24,-56],[-60,-38],[12,-45],[27,-30],[64,18],[29,-80],[2,-86],[44,-84],[37,-42],[41,-22],[28,-31],[22,-101],[-2,-50],[22,-28],[47,41],[24,-16],[93,10],[44,-5],[2,-123],[-5,-50],[-28,13],[-31,56],[-28,-28],[-38,13],[-11,-54],[19,-81],[-29,-40],[-3,-42],[37,-36],[25,56],[45,-84],[-21,-50],[61,-24],[44,4],[11,-36],[26,-22],[35,-4],[15,-86],[25,-23],[-25,-87],[12,-45],[-35,-33],[9,-88],[75,-68],[16,-33],[-45,-18],[16,-91],[16,1],[14,-134],[24,-13],[6,-84],[26,-48],[-3,-76],[53,-64],[18,-81],[27,-37],[38,10],[26,-57],[-10,-65],[4,-97],[21,-27],[52,-6],[15,-62],[27,-34],[22,-54],[34,-50],[16,-55],[50,-25],[6,-153],[74,-16],[8,59],[-14,43],[5,95],[64,51],[61,4],[40,29],[73,101],[3,32],[30,68],[61,19],[34,28],[54,23],[38,-20],[51,-2],[30,-23],[127,-26],[29,15],[43,-3],[32,-20],[49,2],[65,60],[43,20],[61,13],[70,95],[85,22],[11,45],[40,15],[11,-37],[44,-6],[12,106],[17,40],[52,32],[59,-14],[49,5],[11,45],[31,2],[34,63],[31,25],[13,-25],[57,-22],[8,49],[-12,67],[31,19],[18,-54],[22,10],[-12,84],[33,27],[47,-21],[20,-30],[32,12],[27,-49],[50,-3],[12,-35],[62,-39],[25,31],[5,42],[63,33],[9,58],[32,-30],[43,21],[73,-31],[9,-83],[15,2],[31,-68],[29,-35],[1,-107],[67,-58],[16,-49],[20,24],[34,-20],[18,84],[19,-8],[29,141],[-33,30],[35,66],[75,-30],[21,33],[41,13],[24,-55],[32,19],[26,-20],[6,119],[50,48],[3,47],[51,-22],[30,-44],[38,31],[27,-31],[-43,-64],[11,-46],[30,7],[6,-60],[25,7],[23,-47],[27,51],[13,-54],[-28,-28],[55,-78],[-11,-75],[38,-5],[18,41],[37,-10],[7,-66],[27,43],[51,-70],[20,36],[28,-30],[16,46],[27,32],[82,19],[-8,39],[56,89],[38,15],[45,-8],[43,48],[39,-13],[30,17],[33,82],[17,-4],[40,68],[51,53]],[[27285,13543],[-13,-12],[-12,-76],[8,-55],[-13,-16],[-39,25],[-52,3],[1,41],[-85,27],[-19,-63],[-20,45],[-48,-9],[51,-52],[65,-27],[39,-37],[30,18],[52,-19],[32,-25],[-4,-28],[-88,-44],[-8,-16],[14,-73],[-18,-102],[-17,-31],[21,-48],[41,-38],[-16,-51],[-46,81],[-41,26],[30,65],[-59,65],[-17,-60],[-28,15],[-46,-12],[-30,-43],[-51,13],[-53,-12],[-10,-27],[65,-96],[21,-1],[53,-46],[2,-102],[15,-13],[37,33],[84,-52],[-3,-42],[-24,-28],[-37,28],[-36,-15],[-69,47],[-83,30],[-17,-31],[26,-49],[5,-61],[19,-28],[53,-30],[-41,-47],[-10,-41],[-44,11],[6,49],[-73,18],[-42,-49],[-40,-11],[-8,-29],[30,-28],[16,-54],[42,8],[9,-43],[38,-39],[3,-85],[-60,7],[18,-87],[-22,-21],[-14,-55],[-25,44],[-67,17],[-32,-51],[-27,-17],[-5,-53],[-20,-53],[-49,-60],[-7,-53],[0,-105],[-22,-107],[-80,-147],[-18,-83],[3,-33],[-16,-69],[-57,-28],[-29,-66],[-48,-53],[-53,-40],[-47,-80],[-56,-128],[-70,64],[-41,78],[-28,102],[-27,51],[-52,39],[-42,57],[-40,19],[-39,79],[-74,17],[-50,60],[-43,34],[-52,26],[17,-80],[-21,-52],[-49,-44],[-27,44],[-40,-12],[9,-70],[24,-50],[-19,-52],[2,-30],[29,-31],[27,-52],[33,-1],[43,-32],[10,-39],[66,25],[11,49],[23,-15],[24,53],[14,-44],[-17,-88],[-54,-72],[50,-113],[39,2],[27,49],[19,-23],[14,-76],[-51,-56],[-27,-124],[9,-35],[40,3],[36,-32],[65,-11],[13,-69],[43,6],[1,-59],[29,-47],[43,-137],[5,-140],[13,-22],[15,-81],[32,-19],[56,-189],[-13,-12],[-17,-70],[-1,-42],[-18,-42],[16,-99],[-9,-25],[8,-60],[-17,-27],[16,-78],[-19,-29],[2,-114],[16,-96],[-29,-105],[-14,-78],[-4,-86],[-16,-35],[4,-54],[-23,-75],[-5,-64],[-49,-62]],[[25946,8481],[-13,41],[-61,29],[-40,40],[-94,-55],[-70,-73],[-43,11],[-57,-7],[-14,-46],[-42,-32],[-30,22],[-17,-34],[-66,54],[-101,11],[-77,42],[-71,71],[-103,78],[-114,39],[-134,120],[-85,19],[-60,-31],[-93,-80],[-164,-227],[-95,-55],[-68,-56],[-44,-68],[-84,-55]],[[82025,47961],[18,40],[46,54],[8,75],[-28,102],[0,84],[32,58],[68,28],[92,26],[4,32],[33,102],[28,25],[51,81],[94,23],[36,-13],[47,4],[70,-81],[73,52],[20,35],[40,14],[28,-24],[90,3],[52,-32],[34,-42],[79,12],[29,-13],[65,4],[35,-30],[30,-110],[20,-21]],[[33742,47614],[44,-54],[21,15],[14,45],[-17,92],[13,26],[31,0],[15,-35],[41,-3],[1,53],[20,12],[-13,60],[57,25],[16,-18],[61,-13],[69,28],[9,75],[-46,37],[-8,32],[30,23],[-2,106],[-13,38],[24,32],[51,-19],[22,-81],[43,53],[-8,77],[45,18],[81,-43],[26,11],[-4,50],[67,8],[24,-29],[30,5],[-1,53],[-37,37],[14,52],[-6,48],[-23,36],[35,27],[29,-32],[32,2],[30,57],[26,-37],[-28,-113],[30,-18],[39,49],[43,-61],[22,18],[-4,80],[56,11],[26,21],[-5,60],[14,27],[-7,82],[49,-5],[20,38],[-4,97],[-29,39],[31,43],[11,55],[46,-6],[6,-56],[79,-4],[17,39],[33,-18],[20,48],[21,-60],[19,0],[8,104],[16,14],[35,-24],[43,-58],[28,33],[-25,92],[42,41],[27,-21],[12,-60],[46,-10],[70,73],[-10,69],[28,125],[32,6],[15,-76],[36,-6],[-14,55],[55,19],[13,73],[24,75],[47,-11],[23,31],[4,44],[30,18],[15,-31],[81,22],[79,-3],[57,84],[92,15],[34,55],[10,88],[27,10],[63,-37],[35,38],[5,36],[47,65],[14,36],[73,26],[92,55],[41,-4],[123,64],[70,-2],[85,-17],[61,-64],[33,2],[19,-45],[35,-13],[40,28],[37,-32],[18,17],[55,-13],[55,-62],[-9,-63],[23,-31],[6,-67],[42,28],[38,1],[23,58],[27,25],[29,-29],[18,33],[28,5],[11,31],[71,-15],[46,77],[6,-44],[57,30],[71,5],[31,-25],[45,-14],[47,17],[15,50],[81,61],[23,30],[57,47],[17,50],[-16,46],[48,-14],[4,32],[-23,30],[11,43],[75,-7],[11,59],[33,13],[13,76],[-38,29],[11,25],[69,-40],[33,0],[-27,82],[26,6],[53,48],[38,-15],[-1,49],[59,-64],[23,34]],[[32007,52229],[38,-7],[55,53],[-9,87],[20,17],[14,52],[39,-4],[-1,-54],[-16,-28],[31,-31],[25,-89],[39,-34],[25,58],[49,6],[25,-41],[17,16],[46,-31],[20,-75],[66,-52],[11,-57],[50,-66],[20,33],[-6,59],[13,49],[55,-11],[26,24],[136,-20],[40,-44],[40,35],[46,-25],[7,-58],[-8,-48],[22,-9],[65,34],[23,-50],[31,-1],[34,81],[33,-6],[26,-50],[26,4],[55,81],[18,-10],[32,24],[45,-61],[31,9],[40,-50],[52,-37],[15,13],[41,119],[24,20],[29,-48],[44,-20],[59,32],[78,-71],[47,3],[66,111],[49,-11],[26,49],[9,95],[35,39],[30,-5],[19,28],[36,3],[47,71],[33,21],[43,83],[37,54],[60,-11],[37,17],[77,106],[64,75],[86,30],[25,51],[63,5],[50,44],[60,76],[7,64],[-24,83],[129,-275],[38,3],[43,-36],[16,3],[51,139],[5,47],[27,114],[56,54],[33,74],[-17,84],[22,46],[62,56],[12,87],[50,57],[-2,105],[20,53],[25,5],[69,-42],[44,53],[17,54],[76,122]],[[35501,53831],[51,-95],[29,-32],[-18,-43],[48,-72],[243,-193],[43,-26],[71,-21],[47,-49],[9,21],[56,45],[15,35],[44,-39],[-6,-52],[16,-26],[28,-114],[1,-53],[-50,-145],[-11,-69],[66,-47],[-7,-94],[88,-58],[-31,-66],[283,-197],[65,85],[52,49],[-1,35],[80,80],[53,17],[38,-5],[53,-26],[34,-36],[44,-10],[10,33],[43,-3],[2,32],[29,32],[17,74],[49,49],[4,24],[-28,52],[-7,117],[49,49],[22,54],[59,26],[36,56],[11,-14],[60,-4],[39,34],[10,52],[39,-29],[39,38],[-16,63],[49,56],[0,27],[34,15],[11,-35],[54,-86],[14,47],[34,40],[86,-52],[-7,49],[-33,50],[23,47],[39,21],[37,-23],[31,-46],[69,-4],[-14,40],[24,72],[32,3],[2,82],[36,-22],[32,6],[49,-54],[50,0],[16,-46],[40,22],[-2,56],[27,67],[-31,35],[-7,108],[17,1],[34,-52],[40,-10],[0,-75],[55,-76],[12,-49],[69,-36],[-18,51],[20,66],[47,-7],[19,18],[17,70],[28,19],[50,-58],[40,16],[34,-11],[62,-40],[-1,49],[-16,35],[-31,20],[-17,39],[-43,28],[-25,65],[52,-20],[33,0],[54,-28],[43,-2],[-1,30],[-29,57],[9,76],[13,16],[51,-24],[4,58],[-18,34],[86,15],[27,23],[33,-16],[34,10],[-28,43],[-15,71],[39,18],[20,49],[59,31],[31,-16],[-1,-76],[13,-25],[52,4],[40,-25],[10,17],[-44,83],[71,41],[9,26],[-26,33],[-111,1],[-38,65],[35,52],[16,57],[76,67],[-26,21],[-5,51],[40,5],[53,38],[24,55],[28,2]],[[39202,54820],[10,-7],[21,-97],[10,-112],[-9,-70],[28,-79],[38,16],[25,-15],[-16,-73],[-2,-57],[26,-36],[85,1],[51,-7],[20,-16],[23,-92],[-27,-67],[-53,-12],[-55,32],[-28,40],[-17,63],[-36,20],[-33,-43],[-89,-71],[-20,-51],[79,-22],[86,-53],[62,-20],[15,-38],[-29,-22],[-69,21],[-28,33],[-41,3],[-9,-23],[36,-72],[1,-59],[-44,-59],[23,-40],[101,-25],[-16,-56],[-50,-29],[-23,-42],[27,-66],[32,-17],[19,32],[34,19],[42,-53],[50,-12],[10,-63],[-31,-124],[-61,-2],[-65,10],[-16,-24],[51,-109],[15,-5],[52,67],[105,-77],[-27,-41],[-44,-14],[-62,-35],[-95,-170],[-15,-59],[-22,-2],[-63,43],[-26,-13],[6,-104],[-17,-34],[-53,31],[-5,-76],[39,-39],[38,3],[26,55],[28,-58],[59,8],[19,-64],[-57,-24],[-30,-86],[-47,30],[-33,-14],[30,-43],[47,-106],[-11,-35],[-30,-4],[-18,57],[-44,-2],[-48,35],[-33,-7],[13,-51],[33,-77],[13,-101],[-9,-32],[-38,2],[-18,28],[16,87],[-21,15],[-41,-121],[-35,-45],[16,-150],[30,-58],[35,38],[20,41],[32,10],[13,-29],[-12,-123],[17,-32],[61,-23],[-3,-36],[-44,7],[-17,-30],[35,-111],[-9,-45],[-49,-49],[-35,-83],[17,-80],[41,-67],[-4,-20],[-53,-3],[-38,-33],[4,-29]],[[21842,52300],[70,-18],[107,-12],[43,-57],[17,-100],[1,-73],[34,-63],[56,-26],[46,-10],[87,4],[71,14],[31,-7],[75,-47],[43,-65],[24,-91],[15,-105],[11,-151],[25,-92],[58,-75],[80,-78],[52,-36],[145,-80]],[[22933,51132],[-10,-61],[-47,-3],[-42,-47],[3,-39],[-33,-71],[5,-30],[-26,-35],[7,-49],[-58,-34],[-87,-14],[-12,-17],[-46,3],[-2,42],[18,23],[-69,25],[-13,30],[-60,19],[-22,-41],[11,-98],[-55,-18],[-37,-50],[-35,-8],[4,-68],[14,-9],[17,-120],[18,-48],[50,-61],[7,-134],[-41,-16],[-81,58],[-41,-44],[-35,-2],[-56,-42],[-54,19],[-25,-16],[-108,-260],[-39,-79],[-79,-199],[14,-71],[-68,-48],[-21,-38],[-11,-58],[-47,-27],[-8,-27],[-49,-27],[-42,-73],[-70,-42],[-31,-3],[-22,-72],[-1,-53],[-53,-32],[-32,-4],[-52,-69],[-9,-113],[-109,-35],[-37,-63],[-50,-5],[6,-72],[58,-18],[39,-113],[22,-13],[121,-22],[16,-50],[35,-46],[53,-32],[41,15],[2,-37],[57,-23],[55,-80],[91,-111],[107,-106],[66,-20],[42,-65],[88,-55],[31,-41],[-19,-77],[41,-13],[58,-76],[151,-77]],[[22337,47646],[-23,-53],[18,-60],[37,-49],[35,29],[35,-10],[4,-32],[-24,-41],[-18,-76],[49,-48],[100,-31],[17,-23],[52,-28],[40,-52],[14,-83],[-5,-48],[-56,-60],[-67,16],[-39,-86]],[[22337,47646],[3,70],[27,74],[58,134],[-51,64],[-14,67],[9,29],[36,17],[20,54],[141,-5],[67,23],[63,55],[2,98],[-25,72],[0,46],[-38,4],[-10,22],[-131,-1],[-5,19],[58,82],[50,-2],[6,26],[76,-22],[48,21],[51,-27],[42,-92],[34,-22],[16,69],[-1,82],[33,52],[-3,95],[52,49],[-3,44],[-51,29],[-18,63],[12,43],[106,83],[71,23],[33,40],[41,14],[35,49],[2,51],[-49,20],[-73,12],[-15,39],[34,84],[-19,43],[-40,25],[-36,0],[-2,29],[74,27],[72,40],[30,-21],[-9,-57],[70,42],[14,30],[52,-13],[11,82],[-47,86],[-39,17],[-10,26],[-41,32],[-27,4],[-61,-40],[-51,-9],[-54,-71],[-70,15],[-28,56],[14,49],[56,19],[13,59],[94,42],[42,45],[71,20],[75,-50],[43,5],[0,52],[23,84],[-4,40],[-26,26]],[[23266,50127],[57,72],[81,28],[25,-8],[94,-100],[34,-22],[50,9],[96,70],[65,17],[35,-10],[112,-55],[12,-50],[2,-109],[-14,-96],[-41,-144],[-61,-126],[-38,-101],[-54,-75],[-38,-19],[-150,-34],[-24,-24],[0,-45],[27,-64],[67,-62],[90,-21],[116,-2],[78,30]],[[22933,51132],[25,-14],[90,-9],[56,-48],[15,-56],[-2,-177],[-11,-166],[3,-68],[25,-171],[3,-266],[4,-72],[42,-25],[46,20],[37,47]],[[22135,55278],[55,-14],[46,88],[34,-10],[24,56],[48,37],[18,-46],[-49,-112],[24,-9],[62,20],[38,-54],[16,5],[28,59],[23,-11],[25,51],[31,-15],[5,-80],[11,-49],[40,-49],[60,-47],[1,-78],[29,-40],[25,46],[49,51],[36,13],[-43,129],[38,3],[6,-39],[25,-13],[49,78],[6,62],[34,-14],[4,-80],[20,-43],[44,-23],[22,41],[0,53],[36,66],[51,-7],[42,-37],[-9,-32],[34,-39],[34,33],[29,8],[-14,70],[12,22],[-2,61],[103,-7],[22,-59],[-28,-36],[-7,-45],[51,-59]],[[23373,55183],[21,-77],[56,-10],[19,72],[40,-67],[55,-24],[0,-33],[26,-28],[30,32],[-8,62],[30,45],[47,0],[4,20],[-34,61],[-7,56],[22,90],[15,-53],[60,-60],[24,-2],[33,-39],[44,17],[36,-34],[12,44],[-15,40],[-41,10],[16,69],[-20,53],[17,57],[38,80],[36,-1],[7,34],[47,3],[8,83],[45,16],[27,53],[46,17],[42,-60],[12,69],[17,42],[55,-12],[30,18],[10,43],[78,64],[44,-4],[29,-31],[20,3],[1,54],[21,56],[30,-29],[32,64],[36,10],[15,43],[56,38],[39,-13],[56,13],[-2,77],[22,107],[23,-5],[54,63],[43,-1],[20,46],[39,-18]],[[24931,56406],[-1,-781],[-4,-768],[100,-13],[47,-23],[43,-85],[35,17],[55,-49],[247,-23],[40,10],[43,-15],[162,-8],[132,-19],[330,-33],[77,20],[53,-26],[12,-86],[43,-470],[17,-169],[56,-654],[56,-688]],[[24931,56406],[13,75],[48,18],[31,-6],[39,-42],[42,-7],[65,74],[32,109],[20,8],[66,63],[53,-3],[12,114],[21,45],[68,-6],[43,17],[37,57],[32,-57],[34,-14],[46,21],[25,49],[41,8],[72,103],[31,-25],[17,-50],[25,-3],[13,-40],[40,-43],[27,17],[55,6],[60,56],[72,96],[23,60],[-4,45],[55,46],[19,1],[40,67],[32,13],[45,-26],[39,-6],[89,13],[35,-66],[25,-7],[28,-41]],[[26537,57145],[-2,-362],[-1,-515],[2,-230],[-3,-213],[5,-319],[27,35],[5,51],[30,25],[16,-17],[31,27],[28,74],[7,50],[55,24],[95,-32],[41,-74],[49,37],[5,63],[16,63],[29,27],[23,94],[44,45],[57,-12],[57,-34],[27,64],[56,-42],[20,12],[-2,53],[15,56],[55,-42],[34,46],[-5,73],[36,75],[29,23],[36,-34],[50,-4],[30,51],[30,27],[23,103],[31,54],[50,-11],[22,89],[31,41],[31,69],[32,19],[70,137],[44,33],[60,94],[69,42],[56,131],[24,18],[37,90],[-9,117],[16,56],[46,51],[11,44],[39,-1],[88,52],[42,39],[701,-12]],[[29078,57565],[-14,-82],[0,-48],[-18,-80],[7,-48],[-20,-29],[-23,-71],[-7,-56],[-40,-106],[-74,-22],[-5,-20],[-11,-175],[-13,-115],[2,-124],[31,-21],[34,-59],[3,-148],[-7,-122],[-17,-126],[-32,-88],[-14,-4],[-33,-108],[-12,-69],[-21,-45],[-27,-7],[-21,38],[-22,-34],[-11,-55],[-60,-36],[-55,-97],[0,-61],[11,-87],[-28,-4],[-32,49],[-14,-59],[18,-269],[43,-517],[-69,-52],[-94,-131],[-31,-20],[-50,-72],[-16,-90],[35,-92],[8,-84],[-7,-61],[-44,-40],[-55,-85],[-16,-114],[-16,-23],[-56,1],[-97,-36],[-45,-8],[10,-53],[6,-96],[-53,-119],[-32,-96],[2,-40],[-73,-64],[40,-149],[45,-32],[54,-165],[45,-49]],[[7552,55389],[1249,11],[1084,-1],[10,475]],[[9895,55874],[905,0]],[[10800,55874],[-11,-15],[3,-66],[27,-159],[46,-40],[38,-47],[20,-75],[1,-158],[-7,-113],[14,-51],[4,-243],[-70,-170],[11,-9],[-125,-310],[36,-7],[59,-32],[71,-3],[50,27],[52,-11],[18,9],[-241,-584],[75,-32],[50,5],[26,-12],[0,-68],[19,-63],[-5,-83],[28,-66],[66,1],[48,33],[16,-16],[24,46],[40,-14]],[[11183,53548],[36,-18],[24,-61],[27,-27],[95,-2],[54,-41],[45,-77],[2,-46],[39,-66],[36,-249],[-2,-90],[-11,-30],[-1,-124],[51,-94],[8,-106],[-10,-44],[-88,-98],[-25,-45],[-46,-35],[-33,-41],[-24,-6],[-338,-144],[-98,143],[-21,76],[-28,38],[-64,6],[-121,69],[-6,18],[-57,1],[-21,19],[-83,17],[-52,23],[-9,-20],[-59,-49],[-83,-15],[-24,43],[-36,11],[-19,28],[-23,96],[-28,9],[-31,33],[-37,2],[-35,28],[-27,-5],[-31,-34],[-27,-6]],[[10002,52635],[-24,-27],[-36,-13],[-8,24],[23,140],[-51,38],[0,70],[-24,22],[16,80],[-45,-35],[-35,-3],[-13,55],[-32,-9],[2,84],[20,33],[-58,42],[-15,-41],[-21,3],[-6,43],[-32,47],[-40,-7],[2,-39],[-50,-14]],[[10002,52635],[17,-45],[-60,-53],[-33,-66],[25,-23],[-6,-79],[-27,-17],[-4,-45],[57,-33],[21,52],[20,15],[-3,129],[34,14],[11,-36],[31,-14],[26,-72],[48,-36],[-27,-39],[2,-47],[-35,4],[-28,-31],[-42,8],[-32,-29],[-89,-37],[-29,-35],[69,-60],[36,13],[39,-27],[10,-39],[-26,-102],[46,7],[30,-12],[34,36],[-28,43],[39,52],[32,-29],[50,-81],[-41,-24],[19,-37],[4,-45],[-22,-37],[-52,-19],[54,-57],[15,-53],[-4,-46],[22,-6],[31,26],[26,-46],[67,49],[35,-30],[19,-40],[-34,-59],[-28,6],[-18,-51],[26,-51],[34,4],[36,-20],[20,-39],[-46,-57],[54,-27],[-8,-40],[23,-47],[22,31],[32,-16],[35,7],[14,37],[31,-22],[8,-77],[39,-28],[-20,-31],[4,-41],[29,-43],[-9,-45],[-22,-22],[-42,-73],[-7,-86],[-27,-18],[0,-51],[-33,-110],[-12,-16],[-2,-69],[-44,-85],[-51,-36],[-31,-105],[-41,-33],[-65,-31],[-67,-112],[-8,-36],[-46,-58],[-34,-76],[-23,0],[-27,-61],[-6,-66],[-35,-63],[-20,-55],[21,-93],[-5,-66],[14,-59],[-7,-26],[9,-98],[10,-37],[-45,-115],[-30,-30],[-77,5],[-34,-17],[-31,11],[-53,-104],[-38,-47],[-16,-73],[-60,15],[-16,-62],[-30,-22],[-42,-5],[-21,33],[-7,61],[-68,-4],[-24,34],[-37,-1],[-25,-24],[-24,29],[-53,22]],[[11183,53548],[38,18],[-4,72],[33,43],[-1,41],[27,36],[57,47],[4,30],[98,-54],[29,15],[16,40],[66,49],[50,2],[35,-23],[24,28],[41,-15],[37,-34],[42,-93],[-1,-32],[51,-37],[9,-38],[80,-85],[36,-6],[37,-28],[29,-51],[25,-17],[36,-92],[26,-6],[29,-102],[4,-55],[23,-23],[74,4],[27,-76],[12,-63],[-9,-67],[17,-33],[26,-144],[29,-39],[-20,-107],[23,-63],[-38,-39],[83,-68],[49,-75],[76,-32],[32,-33],[64,2],[15,-23],[59,-8],[47,-57],[39,-27],[16,-28],[7,-56],[-4,-187],[4,-69],[28,-53],[29,-98],[6,-77],[23,-74],[57,-66],[55,-21],[28,-28],[52,-8],[30,-27],[70,2],[103,-56],[32,-38],[73,-141],[22,-81],[64,-181],[214,-9],[32,41]],[[13705,50975],[296,-447],[135,-194],[240,-363],[275,-407],[591,-881],[288,-425]],[[43669,55052],[1203,251]],[[44872,55303],[737,181],[160,-1453],[715,179],[783,166],[265,72],[24,0]],[[42372,53991],[-24,35],[-3,96],[-18,51],[-22,26],[-71,43],[-17,-72],[-3,-52],[9,-62],[-20,-10],[-35,86],[-3,144],[-5,23],[-79,0],[-33,36],[-4,111],[-20,43],[8,43],[61,14],[26,29],[-11,94],[-41,21]],[[44872,55303],[7,53],[37,67],[41,-53],[21,60],[59,-34],[57,35],[-10,46],[29,21],[18,75],[37,0],[17,33],[-9,53],[-46,20],[42,75],[-38,78],[-42,5],[-23,43],[10,70],[-53,104],[0,85],[-41,50],[-62,-19],[-58,13],[-42,55],[-7,65],[-101,57],[-65,69],[-9,116],[9,32],[26,1],[23,36],[81,45],[11,32],[27,2],[16,53],[123,10],[47,25],[41,47],[10,153],[60,44],[19,-17],[66,-11],[3,73],[25,74],[70,-60],[57,21],[62,43],[46,-15],[33,-54],[17,6],[50,-59],[11,-36],[57,-26],[78,-103],[52,3],[8,20],[70,14],[25,-13],[45,-59],[13,13],[37,-24],[31,73],[19,-51],[36,-31],[3,-48],[-18,-28],[13,-55],[34,36],[68,-5],[23,-35],[25,19],[-26,61],[44,31],[19,-53],[34,-58],[24,-7],[-3,56],[22,72],[21,31],[7,58],[25,16],[25,-16],[36,-61],[26,-21],[50,77],[29,21],[37,-21],[44,-62],[47,-39],[37,-3],[3,40],[20,34],[-7,82],[16,43],[35,45],[32,-39],[57,43],[53,28],[47,-6],[-15,-43],[28,-19],[45,33],[19,-14],[-22,-60],[28,-27],[13,48],[23,-8],[1,-92],[30,27],[20,-94],[56,17],[21,-34],[105,-36],[37,10],[16,34],[47,-40],[30,23],[8,59],[32,30]],[[47469,56856],[68,-26],[36,29],[12,217],[22,53],[52,5],[31,-10],[58,5],[150,69],[84,45],[73,23],[117,47],[28,-21],[21,-115],[-3,-41],[-30,-26],[-63,-13],[-72,9],[-39,19],[-51,-14],[-33,-46],[-7,-64],[39,-56],[61,-70],[6,-50],[-6,-75],[-33,-105],[-27,-41],[-44,-23],[-22,-36],[-10,-57],[28,-44],[64,-48],[49,-25],[39,1],[80,69],[39,93],[40,53],[91,67],[38,55],[86,51],[26,-18],[-24,-110],[-23,-159],[-18,-55],[-82,-151],[-11,-33],[-9,-89],[15,-66],[36,-88],[-8,-88],[-42,-80],[-46,-34],[-33,8],[-72,-38],[-71,-18],[-9,-71],[23,-46],[32,-19],[84,-16],[71,-36],[64,-99],[69,-173],[-4,-152],[-18,-68]],[[39202,54820],[-31,34],[-59,37],[-34,35],[-10,34],[54,36],[95,-29],[83,-63],[83,-37],[6,37],[-34,87],[-5,43],[75,135],[-5,43],[-49,22],[-18,46],[19,25],[43,7],[30,-13],[102,-71],[20,24],[-28,72],[-60,62],[-84,125],[-29,59],[-10,51],[6,35],[40,16],[95,-51],[29,-6],[121,60],[9,31],[-57,55],[-23,35],[1,59],[26,85],[-37,35],[-69,1],[-15,74],[77,48],[54,57],[51,41],[36,-18],[-6,-83],[12,-84],[37,-42],[86,-10],[63,-36],[11,54],[-85,117],[-51,127],[-12,64],[-49,39],[-35,4],[-45,34],[-10,39],[-1,68],[12,27],[115,21],[71,-22],[14,16],[-4,52],[-69,92],[-44,83],[-12,38],[25,72],[41,50],[27,-19],[60,-14],[13,49],[-17,123],[15,20],[36,-5],[56,-35],[30,46],[-94,108],[-30,71],[-39,35],[-74,29],[-10,81],[7,57],[24,86],[34,91],[30,24],[58,-46],[76,-168],[25,-4],[28,45],[13,48],[-5,77],[-52,55],[-28,61],[9,39],[30,52],[9,54],[-8,30],[-39,50],[-18,-2],[-39,-44],[-18,-45],[-25,-11],[-92,48],[-24,36],[49,52],[41,19],[113,5],[12,41],[-85,74],[-37,113],[22,37],[67,-66],[40,-5],[36,58],[73,18],[28,-14],[32,-49],[29,-17],[10,60],[-45,83],[1,54],[25,80],[11,72],[26,1],[123,-45],[27,35],[-13,84],[-42,13],[-53,-6],[-62,45],[-80,22],[-20,60],[28,55],[73,12],[88,-41],[82,-6],[68,-15],[14,62]],[[40413,58811],[38,28],[42,56],[22,-41],[-14,-72],[-8,-101],[-43,-112],[8,-39],[22,-16],[16,34],[55,59],[67,-30],[55,-58],[59,-112],[17,-16],[39,32],[33,108],[55,-17],[-6,-48],[-78,-101],[-26,-45],[-122,-103],[6,-26],[65,-52],[37,-45],[54,-33],[23,-101],[21,-52],[83,-62],[-23,-41],[-69,-6],[-49,24],[-73,-6],[-37,42],[-30,8],[-7,-38],[82,-114],[42,-22],[15,-49],[-32,-85],[-40,-49],[-36,-14],[-59,27],[-18,39],[-25,-4],[-48,-96],[7,-40],[86,-5],[68,20],[21,-6],[29,-73],[12,-64],[37,16],[92,119],[42,20],[42,-6],[36,-23],[12,-47],[-61,-36],[-26,-34],[-17,-86],[-53,-46],[-45,-6],[-27,-25],[-5,-35],[46,-139],[29,-37],[30,-2],[56,57],[33,-8],[-6,-52]],[[40320,58982],[19,-28],[11,-117],[63,-26]],[[35501,53831],[1,76],[62,69],[11,26],[-12,61],[43,38],[55,-20],[15,45],[33,35],[-7,91],[103,-20],[20,67],[-69,99],[6,30],[29,4],[32,-32],[25,-92],[20,-17],[46,1],[-11,63],[30,71],[1,29],[-39,21],[7,41],[30,22],[53,-18],[35,3],[11,42],[35,-30],[6,63],[14,15],[55,-27],[21,-22],[32,23],[-13,31],[4,46],[27,-8],[27,53],[32,16],[-42,59],[43,18],[2,41],[-47,17],[23,60],[77,11],[26,-31],[37,-17],[18,29],[5,46],[-6,85],[26,8],[19,-79],[22,0],[38,34],[-39,28],[-30,107],[-8,58],[44,32],[37,-83],[69,-21],[8,-61],[27,-4],[39,44],[-24,41],[-19,145],[88,-59],[33,-120],[23,-7],[-5,-52],[-30,-27],[-7,-34],[18,-33],[70,58],[-7,74],[25,112],[27,38],[-35,45],[-2,154],[-56,-9],[-35,7],[-25,27],[25,149],[41,-46],[47,-3],[2,75],[19,27],[55,-8],[21,44],[-8,93],[37,-38],[35,-8],[27,-36],[63,-17],[13,51],[-56,75],[-22,67],[3,42],[38,-10],[11,62],[21,2],[8,-44],[87,-102],[34,30],[-14,44],[-25,28],[2,43],[-19,52],[23,105],[32,-14],[7,-32],[37,-14],[17,-29],[43,103],[24,-19],[21,-66],[19,-16],[46,19],[5,21],[-34,62],[-5,63],[-20,20],[-442,148],[-189,97],[-159,119],[-379,425],[-35,29],[-79,91],[-158,157],[-5,38],[39,43],[39,-28],[42,-52],[23,-107],[39,0],[21,37],[37,5],[6,39],[46,8],[9,57],[22,-2],[25,75],[-7,42],[42,15],[-2,64],[25,4],[48,-34],[15,104],[-12,32],[13,40],[34,11],[20,37],[2,75],[38,-8],[14,-38],[28,5],[19,-25],[64,18],[20,26],[46,-11],[38,12],[-29,80],[-34,21],[15,45],[1,51],[44,15],[-14,32],[-68,-12],[-29,49],[13,22],[92,47],[54,-72],[35,24],[14,63],[-9,41],[34,34],[53,32],[17,62],[41,-23],[33,-45],[38,6],[4,134],[43,-28],[33,18],[18,-53],[26,20],[38,-13],[11,34],[50,-8],[44,-23],[64,37],[-24,42],[3,69],[11,16],[52,-50],[27,-43],[16,86],[-1,47],[-31,27],[-1,39],[34,7],[34,-49],[66,-25],[35,44],[-3,53],[-17,39],[25,26],[39,-56],[2,-44],[60,20],[32,0],[18,27],[-15,53],[41,-2],[37,24],[8,77],[-40,26],[-10,57],[24,63],[39,-43],[58,-4],[8,26],[-33,32],[14,65],[-26,22],[9,78],[100,22],[16,18],[45,8],[21,42],[36,23],[52,-9],[30,34],[45,29],[68,-23],[45,38],[34,-17],[24,43],[24,-26],[79,63]],[[10800,55874],[1091,-5],[539,4],[1279,7],[-6,-1918],[3,-394]],[[13706,53568],[-3,-806],[5,-8],[-3,-1779]],[[20650,59137],[18,-31],[13,-94],[-22,-30],[-9,-45],[29,-5],[54,-38],[34,23],[85,-18],[8,-37],[26,-30],[108,31],[-5,-70],[32,13],[45,-7],[34,-29],[9,-37],[84,-3],[17,-15],[-8,-47],[24,-13],[40,-53],[74,40],[12,32],[34,33],[33,-1],[49,35],[37,40],[33,-49],[28,51],[62,26],[38,68],[-13,22],[60,42],[29,31],[-14,25],[18,33],[48,-34],[57,-7],[26,-15],[30,-43],[22,23],[62,-29],[79,-16],[70,36],[41,-39],[71,-14],[21,8],[31,-24],[-10,91],[19,53],[0,43],[86,99],[13,38],[24,1],[29,48],[21,-53],[51,-4],[178,36],[14,-59],[26,-43],[22,-10],[23,-80],[23,60],[-1,56],[29,-3],[-2,57],[60,-17],[18,44],[50,18],[34,-32],[41,37],[30,-36],[36,13],[35,32],[29,2],[52,-41],[50,-5],[2,24],[60,7],[22,61],[26,-8],[32,28],[10,-109],[48,-66],[19,-64],[-3,-41],[16,-34],[57,-20],[17,-31],[27,48],[20,4],[113,-249],[60,-140],[-5,-87],[42,17],[111,-429],[35,47],[33,-45],[50,-20],[36,-81],[20,-5],[26,40],[66,-15],[61,-25],[19,12],[-17,56],[35,2],[72,57],[27,-60],[-2,-112]],[[24419,57983],[-46,31],[-7,27],[-50,-55],[2,-41],[-40,-41],[-29,46],[-27,-27],[5,-40],[-38,-4],[-11,-65],[-58,46],[-45,-3],[-4,-31],[27,-21],[-8,-36],[-40,15],[-20,-69],[-34,22],[-4,-42],[-65,-54],[-35,13],[-41,-9],[24,-50],[-35,-33],[-28,49],[-39,-96],[-88,-85],[-39,-2],[-12,-47],[-28,13],[-15,-36],[1,-52],[-75,49],[-20,-11],[19,-65],[-22,-29],[-78,1],[16,-120],[-26,-10],[-33,-1759],[0,-179]],[[24419,57983],[84,77],[-20,45],[30,48],[-14,70],[36,11],[28,-20],[43,1],[23,50],[-27,41],[28,16],[23,-37],[17,28],[51,28],[34,2],[21,70],[27,46],[35,-48],[25,-76],[25,37],[-2,48],[39,47],[36,-32],[23,1],[1,55],[40,34],[38,16],[45,45],[17,-74],[30,-4],[15,25],[45,-19],[-9,82],[59,28],[64,-9],[29,36],[-10,44],[32,4],[-3,36],[42,43],[18,55],[26,31],[55,4],[38,78],[-4,57],[34,71],[23,3],[-2,47],[20,72],[31,11],[3,112],[29,-1],[25,76],[20,26],[23,-28],[58,76],[27,12],[-20,58],[26,72],[44,44],[21,59],[27,8],[25,49],[0,51],[34,73],[-3,118],[42,-4],[-19,47],[44,29],[-10,61],[13,19],[92,19],[19,35],[-47,130],[5,59],[-23,2],[-9,112],[-19,72],[-62,150],[-40,86],[68,47],[43,47],[229,352],[45,50],[75,44],[57,15],[122,-9]],[[59122,51352],[0,1],[-26,52],[-34,9],[-28,40],[-39,-37],[-7,67],[-29,2],[-52,-21],[-12,89],[-37,-20],[-14,-42],[-46,15],[-28,41],[-3,36],[-30,31],[-7,113],[-34,-24],[-22,52],[-35,16],[-2,33],[-29,4],[-16,52],[-38,-21],[-18,55],[-27,-3],[-42,59],[-18,53],[-21,12],[-32,51],[-11,57],[-103,3],[-35,57],[0,43],[-45,-3],[-35,31],[-15,34],[-61,62],[-58,21],[-25,46],[-93,65],[5,113],[-47,357],[-47,-16],[-25,7],[-38,57],[-76,27],[-16,18],[42,52],[-2,48],[-18,50],[-20,99],[31,54],[57,13],[-30,72],[-19,104],[-22,-3],[-118,134],[-67,63],[-37,24],[-26,51],[0,38],[35,115],[-34,25],[-17,61],[-61,68],[-30,66],[-46,17],[-41,-14],[-58,50],[-13,30],[-45,44],[-41,88],[-102,23],[-51,43],[-21,53],[-47,54],[-53,-3],[-49,-27],[-21,-28],[-53,-5],[-40,-66],[-39,-18],[-28,68],[6,41],[-32,52],[15,35],[46,40],[57,95],[29,23],[-50,41],[-33,67]],[[56625,54883],[48,78],[55,41],[31,-5],[14,76],[57,-51],[26,18],[22,-26],[9,-102],[16,1],[36,-64],[53,81],[-21,106],[-19,24],[52,32],[12,24],[4,67],[24,102],[54,3],[12,56],[53,-40],[-1,-31],[63,-16],[69,-102],[17,-59],[23,17],[34,-31],[58,57],[24,8],[15,51],[-1,53],[-38,62],[-7,38],[128,-93],[32,-40],[36,-9],[13,-24],[30,6],[-18,48],[28,8],[-13,96],[-28,16],[7,33],[-27,65],[18,7],[42,58],[-3,-84],[63,-44],[26,21],[4,-87],[64,54],[54,-17],[18,49],[-21,88],[79,19],[-5,86],[29,72],[53,-3],[-5,37],[25,21],[4,-62],[48,-17],[30,42],[61,-59],[59,102],[0,55],[34,16],[-4,89],[-19,76],[53,49],[38,-19],[30,55],[30,25],[31,-27],[12,50],[24,37],[-31,49],[-12,56],[93,-29],[27,46],[-6,40],[-35,-5],[5,91],[60,15],[-9,34],[-37,44],[52,97],[37,-21],[47,30],[8,32],[-31,28],[-5,46],[-52,20],[20,50],[61,-16],[29,42],[58,-3],[44,77],[16,-41],[25,-19],[28,-47],[14,28],[38,18],[-8,61],[61,-9],[27,63],[-1,69],[26,54],[-10,40],[15,52],[54,-20],[-14,91],[-20,19]],[[59053,57228],[56,-6],[50,9],[22,-34],[-21,-140],[15,-101],[50,-292],[167,-318],[11,-33],[-1,-121],[15,-61],[38,-68],[5,-36],[-16,-56],[7,-64],[27,-72],[56,-47],[13,-23],[45,-140],[24,-130],[26,-35],[41,-5],[99,57],[39,39],[36,-9],[46,33],[76,-41],[174,-37],[69,-21],[342,-75],[123,-87],[52,-30],[85,26],[26,-7]],[[13706,53568],[109,152],[41,309],[23,77],[20,28],[60,41],[96,18],[37,75],[23,141],[38,74],[46,64],[52,137],[17,97],[2,72],[21,112],[1,37],[23,109],[51,145],[13,80],[44,83],[14,81],[-3,73],[53,106],[-42,76],[72,103],[-29,23],[-336,2],[-29,58],[-2,37],[-26,74],[-23,28],[-18,65],[11,109],[-23,163],[-28,94],[-27,33],[-21,72],[-6,80],[-18,54],[-46,62],[-22,53],[4,91],[-15,104],[21,217],[36,146],[22,175],[40,182],[37,83],[36,54],[47,35],[71,7],[45,-34],[40,-6],[35,-37],[32,-2],[44,41],[24,40],[-1,106],[-26,132],[-8,89],[-22,20],[-4,42],[18,66],[26,57],[-27,79],[-30,45],[-6,32],[-36,57],[-4,54],[-23,38],[-30,4],[-38,28],[-40,-37],[-67,17],[-57,25],[-7,376],[-5,44],[7,86],[21,53],[-4,112],[-23,95],[8,49],[5,135],[15,21],[21,74]],[[14056,59860],[62,-15],[112,36],[75,-2],[38,-78],[56,-47],[47,-54]],[[43266,58877],[48,-39],[53,12],[41,45],[16,-35],[54,-7],[77,-24],[43,-68],[68,-16],[53,-61],[-11,-59],[7,-53],[59,-23],[55,10],[46,53],[90,-24],[32,18],[46,124],[12,54],[42,39],[3,57],[45,21],[18,64],[261,747],[42,-1],[83,-33],[54,-1],[41,12],[29,28],[30,57],[3,43],[29,29],[44,-14],[78,-86],[20,39],[40,0],[17,-29],[50,4],[27,39],[44,-25],[47,41],[77,-13],[29,52],[106,-127],[43,-2],[21,-26],[38,-4],[28,-29],[52,25],[-26,47],[5,69],[109,34],[2,47],[-51,48],[-12,42],[-25,24],[-14,62],[6,28],[34,17],[53,-22],[49,19],[33,-62],[10,-78],[27,7],[36,38],[28,-12],[9,-69],[20,-34],[9,-61],[-30,-41],[-25,12],[-39,-10],[-3,-37],[12,-82],[55,26],[45,8],[59,53],[12,34],[-9,46],[22,107],[20,14],[78,-61],[19,-41],[23,-11],[58,28],[0,38],[-36,66],[-60,57],[-26,-17],[-31,43],[36,52],[54,4],[25,-12],[48,9],[21,28],[-17,82],[-57,21],[-78,49],[-25,51],[24,131],[105,-92],[28,-14],[59,1],[29,45],[-2,76],[-23,47],[6,44],[27,27],[79,-15],[10,22],[-9,96],[-24,51],[-35,34],[22,46],[25,8],[39,62],[95,27]],[[46404,60947],[-14,-58],[0,-47],[17,-89],[20,-53],[90,-118],[37,-94],[52,-61],[60,-31],[98,-98],[58,-32],[79,-19],[56,-39],[59,-22],[86,-13],[63,-25],[57,-49],[9,-93],[-15,-77],[-24,-78],[-23,-34],[-62,-129],[-49,-66],[-23,-70],[1,-55],[23,-94],[22,-32],[71,-70],[61,-9],[19,-51],[-10,-145],[18,-18],[68,-26],[59,-12],[4,-64],[-21,-52],[-42,-44],[-54,-40],[-68,-63],[-120,-142],[-24,-56],[-43,-54],[8,-56],[46,-54],[45,6],[72,75],[46,11],[48,-33],[26,-76],[7,-122],[-2,-79],[20,-78],[25,-36],[65,-42],[40,30],[19,58],[12,86],[24,32],[57,47],[43,-39],[8,-159],[-24,-79],[-68,-70],[-23,-39],[-44,-106],[-9,-55],[5,-77]],[[47445,57670],[15,-73],[25,-67],[41,-13],[30,22],[74,75],[55,38],[85,39],[51,58],[60,29],[17,-16],[2,-55],[-70,-155],[-62,-148],[-51,-157],[-148,92],[-53,-38],[-8,-34],[6,-202],[-12,-91],[-42,-75],[9,-43]],[[66917,54492],[50,-11],[62,-72],[25,48],[33,-23],[43,30],[32,-4],[32,36],[20,-33],[21,50],[-2,37],[29,50],[38,-12],[20,-28],[57,27],[29,-18],[48,59],[52,50],[-1,29],[33,19],[-9,53],[23,19],[28,-34],[20,22],[-1,38],[-27,84],[54,31],[31,-14],[23,-38],[27,-11],[29,41],[11,67],[43,-31],[-19,-28],[2,-46],[46,-21],[-8,55],[35,4],[-1,40],[-35,75],[36,31],[56,77],[-11,102],[-3,108],[-25,80],[26,11],[22,81],[3,43],[-18,53],[0,39],[-18,55],[0,36],[-31,87],[-32,65],[-7,44],[-33,29],[-35,70],[-12,133],[11,113],[19,67],[-2,88],[10,79],[3,103],[35,67],[5,47],[26,74],[7,48],[-6,71],[-38,71],[-17,66],[5,142],[-4,147],[-11,52],[-68,27],[-43,43],[-73,45],[-36,104],[-40,79],[-26,23],[-17,43]],[[67468,57775],[698,-272],[-7,72],[20,111],[27,37],[67,36],[24,3],[49,46],[106,69],[45,70],[86,-34],[33,-21],[13,-75],[46,-4],[12,-20],[48,19],[53,-4],[47,69],[40,-9],[29,43],[34,4],[31,29],[29,103],[21,46],[18,-43],[21,-4],[61,91],[28,-17],[101,46],[14,30],[0,62],[24,96],[29,67],[49,-85],[37,24],[42,76],[-10,149],[37,38],[117,-142],[10,31],[34,9],[8,30],[31,15],[74,12],[18,-33],[75,36],[63,107],[-35,63],[39,18],[18,107],[-3,32],[19,53],[16,-64],[38,-43],[22,6],[11,-69],[82,-2],[5,-33],[30,-10],[32,52],[35,-20],[26,52],[26,-5]],[[70261,58825],[-8,-34],[51,-46],[34,-50],[9,-100],[26,-47],[-26,-67],[-2,-100],[22,-37],[0,-34],[38,-42],[-39,-48],[33,-67],[53,-78],[-2,-45],[21,-32],[-21,-105],[14,-96],[-22,-80],[47,-74],[53,-111],[32,-117],[42,-100],[24,-38],[-22,-58],[-36,-11],[-7,-31],[29,-45],[26,-6],[-6,-96],[-54,-24],[-13,-49],[13,-46],[-22,-57],[-9,-103],[27,-38],[-60,-66],[-37,7],[-20,-47],[6,-76],[22,-14],[37,-101],[37,-15],[45,59],[71,-78],[-15,-32],[37,-39],[-7,-73],[19,-27],[-21,-29],[50,-52],[16,-86],[22,-20],[20,-122],[29,-47],[51,-19],[17,30],[1,44],[38,-7],[45,-79],[23,55],[26,-7],[51,40],[-2,32],[27,25],[27,-18],[13,62],[25,13],[26,40],[46,29],[28,-58],[43,30],[9,44],[54,34],[26,-5],[86,16],[71,-66],[8,15],[57,-19],[37,1],[31,-97],[30,-34],[-4,-32],[27,-16],[-1,-58],[20,-52],[20,-6],[38,-50],[34,-94],[54,12],[32,-29],[120,-14],[20,29],[33,3],[14,-30],[51,-53],[16,-36],[45,-55],[51,-1],[43,-21],[46,-76],[19,-56],[-4,-102],[71,-165],[246,-583],[-2,-60],[17,-91],[20,-70],[25,-51],[12,-73],[31,-72],[42,-16],[36,-70],[32,-1],[24,-50],[19,-12],[24,-71],[26,-15],[1,-58],[52,-47],[53,4],[48,43],[22,36],[32,2],[30,34],[54,-39],[80,40],[33,-21],[30,12],[6,47],[77,29],[37,-48],[58,43],[18,50],[57,0],[22,16],[69,9],[17,94],[45,-9],[29,73],[77,-30],[12,-22],[45,11],[1473,-1175],[90,-80],[21,-4],[51,-132],[22,-38],[-10,-63],[11,-20],[11,-89],[21,-36],[-12,-127],[7,-64],[-31,-161],[18,-47],[-17,-112],[11,-25],[5,-77],[-7,-71],[-26,-71],[45,-111],[5,-141],[-7,-36],[34,-42],[2,-114],[-15,-43],[17,-146],[15,-9],[-10,-186],[20,-2],[11,-64],[-27,-23],[-8,-43],[26,-22],[-20,-187],[-28,-46],[48,-58],[12,-72],[32,-72],[19,3],[32,-47],[29,10],[57,-51],[28,19],[11,32],[-5,48],[13,32],[57,34],[19,-13],[43,18],[20,67],[28,27],[60,-17],[14,-48],[32,6],[45,-110],[25,-7],[10,-55],[44,-151],[17,-30],[36,50],[68,59],[7,27],[33,22],[51,-1]],[[70261,58825],[8,21],[-1,95],[42,14],[16,25],[41,20],[25,-44],[17,11],[48,102],[1,108],[27,42],[34,-1],[1,-33],[44,0],[-14,88],[7,69],[-12,63],[34,-17],[69,48],[50,-72],[108,-21],[69,75],[29,115],[11,100],[32,-11],[34,43],[18,42],[-1,48],[16,42],[27,-17],[11,104],[36,52],[117,38],[106,62],[82,32],[1844,-1048],[23,10],[31,96],[42,95],[50,48],[63,110],[16,85],[-5,89],[-28,40],[-5,51],[6,89],[23,60],[38,26],[47,2],[73,29],[26,41],[20,74],[39,46],[21,63],[92,153],[90,75],[2,42],[36,113],[56,89],[-7,81],[7,76],[-16,8],[-26,77],[-34,-76],[21,-58],[-37,-18],[-80,-7],[-24,19],[-15,104],[-45,134],[-20,20],[-4,49],[-25,78],[-6,61],[-19,82],[-46,3],[-31,34],[-39,88],[18,116],[1,76],[48,73],[-1,68],[9,93],[-47,178],[-4,127],[16,60],[37,73],[20,112],[41,125],[29,66],[-3,51],[-19,83],[-5,62],[26,90],[34,61]],[[73747,62815],[53,67],[47,1],[57,36],[42,3],[18,-32],[15,-81],[44,25],[32,-44],[13,-54],[26,-2],[30,-29],[11,50],[22,22],[12,64],[33,-74],[18,39],[23,-34],[30,10],[-3,53],[-15,12],[3,102],[14,75],[41,-13],[42,72],[73,-37],[0,-35],[44,-7],[1,28],[31,43],[35,-13],[10,78],[30,-40],[45,24],[34,-6],[34,-97],[-33,-30],[12,-34],[55,-39],[14,-31],[-7,-48],[33,-15],[31,41],[37,-51],[32,-5],[18,27],[31,7],[22,46],[58,-18],[21,34],[58,3],[70,31],[30,-53],[39,42],[16,-20],[53,-22],[28,17],[17,41],[32,-3],[23,-36],[-7,-54],[28,-33],[50,0],[12,88],[95,87],[28,18]],[[20909,60729],[51,-15],[24,-93],[41,-3],[14,120],[-47,10],[-30,28],[9,57],[30,-14],[41,34],[-44,73],[43,61],[31,-18],[58,12],[25,60],[49,-58],[31,50],[31,-5],[20,75],[45,-30],[51,5],[-39,64],[-45,28],[-2,63],[17,23],[27,-11],[10,43],[45,-17],[13,54],[26,18],[-2,56],[37,36],[40,-20],[17,-36],[35,24],[73,-16],[36,-85],[16,-74],[18,42],[65,25],[45,-95],[-11,-100],[115,45],[20,-44],[40,69],[24,-11],[42,49],[18,-22],[60,26],[-10,-103],[37,-45],[30,50],[24,-37],[39,-33],[36,-14],[26,25],[30,-68],[34,111],[29,-51],[-2,-27],[40,-7],[20,18],[21,291],[33,362],[27,386],[14,167]],[[22550,62237],[36,-2],[89,-47],[20,99],[67,18],[61,93],[21,79],[52,46],[98,22],[58,-3],[34,14],[61,-7],[62,-25],[22,-29],[28,8],[56,-41],[54,31],[49,-27],[70,39],[57,45],[56,73],[44,21],[52,54],[63,98],[50,101],[18,154],[26,48],[101,104],[2153,-1011],[643,-311]],[[29072,61363],[6,-59],[49,-26],[22,35],[20,-43],[-30,-97],[49,6],[19,-32],[12,-82],[55,-30],[7,-51],[-54,-45],[30,-50],[46,33],[14,-20],[-21,-53],[15,-32],[48,-21],[2,28],[62,-18],[5,-20],[-21,-77],[0,-43],[19,-28],[26,52],[31,-8],[6,-69],[47,-64],[-42,-47],[5,-43],[54,-17],[6,-39],[-45,-17],[-3,-74],[29,-47],[39,-33],[3,-62],[-19,-50],[39,-55],[38,19],[-18,-128],[62,-42],[20,-30],[-6,-71],[53,-23],[20,40],[12,-78],[25,-44],[33,39],[21,-22]],[[29862,59725],[33,-64],[-26,-63],[57,-78],[-26,-62],[40,-52],[21,-43],[-1,-59],[49,-6],[49,-83],[51,-8],[10,-18],[-11,-58],[-21,-36],[58,-75],[-12,-37],[10,-40],[25,-14],[36,21],[10,-19],[-39,-39],[-15,-94],[-36,-53],[8,-38],[-9,-81],[-25,1],[-158,-153],[-29,-84],[-9,-182],[-12,-39],[-4,-67],[-18,-54],[-3,-79],[-24,-45],[-9,-60],[10,-57],[-34,-88],[-730,-154]],[[21376,66574],[15,-12],[72,73],[19,-17],[29,25],[64,9],[22,19],[34,94],[18,-39],[28,-7],[-7,-44],[21,-22],[17,-81],[24,-13],[25,-42],[56,-50],[30,75],[47,24],[14,35],[-19,103],[21,43],[23,-42],[51,-7],[88,77],[36,-97],[80,28],[-2,-39],[28,-15],[-7,-37],[26,-23],[40,16],[62,80],[38,10],[14,-28],[51,-10],[22,-26],[45,13],[40,-5],[-20,-96],[49,-5],[10,-57],[29,-26],[-9,-66],[14,-18],[45,71],[92,-12],[58,19],[-2,-61],[38,-10],[46,6]],[[22891,66387],[-282,-3424],[-59,-726]],[[36261,60434],[-63,52],[-19,52],[1,53],[52,76],[26,72],[47,75],[44,11],[24,49],[37,29],[37,-15],[60,45],[8,65],[37,57],[-1,143],[14,25],[12,68],[50,78],[66,-17],[44,58],[20,52],[13,71],[-81,14],[-25,94],[-27,71],[-15,77],[20,110],[-4,68],[-19,42],[-19,78],[-35,61],[-4,62],[14,162],[21,72],[32,42],[33,120],[-8,81],[-21,59],[5,75],[38,23],[14,38],[-17,39],[15,46],[-1,46],[20,49],[10,58],[53,28],[30,44],[20,66],[9,82]],[[36828,63340],[6,71],[54,31]],[[22891,66387],[61,-20],[0,-54],[19,-41],[50,57],[15,53],[43,13],[12,-71],[25,-20],[-35,-45],[19,-17],[29,30],[67,19],[9,-67],[61,-22],[53,38],[-8,54],[56,27],[31,-80],[-17,-41],[39,-16],[24,51],[15,-27],[136,-30],[33,-31],[87,-54],[36,76],[29,-11],[37,-75],[25,-19],[61,8],[52,60],[43,13],[40,-82],[-42,-67],[28,-57],[79,-12],[74,-43],[25,57],[49,14],[47,-21],[17,-33],[37,9],[39,-16],[94,-94],[37,-47],[-1,-36],[-29,-17],[-17,-47],[65,-37],[-5,-60],[9,-103],[17,-36],[50,1],[71,85],[28,-12],[-2,-67],[35,-112],[3,-66],[33,-25],[49,33],[26,69],[30,14],[46,-6],[1,78],[19,69],[28,61],[35,24],[27,-15]],[[65006,61729],[-455,-869],[183,-422],[73,53],[189,-388],[-52,-131],[90,-446],[-9,-52],[-32,40],[-15,-70],[-51,-118],[-49,-1],[-5,-46],[7,-90],[-36,-16],[-37,-83],[40,-58],[-2,-66],[-24,-21],[-23,30],[-28,-85],[-42,-28],[-18,-38],[5,-103],[29,-21],[11,-63],[-18,-25],[-36,15],[-14,-34],[5,-70],[-50,-36],[-12,-22],[22,-55],[50,44],[19,32],[45,-40],[46,14],[81,64],[34,-40],[48,-102],[27,7],[18,-42],[53,-19],[49,37],[29,50],[32,-37],[42,30],[51,-12],[49,-55],[35,-2],[64,-26],[47,41],[75,-58],[55,-54],[30,-58],[8,-41],[33,-82],[46,-34],[60,-96],[30,-109],[110,-133],[20,-4],[-517,-884],[-68,-61],[-93,-8],[-26,-24],[-26,-94],[-16,-103],[-31,-56],[-66,-43],[-47,6],[-81,-28],[-45,-104],[-68,8],[-34,40],[-17,-7],[-17,-51],[-40,36],[-39,1],[-13,-59],[-23,-11],[-59,-71],[-14,-36],[-26,-17],[-35,-61],[-21,-77],[27,-37],[-4,-56],[18,-100],[40,-80]],[[59053,57228],[44,33],[40,5],[18,76],[39,26],[26,-21],[33,57],[-30,89],[-55,66],[27,45],[-5,56],[23,5],[18,40],[24,8],[-5,48],[24,43],[68,-16],[-14,-40],[16,-29],[57,-5],[17,-16],[27,52],[-41,59],[13,51],[44,11],[14,97],[0,84],[-22,10],[-20,55],[17,75],[28,71],[-1,76],[-20,33],[-92,-5],[-30,-34],[-41,-138],[-45,-25],[-32,35],[-24,89],[-32,34],[-34,62],[3,69],[44,15],[70,-21],[53,-6],[41,31],[41,50],[66,25],[75,73],[38,86],[0,62],[-43,74],[-141,3],[-50,48],[2,48],[26,48],[20,102],[25,44],[31,7],[78,-54],[24,-60],[23,-7],[67,30],[106,-8],[36,35],[6,71],[-51,100],[-74,57],[-70,105],[-20,82],[9,61],[49,60],[28,170],[-31,84],[-27,16],[-81,-18],[-28,14],[-52,143],[-65,98],[-42,51],[-55,106],[13,40],[50,-25],[30,2],[20,53],[49,91],[4,55],[19,38],[54,14],[58,-23],[65,32],[48,-35],[36,6],[36,29],[2,45],[-23,79],[-26,52],[-52,76],[-36,85],[-74,139],[-62,54],[-32,13],[-37,-18],[9,-61],[62,-99],[49,-155],[-44,-82],[-52,-17],[-65,-51],[-68,-31],[-52,-9],[-53,48],[-66,86],[-51,47],[-81,119],[-27,57],[-57,61],[-43,113],[-36,147],[-12,105],[13,61],[20,31],[34,14],[63,-34],[161,114],[28,4],[50,-56],[65,-8],[37,33],[32,76],[36,48],[64,122],[37,41],[31,74],[9,61],[-31,53],[-106,18],[-99,-6],[-65,5],[-49,34],[-28,36],[-68,170],[-33,60],[-38,29],[-43,-1],[-34,-30],[-38,5],[-33,32],[-26,48],[-4,84],[35,46],[47,13],[60,-18],[126,-103],[28,5],[83,125],[58,19],[25,-8],[55,-56],[21,13],[-5,48],[-28,38],[-45,94],[8,92],[29,116],[20,40],[35,15],[29,-37],[18,-70],[35,-78],[33,-42],[20,-4],[42,35],[70,19],[31,20],[-19,62],[-33,16],[-70,74],[-11,23],[2,60],[-11,38],[-52,69],[-131,47],[-25,25],[-29,61],[-15,154],[22,75],[2,109],[7,45],[23,24],[40,8],[40,-29],[36,37],[54,-3],[31,23],[51,65]],[[65638,65657],[67,6],[19,-86],[38,6],[19,21],[-11,40],[30,28],[38,-3],[33,73],[34,-11],[33,35],[29,-15],[-2,-72],[42,-25],[-25,-64],[-3,-52],[18,-14],[45,47],[18,69],[34,-1],[0,-46],[51,29],[60,-12],[34,-33],[56,-30],[-11,-55],[-75,-16],[-3,-51],[-42,-10],[-26,-41],[21,-32],[9,-55],[61,-1],[5,56],[25,45],[26,-68],[30,7],[40,86],[29,22],[14,79],[36,-6],[17,-90],[84,-59],[39,-81],[-13,-76],[3,-52],[48,-71],[-2,-54],[-28,-33],[80,-33],[-2,-64],[-45,20],[-14,36],[-29,-52],[16,-80],[36,10],[64,-86]],[[66688,64742],[14,-41],[81,21],[-5,-81],[7,-36],[53,31],[14,-62],[51,-52],[-1,-93],[28,-32],[22,40],[17,-48],[21,0],[46,-34],[24,-35],[4,-68],[49,-60],[10,-35],[-25,-29],[-3,-56],[21,-44],[60,7],[-4,69],[14,30],[47,-16],[33,-46],[6,-65],[35,6],[9,-32],[36,-14],[11,52],[21,-2],[43,-35],[18,-59],[32,12],[9,68],[23,-26],[42,-4],[43,50],[32,3],[9,32],[84,0],[-33,-77],[19,-21],[-26,-91],[22,-11],[23,-63],[60,40],[33,-34],[-31,-29],[50,-20],[21,-40],[20,29],[25,-4],[36,49],[31,-8],[-16,-60],[51,-20],[-21,-39],[48,-63],[10,-108],[-19,-50],[47,-32],[-51,-44],[-13,-27],[76,-114],[36,-34],[90,-20],[10,-28],[43,1],[40,-30],[8,-53],[26,4],[4,-71],[-30,-16],[24,-44],[41,-27],[24,-45],[-11,-130],[-41,-106],[34,-40],[34,-1],[33,-37],[-41,-20],[25,-43],[99,45],[22,-51],[28,10],[-15,-68],[-19,-26],[16,-44],[35,-21],[5,-27],[-41,-59],[14,-44],[-17,-75],[-5,-78],[-32,-36],[39,-19],[54,-52],[-27,-18],[10,-52],[-28,-4],[-56,-56],[-16,-31],[-10,-92],[-52,-43],[-8,-83],[-43,-68],[-33,4],[-25,61],[-22,90],[-19,4],[-42,-61],[10,-45],[-13,-32],[-29,-10],[8,-63],[-8,-40],[31,-38],[-51,-46],[8,-44],[-37,0],[-18,-46],[-54,5],[-23,-22],[-24,19],[-49,-41],[-136,13],[-54,27],[-27,-32],[5,-61],[-25,-19],[32,-67],[-26,-46],[-21,14],[-8,-104],[44,-20],[-60,-72],[-11,62],[-38,-3],[1,-36],[-59,-32],[-35,16],[-4,-63],[20,-37],[-81,-86],[-28,17],[-19,-40],[19,-42],[-35,-19],[-29,44],[-55,22],[-34,-64],[-28,-7],[-28,22],[-83,-96],[8,-29],[35,-6],[18,-34],[-17,-37],[-84,24],[-42,-55],[23,-66],[-32,-3],[-18,-98],[9,-37],[-32,-84],[-5,-44],[27,-28],[14,-48],[-46,-59],[13,-44],[-8,-48],[-34,-44],[14,-53],[-43,17],[-9,-35],[37,-83],[-26,-74],[-11,-70],[52,-40],[-25,-33],[68,-33],[-71,-22],[15,-67],[-14,-36],[-31,11],[-57,-77],[5,-62],[28,-21],[-3,-83],[-23,-52],[13,-103],[40,-42],[-22,-48],[47,-39],[-2,-31],[32,-29],[-1,-28],[59,-97],[27,-20],[14,-64],[-1,-91],[-11,-118],[22,-82],[4,-55],[83,-92],[15,-31],[-10,-47],[146,-133],[46,14],[42,-11]],[[42013,62948],[2515,2322]],[[44631,64641],[-13,-21],[24,-74],[-16,-71],[-56,-52],[29,-68],[39,11],[26,25],[37,-37],[20,-146],[-12,-33],[-71,12],[-14,-46],[6,-77],[41,-47],[18,-58],[-18,-26],[-63,31],[-71,-4],[-8,-81],[-33,-125],[13,-55],[-44,-80],[27,-38],[22,-77],[34,-68],[75,-40],[-7,-40],[-72,-12],[-2,-60],[-40,13],[-18,-47],[38,-81],[-82,7],[-28,-80],[-1,-73],[-34,-15],[7,-67],[-34,-9],[-14,18],[-42,-37],[9,-52],[-52,-103],[-9,-58],[-21,-36],[-42,-24],[-56,-77],[-40,-72]],[[44083,62491],[-6,-37],[-25,-29],[-32,2],[-86,-49],[-11,-42],[-50,-66],[-72,-33],[-55,-15],[-65,7],[-65,-35],[13,-100],[32,-57],[50,-28],[25,-42],[-1697,-1484]],[[42814,66568],[24,-56],[28,-108],[17,-33],[64,-16],[82,10],[41,-24],[43,-97],[42,-39],[99,-54],[103,-11],[90,27],[28,16],[80,110],[75,37],[55,9],[121,4],[63,-20],[22,-49],[-29,-76],[-72,-55]],[[6790,55692],[5,125],[17,37],[36,36],[-24,73],[6,31],[-5,121],[14,37],[-10,66],[-46,63],[-36,70],[-16,209],[69,89],[349,474],[46,194],[3,158],[31,109],[8,90],[-35,96],[-40,45],[-61,32],[-82,7],[-69,-10],[-69,38],[-56,62],[-41,5],[-51,28],[-31,88],[15,37],[116,346],[-11,387],[37,14],[40,-23],[16,11],[-9,601],[14,419],[-65,2838],[-5,589],[150,47],[127,67],[138,137],[51,28],[68,14],[89,35],[113,88],[100,112],[115,109],[55,92],[54,67]],[[7910,64080],[43,-32],[54,-14],[191,-108],[44,-30],[101,-28],[117,-52],[56,-11],[46,19],[36,38],[38,68],[54,56],[67,48],[48,55],[49,79],[40,47],[55,30],[120,14],[45,44],[50,80],[106,227],[81,255],[33,86],[38,78],[52,61],[47,16],[210,20],[54,-7],[37,-56],[9,-154],[11,-68],[23,-74],[33,-142]],[[9898,64625],[35,-188],[1,-70],[-13,-86],[-54,-160]],[[10007,61809],[6,-43],[-23,-1839],[-56,-2479],[-39,-1574]],[[14056,59860],[-33,58],[-11,50],[-5,155],[-17,64],[-57,86],[-99,125],[-41,21],[-36,-10],[-131,-10],[-80,-24],[-85,-52],[-176,-121],[-44,-10],[-27,19],[-11,43],[2,51],[41,101],[41,62],[92,178],[27,115],[-3,74],[-19,101],[-69,150],[-36,33],[-30,-1],[-147,-59],[-51,-27],[-33,-40],[-44,-93],[-41,-37]],[[9898,64625],[31,-4],[56,46],[43,-20],[23,-67],[17,-12],[30,32],[11,65],[82,189],[53,34],[25,75],[66,106],[9,77],[42,89],[40,19],[1,30],[44,50],[44,118],[-2,70],[16,32],[7,68],[117,106],[66,110],[47,27],[81,26],[33,47],[43,-2],[24,58],[75,-2],[35,42],[58,4],[12,26],[60,-10],[55,9],[225,-166],[1868,-60],[11,-4]],[[13346,65833],[29,9],[28,35],[79,31],[16,37],[41,31],[55,-13],[12,33],[-16,43],[31,40],[16,-8],[83,87],[10,96],[19,-12],[46,33],[66,66],[12,55],[44,-25],[26,98],[40,29],[1,39],[44,26],[28,33],[5,51],[-13,52],[31,75],[45,23],[32,-49],[39,11],[36,54]],[[14231,66813],[116,-93],[56,-85],[16,-65],[39,-41],[63,-147],[27,-48],[72,-25],[63,-94],[43,6],[21,-237],[411,99],[76,16],[0,-67],[25,-75],[103,-16],[-145,-269],[142,29],[-7,-35],[144,-298],[-38,-213],[139,-36],[57,-60],[41,-72],[41,-100],[3,-94],[-14,-66],[-19,-35],[-5,-49],[12,-31],[-34,-77],[-8,-46],[-27,-22],[0,-35],[24,-43],[-9,-45],[-42,-35],[-33,-1],[-22,-52],[1,-80],[-19,-24],[-32,4],[-51,-24],[1,-41],[-86,-114],[23,-55],[301,-385],[23,-16],[159,-27],[-15,-84],[-3,-76],[5,-88],[13,-65],[29,-72],[72,-80],[102,-69],[33,-62],[11,-97],[-3,-154],[6,-112],[-11,-34]],[[45498,64066],[-5,-52],[-42,-207],[-9,-146],[20,-82],[35,-58],[60,-58],[50,-17],[38,14],[51,67],[45,126],[51,8],[37,-82],[10,-93],[19,-71],[31,-55],[83,-43],[53,-61],[56,-113],[63,-93],[79,-166],[93,-99],[46,-63],[58,-136],[45,-69],[63,-50],[19,-2]],[[46547,62465],[32,-81],[9,-100],[-23,-79],[-21,-30],[-53,-42],[-75,-15],[-103,-53],[-41,-49],[-20,-71],[-49,-95],[-85,-56],[-18,-33],[-17,-74]],[[46083,61687],[-41,2],[-50,19],[-41,-39],[-94,14],[-32,84],[-33,-8],[-20,-64],[-1,-107],[-289,-174],[-25,17],[-83,-36],[-26,-127],[-75,48],[-12,-57],[-148,101],[-61,-57],[-32,0],[-19,-32],[21,-40],[-18,-43],[-56,29],[-30,-96],[-29,-23],[-34,10],[-11,-36],[-27,25],[5,83],[-78,34],[-76,13],[-59,-18],[-43,13],[-28,53],[-5,37],[-24,35],[-29,9],[-21,48],[-38,-48],[-51,27],[-49,-26],[-27,-64],[-34,19],[-139,-15],[84,150],[-49,55],[11,114],[0,79],[-9,27],[-1,82],[22,24],[51,95],[-69,419],[-82,64],[11,49],[-7,36]],[[66688,64742],[893,1310]],[[67581,66052],[22,45],[49,19],[123,-43],[13,-59],[15,-6],[44,-66],[57,-26],[34,-36],[52,-77],[50,-62],[19,2],[23,-36],[54,40],[31,-6],[37,-40],[24,-93],[34,-9],[32,-30],[35,4],[36,45],[42,26],[46,-35],[30,8],[13,40],[32,-26],[0,-30],[37,-28],[36,19],[14,32],[32,16],[76,-9],[22,-36],[53,12],[8,-104],[25,-18],[-1,-40],[22,-32],[47,14],[-15,41],[38,45],[27,-57],[27,-30],[32,-59],[-32,-58],[-5,-55],[-17,-37],[28,-69],[48,-31],[-4,-34],[31,-23],[-2,-37],[56,-6],[21,15],[67,-74],[11,94],[31,47],[42,-62],[23,-58],[-3,-48],[25,-2],[15,94],[42,-18],[13,-81],[44,-42],[37,-7],[-4,79],[40,48],[30,17],[23,-24],[51,45],[27,11],[60,-41],[22,91],[35,30],[75,-17],[35,-49],[26,51],[41,25],[-22,48],[26,40],[-36,42],[43,24],[11,68],[41,-20],[13,-53],[68,-18],[23,22],[21,-43],[97,41],[18,30],[-10,31],[52,0],[56,12],[20,30],[54,44],[49,-6],[0,54],[-74,44],[10,50],[22,14],[45,-8],[25,43],[-24,62],[25,48],[-33,33],[-14,78],[11,59],[112,1],[-5,52],[-60,49],[-14,41],[-51,69],[43,51],[84,-7],[2,28],[-40,29],[-63,73],[-51,102],[-49,-52],[-31,31],[1,28],[64,66],[54,115],[55,-16],[9,24],[-46,138],[2,99],[-6,60],[27,36],[43,-18],[32,-31],[26,5],[-15,106],[-16,28],[-53,6],[-61,-13]],[[70450,67010],[-24,33],[36,47],[88,33],[55,-4],[49,23],[53,56],[-11,63],[-45,69],[-54,98],[-41,149],[-22,63],[16,114],[16,24],[69,-39],[78,-91],[36,22],[-3,37],[11,90],[-10,50],[61,0],[78,-19],[50,14],[40,51],[55,17],[-14,94],[-57,71],[-58,59],[-86,46],[-24,-34],[31,-151],[-13,-31],[-90,85],[-35,57],[-3,55],[-47,32],[564,182]],[[71199,68375],[23,-12],[0,-43],[68,-45],[1,-43],[-20,-66],[50,-64],[-5,-40],[-35,-55],[12,-50],[34,-38],[47,-30],[18,-58],[20,62],[30,12],[38,-25],[15,-59],[17,14],[28,-36],[6,-41],[-16,-37],[33,-19],[23,-63],[19,-20],[-37,-122],[29,-58],[45,-1],[0,36],[27,13],[9,57],[32,-30],[38,9],[57,-122],[51,-31],[41,30],[69,-32],[9,-86],[45,-7],[10,-25],[-5,-78],[30,-16],[-13,-34],[-28,0],[-2,-43],[30,-22],[50,52],[11,-40],[35,-33],[24,45],[39,-20],[31,11],[34,-31],[14,-50],[-12,-77],[38,-33],[9,-37],[38,-26],[55,-72],[41,-21],[21,-92],[8,-85],[15,-28],[31,-10],[37,-63],[-2,-30],[35,-30],[-7,-36],[25,-150],[-23,-37],[-10,-82],[-35,-44],[10,-25],[-19,-85],[-19,-31],[13,-75],[33,-80],[-9,-49],[19,-136],[-10,-35],[31,-49],[0,-34],[30,-111],[4,-40],[226,8],[303,-704]],[[73156,64592],[395,-906],[43,-111],[22,-39],[20,-65],[9,-87],[-10,-111],[24,-55],[-7,-33],[46,-114],[69,0],[-48,-189],[28,-67]],[[41154,98071],[115,-173],[43,-71],[83,-153],[123,-200],[103,-125],[80,-64],[79,-25],[106,-3]],[[41886,97257],[6,-141],[-24,-150],[40,-170],[-8,-110],[-18,-61],[-24,-41],[-44,-189],[6,-145],[-16,-54],[-17,-100],[-15,-18],[-5,-78],[-17,-60],[17,-109],[9,-137],[15,-49],[-31,-102],[-3,-38],[-34,-72],[0,-70],[-21,-144],[18,-85],[26,-45],[1,-2538]],[[41747,92551],[-41,-19],[-37,19],[-47,0],[-71,21],[-409,-180],[-29,53],[-103,108],[-80,5],[1,594]],[[14231,66813],[-8,26],[49,90],[57,42],[-25,37],[29,112],[18,-2],[28,70],[2,35],[38,17],[23,72],[-6,21],[53,56],[36,4],[36,49],[0,63],[43,78],[75,58],[72,76],[22,-2],[9,48],[47,39],[-3,27],[70,63],[46,76],[-3,56],[26,30],[10,41],[38,32],[51,9],[0,40],[60,73],[4,26],[40,24]],[[15168,68299],[19,52],[23,19],[-3,41],[180,143],[80,3],[14,22],[30,-48],[62,26],[34,78],[32,-1],[47,58],[46,34],[35,3],[14,54],[30,6],[56,-44],[33,-4],[80,37],[11,33],[35,-15],[16,47],[43,-23],[46,0],[22,49],[68,25],[65,58],[48,-33],[68,30],[20,27]],[[12785,69779],[94,19],[59,33],[87,-27],[125,1],[20,24],[47,20],[59,247],[20,24],[25,140],[37,97],[9,91],[55,242],[4,79],[37,56],[43,102],[-20,70],[-31,71],[-74,42],[-21,29],[-10,78],[-77,215],[5,36],[61,-23],[39,17],[48,-3],[42,-22],[31,2],[103,73]],[[13602,71512],[19,-66],[80,-53],[32,-55],[39,-32],[-15,-178],[12,-51],[30,-25],[32,-88],[35,-34],[32,5],[45,27],[69,-15],[31,17],[65,-74],[45,-68],[30,-114],[16,-18],[43,0],[41,-19],[58,-65],[-10,-75],[64,-157],[-15,-84],[96,-144],[189,-276],[125,-235],[100,-193],[33,-315],[14,-202],[11,-103],[46,-52],[16,-110],[47,-48],[32,-146],[79,-167]],[[13346,65833],[-12,95],[-27,69],[1,48],[-50,106],[-4,78],[-40,92],[29,161],[-24,82],[-5,61],[9,39],[33,50],[10,96],[-10,94],[6,96],[-12,34],[11,44],[-2,95],[-30,36],[-56,38],[-32,80],[-45,41],[-18,79],[-39,44],[-3,62],[-23,63],[-34,66],[-22,22],[-1,52],[-23,-1],[-22,77],[-27,59],[-46,149],[-8,56],[-45,77],[-25,65],[-78,81],[-9,42],[34,102],[22,94],[-49,94],[-81,131],[-16,44],[90,63],[24,35],[63,1],[28,-24],[27,4],[53,75],[18,43]],[[13602,71512],[-22,77],[2,59],[-16,43],[13,87],[-35,77],[-90,78],[-35,79],[-96,199],[-22,24],[-56,11],[-26,44],[-13,114],[0,69]],[[13206,72473],[25,26],[33,0],[37,-20],[80,-6],[46,-32],[31,31],[102,29],[38,-13],[37,-32],[73,-9],[23,26],[59,-13],[38,5],[94,40],[25,-2],[51,22],[34,-14],[47,23],[25,50],[55,51],[52,-32],[28,1],[100,115],[45,22],[106,118],[33,-37],[14,60],[49,30]],[[47919,67457],[35,-20],[-1,-84],[-40,7],[-1,-55],[-14,-28],[8,-70],[31,36],[46,11],[18,19],[42,6],[30,32],[11,-56],[-7,-57],[28,-39],[37,53],[61,5],[58,21],[17,-36],[-7,-91],[-38,-34],[-33,11],[-12,-27],[1,-60],[81,5],[38,-66],[34,-34],[-4,-81],[-32,-30],[7,-42],[60,-101],[7,-33],[41,-46],[-23,-40],[21,-101],[15,-135],[27,-30],[7,-47],[43,-32],[12,-36],[124,-92],[29,-102],[39,-37],[46,-88],[53,-20],[34,-31],[4,-58],[26,-153],[-37,-83],[1,-33],[-37,-126],[9,-44],[32,-87],[159,-18],[-1,-248],[-123,-298],[50,-89],[-20,-61],[-6,-64],[-47,-113],[-55,-7],[-21,14],[-43,67],[-50,6],[-20,-36],[-38,-116],[-54,-79],[12,-78],[-12,-25],[104,-47],[97,-94],[76,-87],[11,-34],[36,-40],[16,16],[41,-107],[19,-71],[3,-51],[-11,-62],[4,-43],[44,-62],[7,-49],[54,-25],[45,-60],[-49,-43],[21,-60],[-19,-29],[-63,48],[31,-98],[7,-49],[-25,-53],[-46,-36],[-39,19],[-36,-1],[-25,-61],[-62,2],[-12,-29],[21,-41],[37,-1],[15,-33],[-16,-35],[17,-93],[-76,0],[-34,-19],[-1,-41],[-56,34],[-22,-36],[-28,37],[-43,-9],[-19,27],[-31,-33],[-5,-39],[-34,-3],[-2,-51],[-69,-70],[-8,-42],[10,-41],[-6,-54],[35,-60],[-23,-35],[16,-31],[24,0],[-2,-84],[-15,-52],[-38,1],[-14,-39],[-39,-4],[-4,-55],[-30,-2],[-26,-39],[-22,32],[-34,-8],[-24,-29],[-1,-65],[-33,49],[-23,65],[-76,-37],[-13,-49],[-18,-10],[-48,10],[-38,-23]],[[48010,61839],[-105,119],[1,39],[42,3],[45,42],[-8,66],[25,146],[9,122],[-15,37],[-23,-7],[-39,-58],[-34,-17],[-27,16],[-51,67],[-17,-4],[-48,-56],[-61,-56],[-68,-52],[-53,-50],[-24,-43],[-29,-4],[-55,24],[-13,-105],[-59,-77],[-25,8],[-58,101],[-16,143],[-32,23],[-44,-31],[-117,-20],[-75,13],[-76,-72],[-21,3],[-11,56],[7,113],[-51,50],[-79,-16],[-34,2],[-24,23],[-14,48],[15,111],[-4,53],[-51,81],[-34,23],[-23,-69],[-35,-46],[-54,-123]],[[73156,64592],[25,-12],[45,23],[38,-5],[-9,-60],[29,-11],[25,39],[39,12],[19,63],[60,-2],[40,-23],[17,-50],[22,17],[0,47],[98,68],[-42,91],[22,73],[41,-5],[22,-32],[21,12],[28,-25],[45,13],[6,48],[84,12],[74,106],[25,48],[45,39],[51,111],[75,-17],[25,82],[44,50],[4,43],[39,26],[64,64],[8,26],[-27,29],[-32,64],[-6,57],[-48,31],[-29,93],[24,81],[-41,25],[11,91],[-91,92],[-15,57],[-37,70],[-118,-27],[-41,38],[-66,44],[-18,92],[-49,19],[-89,251],[-22,47],[-29,33],[-28,92],[4,72],[-10,140],[-32,54],[27,25],[10,85],[41,57],[153,42],[42,-6],[46,-96],[24,-15],[45,10],[27,143],[88,210],[83,112],[21,-1],[46,-35],[44,13],[88,120],[51,30],[112,6],[34,-19],[66,33],[31,71],[-14,90],[59,90],[216,113],[79,103],[86,159],[-29,177],[-36,89],[-43,84],[6,87],[16,26]],[[74915,68811],[15,-81],[30,-55],[70,-51],[25,0],[31,-38],[63,-55],[62,38],[27,66],[66,52],[64,9],[46,-17],[52,-71],[30,-26],[14,-42],[72,-103],[27,-65],[2,-30],[35,-16],[28,9],[69,70],[17,42],[60,8],[45,-42],[44,49],[19,42],[40,-12]],[[75968,68492],[41,-48],[124,-69],[19,-20],[10,-80],[-28,-21],[-63,8],[-67,47],[-51,-23],[-15,-28],[-3,-60],[16,-30],[112,-46],[45,-45],[7,-60],[-37,-57],[-12,-80],[1,-76],[59,-29],[58,-61],[46,-73],[-1,-68],[24,-76],[16,-89],[20,-68],[23,-46],[27,12],[51,144],[30,67],[60,90],[20,-41],[-33,-90],[-5,-78],[10,-120],[-32,-102],[6,-45],[47,-64],[26,-6],[58,16],[5,-93],[44,-82],[10,-89],[17,-34],[67,-38],[83,-58],[8,-33],[-63,-93],[15,-48],[127,17],[68,-44],[38,-67],[48,6],[18,-26]],[[76069,72959],[48,-24],[80,-68],[80,-20],[51,-51],[-20,-107],[37,-23],[8,41],[29,2],[25,-25],[-3,-32],[-57,-12],[23,-50],[-25,-43],[41,-39],[-4,-49],[28,-138],[39,-1],[9,-27],[55,-19],[4,-47],[48,-26],[10,-107],[32,2],[-11,62],[86,12],[-31,-59],[28,-75],[33,32],[58,-13],[-26,-78],[49,-16],[16,-88],[-42,-58],[25,-54],[43,5],[36,-41],[-21,-86],[-46,-98],[-10,-88],[-1,-80],[-14,-69],[26,-124],[71,-120],[6,-90],[-33,-66],[-36,14],[-74,69],[-55,88],[-60,-59],[-39,-91],[13,-110],[17,-53],[36,-75],[2,-68],[-21,-58],[-30,-26],[-63,13],[-37,-70],[27,-26],[81,-15],[34,-40],[58,-27],[1,-25],[-34,-29],[-9,-36],[25,-64],[-11,-70],[-43,-6],[-22,-33],[14,-30],[3,-87],[-28,-49],[24,-24],[20,-50],[-2,-97],[65,-90],[13,-70],[-29,-69],[-29,-147],[33,-94],[8,-68],[2,-128],[-8,-65],[-22,-47],[-43,-39],[-59,-24],[-21,-74],[-35,-67],[-78,-15],[-99,21],[-58,2],[-46,-37],[-47,-114],[7,-45],[43,-72],[61,-46],[13,-36],[-39,-8],[-67,52],[-42,58],[-30,22],[-81,-7],[-84,-71]],[[74915,68811],[-288,1999],[-17,10],[-31,-43],[-81,-2],[-31,51],[-17,-37],[-69,-64],[-36,-44],[-62,25],[-33,2],[-48,27],[-82,-11],[-106,-34],[-27,9],[-154,147],[-70,42],[-60,61],[-72,-11]],[[73631,70938],[-9,54],[-33,48],[-19,55],[13,44],[83,4],[46,70],[65,-19],[3,106],[35,54],[66,36],[50,38],[59,11],[16,44]],[[59426,64093],[-75,-25],[-42,-39],[-77,-48],[-44,-15],[-37,8],[-68,72],[-40,55],[-50,118],[-198,244],[-26,83],[2,109],[12,57],[49,69],[13,47],[50,122],[-4,44],[-42,64],[-91,57],[-69,60],[-52,24],[-52,4],[-48,60],[-31,84],[-30,55],[17,43],[96,-42],[49,13],[28,26],[57,-18],[76,64],[30,107],[20,150],[41,106],[49,51],[15,167],[-4,68],[-39,55],[-43,-4],[-27,-32],[-60,36],[-71,84],[-77,125],[-37,105],[-72,6],[-44,-19],[-91,55],[-54,24],[-25,44],[-7,41],[-52,140],[-28,47],[-51,41],[-48,14],[-30,100],[-25,122],[0,125],[-32,87],[-99,100],[-40,61],[-25,71],[-27,8]],[[57846,67573],[1,56],[63,-7],[17,16],[17,-68],[34,-48],[26,-2],[41,82],[44,-30],[28,19],[-27,54],[21,12],[39,-11],[0,40],[20,28],[58,32],[41,9],[23,-19],[24,12],[-1,83],[16,25],[70,18],[-1,61],[33,-21],[33,30],[46,77],[41,-25],[6,43],[42,94],[29,4],[24,35],[-30,90],[18,29],[-3,35],[-25,39],[27,16],[28,50],[20,70],[-1,35],[47,29],[-4,75],[68,63],[10,54],[25,-1],[28,47],[6,39],[28,-13],[18,55],[49,-6],[20,26],[47,-4],[15,33],[51,-16],[26,33],[-3,45],[48,-24],[20,31],[56,3],[44,-13],[23,17],[45,-11],[14,-52],[58,-29],[65,-46],[-16,-60],[70,50],[31,35],[28,1],[9,39],[47,16],[65,139],[41,-7],[46,73],[14,-66],[36,-24],[43,-5],[28,33],[76,13],[30,-4],[127,-116],[62,-13],[48,-38],[40,29],[30,3],[28,65],[0,31],[26,66],[-5,72],[54,91],[41,43],[5,35],[53,58],[-7,110],[-40,47],[-8,49],[33,78],[-10,40],[-30,48],[4,67],[-11,60],[48,65],[17,-18],[7,-50],[34,-7],[41,-53],[41,73],[19,54],[-9,28],[62,109],[4,59],[30,104],[38,30],[28,67],[-9,47],[12,74],[29,83],[45,80],[3,75],[-15,38],[27,15],[29,-18],[32,7],[28,27],[42,-9],[24,15],[32,76],[16,1],[42,77],[81,-25],[23,18],[27,-22],[40,14],[19,-13],[51,-164],[45,-66],[26,4],[55,-41],[28,-3]],[[61572,70680],[-22,-40],[125,-7],[35,-52],[89,-42],[42,-29],[61,-64],[18,3],[91,-54],[59,-75],[50,-18],[23,11],[22,-68],[36,33],[2,38],[21,21],[26,-18],[52,28],[25,-48],[32,-9],[49,40],[11,51],[21,40],[9,66],[51,10],[38,42],[-6,41],[19,25],[77,1],[37,-9],[3,31],[37,39],[16,99],[23,4],[18,-50],[69,-89]],[[62831,70631],[-9,-36],[9,-40],[113,-20],[38,-34],[62,-21],[59,23],[59,-32],[41,1],[29,21]],[[29155,74982],[23,29],[-8,39],[64,94],[24,67],[42,25],[-4,32],[39,15],[25,106],[19,29],[46,116],[61,70],[48,18],[13,58]],[[11201,72684],[51,-9],[84,11],[51,51],[61,31],[155,-5],[45,-39],[27,10],[84,-30],[33,15],[18,-25],[54,10],[68,-2],[5,-25],[89,14],[36,16],[27,-35],[161,-63],[47,32],[48,3],[54,-18],[34,11],[11,-21],[52,-12],[54,55],[51,-31],[67,-20],[29,-51],[18,14],[130,-25],[26,10],[30,-19],[41,13],[25,-26],[33,3],[19,-66],[50,-5],[36,50],[66,13],[28,-5],[7,-41]],[[35711,73193],[-10,-144],[10,-44],[25,29],[37,-79],[-64,-98],[-29,40],[-28,-4],[-8,-73],[-20,-56],[-38,-10],[-39,-31],[-27,30],[-53,5],[-15,-149],[-26,5],[-12,-54],[-35,-55],[20,-90],[29,-10],[-49,-61],[-617,-791],[-463,-600],[-385,-486],[-426,-532],[-537,-677]],[[32951,69258],[-314,-401],[-258,-324]],[[43246,68516],[9,47],[38,75],[51,79],[62,76],[42,11],[48,58],[88,56],[60,1],[143,212],[52,-12],[23,-20],[62,-25],[57,15],[48,43],[9,30],[32,-3],[59,49],[9,20],[-12,61],[-39,5],[-6,54],[38,38],[26,-53],[34,117],[30,32],[16,49],[1,72],[-14,30],[30,22],[21,41],[32,-12],[2,123],[23,45],[61,11],[10,14],[259,-198],[1,49],[-22,35],[43,51],[33,-5],[12,-43],[617,150],[42,-117],[38,-74],[16,-149],[42,-147],[-17,-62],[39,-81],[33,-38],[30,-15],[34,-47],[44,-2],[12,-37],[29,-3],[59,-81],[19,-71],[25,-151],[4,-101],[54,-11],[5,-51],[55,-37],[31,-52]],[[45928,68589],[-8,-54],[15,-89],[3,-103],[-59,13],[-36,-11],[56,-87],[51,-21],[27,-175],[-2,-88]],[[45883,71677],[29,12],[28,-43],[30,6],[12,58],[41,-8],[-20,-70],[31,-74],[-33,-28],[12,-59],[20,-35],[39,-11],[25,-39],[68,-9],[22,-40],[-20,-63],[57,-100],[23,-5],[24,-36],[27,19],[17,-37],[-22,-72],[-27,14],[-16,-32],[18,-36],[-20,-36],[-71,-3],[-9,54],[-34,43],[-7,-55],[54,-76],[-4,-51],[-30,-39],[-41,65],[-27,-30],[30,-60],[104,-22],[36,-48],[-38,-48],[80,-50],[27,-55],[19,39],[31,-58],[-53,-18],[-34,-38],[-15,-41],[-45,-15],[-14,-43],[-30,-16],[54,-103],[-47,-20],[27,-66],[20,-5],[42,38],[35,67],[30,18],[36,-74],[-37,-32],[-16,-89],[-79,-26],[-10,-22],[40,-54],[20,14],[2,-74],[24,-11],[-23,-55],[4,-130],[21,-30],[-10,-79],[-45,14],[-44,49],[-19,-36],[20,-62],[-56,-114],[-60,43],[-53,-32],[-13,-62],[19,-28],[2,-50],[-58,-47],[14,-43],[32,-24],[-22,-44],[-63,-30],[29,-48],[22,-3],[22,-197],[43,-17],[-24,-64],[-40,28],[-15,35],[-85,60],[-45,17],[21,35],[30,-13],[12,37],[-30,33],[-68,-30],[-16,-19],[25,-110],[-2,-51],[17,-28],[38,-5],[37,-62],[12,-55],[-38,-49],[18,-37],[1,-57]],[[71505,74194],[-59,-63],[-20,-65],[8,-84],[25,-79],[3,-43],[-37,-100],[74,-14],[56,-22],[40,0],[47,-27],[89,8],[6,-41],[-9,-74],[1,-75],[10,-40],[37,-68],[80,-3],[31,46],[28,-5],[13,-82],[32,-43],[12,-160],[12,-50],[50,-130],[62,-31],[20,-113],[14,-24],[49,-37],[-14,-76],[-70,-53],[-39,-60],[-12,-75],[-44,-2],[37,-67],[29,-10],[34,-47],[1,-59],[-24,-78],[-12,-84],[15,-55],[25,22],[42,-15],[34,14],[40,-76],[82,-49],[8,-74],[-11,-104],[17,-69],[-2,-88],[-31,-70],[-27,-12],[-31,-47],[-23,-66],[-38,-53],[-6,-38],[47,-52],[52,-91],[18,-18],[68,-140],[-1,-63],[14,-24],[68,-61],[-7,-134],[11,-53],[18,-25],[70,-62],[45,-1],[31,-50],[4,-35],[-40,-48],[-10,-42],[22,-49],[-19,-75],[18,-29],[49,-38]],[[72617,70294],[-764,-1691],[-654,-228]],[[70450,67010],[-4,-51],[-84,6],[-21,43],[-37,5],[-3,27],[-54,28],[-24,35],[-42,20],[-35,-42],[-61,-19],[-66,14],[-49,-38],[-97,-39],[-35,10],[-54,-10],[-49,45],[-41,66],[-3,42],[-556,118],[160,960],[19,50],[0,110],[18,69],[17,107],[32,85],[3,92],[10,51],[339,2114]],[[69733,70908],[54,86],[21,58],[32,47],[16,94],[58,13],[21,43],[-14,45],[13,32],[-32,111],[6,90],[-23,72],[-77,23],[-42,34],[-3,35],[20,85],[40,38],[99,-43],[51,-36],[46,-17],[35,2],[0,58],[-84,47],[-87,89],[-56,89],[-24,-4],[-95,-103],[-59,-118],[-28,-73],[-44,-71],[-17,23],[11,107],[-2,42],[-34,47],[-36,90],[-30,32],[-25,135],[-27,40],[11,34],[62,-30],[27,4],[15,135],[32,77],[-1,39],[-37,-10],[-52,-41],[-21,13],[-2,50],[73,118],[5,37],[-35,157],[4,44],[18,23],[43,6],[39,-45],[-14,-81],[20,-35],[28,18],[12,35],[-16,94],[-31,80],[-45,13],[-36,-11],[-78,-5],[-63,10],[-62,32],[-15,66]],[[67581,66052],[-2,95],[38,59],[-27,58],[36,42],[8,95],[34,69],[33,42],[38,70],[-11,58],[37,32],[5,40],[46,35],[5,48],[80,114],[34,61],[36,-11],[73,21],[27,80],[-8,42],[43,81],[49,32],[34,63],[11,48],[27,11],[54,71],[6,41],[-24,49],[5,95],[-31,35],[-14,46],[6,86],[-16,53],[-33,40],[-20,51],[58,37],[-17,45],[21,32],[-15,31],[5,73]],[[68212,68122],[227,-48],[-17,320],[336,9],[-15,65],[-38,87],[-12,66],[2,85],[188,316],[-276,629]],[[68607,69651],[53,14],[61,42],[128,112],[75,40],[141,28],[77,-22],[100,75],[42,77],[100,80],[45,19],[95,-6],[44,158],[28,47],[17,101],[36,89],[11,72],[-33,77],[-3,54],[30,53],[51,139],[28,8]],[[67484,72337],[-10,-98],[-1,-86],[-12,-147],[-14,-70],[-57,-57],[-26,-37],[142,-83],[69,4],[109,-175],[72,-48],[30,9],[66,108],[20,-2],[10,68],[20,-19],[18,-64],[-28,-19],[5,-35],[29,-32],[30,-56],[34,-28],[10,-64],[2,-80],[-9,-48],[7,-86],[16,-49],[31,-47],[14,-75],[31,-72],[37,-60],[11,-85],[74,-50],[12,-19],[21,-224],[27,26],[79,-30],[63,9],[98,-55],[-5,-93],[24,-81],[-15,-54],[46,-105],[-9,-120],[8,-82],[3,-185],[41,-90]],[[68212,68122],[-20,4],[-807,902],[-29,-12],[-3,-30],[-40,18],[3,23],[38,26],[46,6],[-32,57],[-11,76],[-19,58],[4,83],[33,39],[0,62],[-52,29],[-26,35],[-25,94],[-2,90],[-15,152],[31,116],[-20,71],[-23,122],[-36,96],[-41,76],[-32,137],[-15,42],[-36,59],[-72,28],[-47,28],[0,34],[-24,89],[-4,71],[-41,9],[-42,67],[-16,54],[33,68],[-19,11],[-58,-34],[-96,15],[-1,77],[50,88],[53,125],[43,0],[32,34],[1,119],[-18,130],[15,97],[42,41],[60,9],[61,26],[32,29],[-6,24],[-57,25],[-39,52],[14,119],[-48,134],[-3,51],[47,98],[-5,83],[13,105],[-60,75],[-12,168],[-41,75],[-51,41],[-19,53],[-8,75],[-34,18],[-16,44],[-69,51],[-22,73],[-42,35],[-59,-16],[-76,188],[-19,31],[-4,55],[8,84],[-12,92],[6,134],[8,46],[90,48],[37,47],[15,72],[22,55],[21,15],[-7,62],[-37,56],[-7,33],[6,64],[41,70],[-42,74],[-36,10],[-67,-28],[-32,93],[-25,45],[-27,101],[-20,31]],[[38779,72996],[6,-24],[39,-30],[3,-23],[-28,-66],[23,-20],[11,-54],[24,44],[33,17],[16,-99],[51,-6],[44,37],[-19,48],[35,23],[26,70],[33,-14],[38,-38],[13,-35],[29,7],[-1,41],[22,36],[-25,23],[43,62],[96,-52],[32,32],[-24,30],[12,63],[30,38],[-34,74],[-65,8],[-4,99],[-22,16],[27,78],[36,-62],[79,-7],[-49,99],[5,44],[23,49],[36,-38],[43,-20],[50,62],[9,37],[45,-40],[21,-41],[0,-55],[33,12],[22,90],[-18,9],[-16,66],[-34,7],[-14,60],[6,52],[45,-5],[23,44],[33,-5],[36,14],[9,-43],[70,-32],[2,47],[41,-36],[1,-54],[65,40],[44,9],[37,42],[-19,57],[8,41],[38,-30],[57,-3],[41,16],[56,-2],[21,30],[42,24],[16,40],[61,13],[19,-96],[-26,-25],[-2,-87],[31,-69],[19,0],[0,67],[14,17],[39,-7],[46,-58],[17,-41],[41,-48],[12,-53],[32,-37],[8,-40],[49,-74],[77,-45],[137,-166],[-40,-106],[-24,-39],[-2,-53],[-29,-92],[2,-86],[-16,-36],[-8,-88],[3,-97],[-26,-86]],[[39075,69176],[-38,70],[-22,74],[3,72],[75,145],[16,46],[21,108],[32,195],[32,92],[15,109],[2,56],[-11,75],[-25,74],[-36,67],[-126,73],[-61,43],[-96,145],[-28,58],[-22,128],[-5,94],[9,97],[-16,72],[-55,80],[-39,33],[-146,73],[-78,46],[-51,13],[-116,3],[-29,15],[-17,37],[5,98],[43,64],[12,48],[-4,38],[-43,62],[-38,9],[-47,-9],[-139,15],[-31,12]],[[38021,71706],[-32,13],[-51,47],[-30,96],[0,110],[24,75],[39,77],[38,109],[4,36],[-22,142],[-43,45]],[[48226,71601],[64,-19],[26,-38],[38,-7],[32,-81],[52,-18],[46,6],[-30,-77],[-21,27],[-40,-46],[26,-44],[30,31],[8,-56],[34,-53],[54,-11],[55,-66],[33,-55],[31,51],[-24,32],[-11,72],[26,29],[37,-43],[50,-10],[-9,-76],[86,-99],[38,11],[38,-35],[60,51],[33,8],[54,-76],[-25,-51],[21,-65],[87,-52],[30,41],[15,-9],[49,40],[-4,-103],[-17,-61],[-36,-45],[70,-125],[11,-46],[-13,-36],[-33,-36],[5,-40],[36,-54],[-3,-110],[17,-118],[43,-33],[5,-33],[-55,-40],[-6,-44],[72,-85],[16,-64],[-6,-65],[9,-40],[61,-81],[9,-52],[45,-106],[59,2],[78,-15],[12,-25],[-4,-113],[-88,-60],[-45,-38],[-26,-42],[-6,-76],[21,-72],[-4,-90],[-37,-99],[-37,-10],[-68,-44],[-30,23],[-72,23],[-19,-20],[12,-63],[-20,-30],[-27,-4],[-32,49],[-24,16],[-35,-15],[-32,-50],[-26,-20],[-26,29],[-37,15],[-29,-78],[-13,-100],[27,-55],[32,-37],[11,-61],[-11,-51],[-27,-43],[-75,-16],[-32,-81],[-72,60],[-25,-22],[-2,-34],[-38,17],[-19,104],[-55,2],[-23,-19],[-23,27],[-49,9],[-3,-86],[27,-56],[-34,-72],[9,-72],[-32,-18],[-10,-40],[15,-63],[-16,-27]],[[48465,67955],[-17,25],[-66,-45],[-37,39],[4,20],[-39,40],[-24,61],[-34,-23],[-32,-61],[48,-48],[34,3],[13,-90],[-23,-93],[-38,38],[-29,-7],[2,53],[-31,64],[-45,11],[-2,30],[-41,31],[-20,-42],[-6,-66],[19,-108],[14,-30],[-38,-29],[-48,-55],[-41,57],[-33,3],[-77,-17],[19,-27],[57,-35],[14,-50],[44,-10],[25,-88],[-5,-65],[-93,105]],[[47196,68078],[28,58],[-12,54],[-26,62],[-75,72],[-26,40],[13,47],[69,-45],[60,-5],[23,50],[4,58],[-17,62],[-52,0],[-108,99],[18,78],[40,47],[40,-10],[79,-96],[39,28],[-22,113],[45,57],[14,34],[-36,54],[19,126],[-15,51],[8,32],[42,-22],[76,-71],[-4,-43],[-25,-74],[38,-70],[51,41],[-8,182],[65,6],[31,73],[-13,82],[3,46],[-24,53],[-12,57],[-2,63],[-35,62],[-3,54],[-46,161],[3,47],[67,31],[29,45],[30,5],[74,-64],[15,17],[-6,106],[-19,46],[-36,35],[-44,88],[34,76],[-19,20],[-33,-14],[-19,43],[26,38],[57,13],[16,-13],[9,-116],[57,-38],[16,77],[-27,57],[-1,48],[51,83],[-2,56],[-21,34],[-51,-9],[-29,-24],[-57,15],[-51,63],[-51,-11],[-57,86],[46,54],[41,-16],[47,31],[50,49],[12,27],[0,102],[8,7],[59,-70],[32,1],[10,66],[0,63],[-55,56],[-21,47],[-2,78],[7,41],[28,17],[-8,50],[21,36]],[[8938,73544],[23,313],[11,110],[31,82],[53,304],[1,99],[-8,113],[2,117],[25,125],[78,184],[84,131],[58,269],[1,196],[-3,304],[13,160],[-1,140],[4,142],[9,101],[43,133],[83,155],[59,153],[19,70],[13,158],[2,104],[9,105],[21,92],[51,127],[146,243],[230,248],[171,153],[128,158],[142,215],[84,122],[88,100],[76,65],[59,81],[97,59],[86,100],[74,130],[31,140],[17,137],[42,131],[106,140],[66,51],[167,76],[278,152],[97,19],[78,24],[153,65],[100,50],[168,47],[116,68],[122,63],[66,23]],[[12607,80391],[31,-74],[473,-559],[16,-106],[35,-53],[91,-40],[56,-82],[6,-23],[47,-36],[6,-63],[41,-67],[-21,-19],[-9,-76],[27,-31],[36,10],[45,51],[21,-30],[23,-115],[25,-39],[0,-121],[30,-27],[79,-26],[23,-34],[8,-68],[61,-77],[31,-80],[45,-2],[10,-112],[41,-6],[36,-57],[35,-82],[16,-60],[-16,-19],[-2,-47],[17,-34],[47,-27],[9,-29],[36,-32],[35,-2],[63,-73],[26,-18],[59,-81],[32,10],[17,-34],[36,-7],[17,-29],[1,-46],[29,-66],[28,-17],[53,-74],[27,-16]],[[52168,68510],[-16,52],[-46,47],[-23,53],[-61,84],[-20,47],[28,26],[6,53],[-26,34],[7,31],[37,46],[-4,59],[12,53],[29,27],[44,14],[55,96],[36,20],[2,81],[40,119],[31,24],[-20,66],[59,31],[31,44],[33,-51],[38,80],[23,-6],[59,65],[18,79],[-28,30],[18,38],[21,92],[46,10],[22,41],[-23,34],[21,36],[51,158],[-8,13]],[[52660,70236],[36,-2],[39,-93],[30,22],[4,90],[32,13],[-12,45],[-24,33],[13,75],[57,22],[12,28],[64,24],[30,36],[-15,49],[28,12],[4,47],[-46,84],[26,41],[79,53],[34,-22],[21,12],[61,-69],[37,19],[54,63],[25,-28],[46,62],[40,-10],[46,14],[48,-19],[4,-34],[61,-26],[30,61],[2,29],[47,48],[-11,50],[-43,15],[-35,-25],[-27,2],[-43,-23],[-44,93],[-43,18],[-137,117],[-61,90],[-55,46],[-18,36],[-67,50],[-75,-14],[-90,-37],[-42,5],[-85,44],[-41,69],[-2,50],[67,25],[380,236],[44,-42],[61,-40],[54,-80],[33,-36],[64,-37],[69,-25],[59,-80],[48,-21],[48,-69],[42,10],[39,-19],[25,-49],[30,-3],[19,30],[31,-21],[78,22],[82,-36],[54,-41],[10,-22],[94,13],[46,-11],[42,30],[68,-153],[32,-5],[32,36],[3,-81],[-6,-67],[-25,-44],[-12,-53],[9,-65],[63,-11],[12,38],[27,-11],[31,-50],[14,-91],[41,-3],[38,-20],[-20,-48],[20,-34],[30,-2],[39,69],[44,-8],[82,27],[21,-22],[18,-97],[48,-61],[26,-12],[26,-44],[16,25],[66,33],[39,8],[31,-12],[20,43],[-9,24],[-39,24],[26,45],[44,34],[85,-42],[59,16],[30,-42],[64,-11],[41,-51],[84,13],[-3,77],[-21,57],[-4,46],[36,59],[-5,67],[26,23],[32,-13],[30,-62],[55,-70],[28,-2],[47,43],[49,-26],[36,38],[23,-13],[4,-104],[27,-22],[23,25],[20,77],[-2,30],[25,32],[44,-31],[-17,-55],[14,-41],[45,-29],[45,27],[47,63],[53,-39],[29,38],[38,-37],[34,6],[26,-23],[50,12],[36,-41],[18,11],[47,-48],[31,6],[25,54],[15,63],[57,34],[31,32]],[[56485,70794],[3,-103],[10,-83],[26,-48],[109,-63],[47,-55],[30,-55],[57,-174],[-21,-30],[-50,-13],[-28,-21],[-74,-23],[-36,-22],[-60,-67],[-80,-36],[-13,-18],[-5,-62],[-23,-68],[34,-91],[-5,-87],[18,-32],[10,-65],[-14,-26]],[[56420,69552],[-22,-22],[-11,-68],[-22,-32],[-54,-26],[-32,-57],[-33,-39],[-14,-43],[28,-47],[4,-41],[-29,-51],[49,-9],[62,-78],[2,-32],[-46,9],[-23,-14],[1,-50],[-68,3],[-32,58],[-31,4],[-11,-39],[-72,-48],[-57,3],[-104,53],[-24,27],[-57,-22],[-11,-40],[10,-70],[-41,-46],[-8,-68],[20,-36],[35,-3],[28,22],[19,-14],[2,-81],[25,-38],[-9,-50],[-35,-7],[-25,18],[-29,-28],[-3,-67],[-35,-41],[-24,15],[-36,52],[-32,5],[-17,-67],[57,-44],[17,-35],[-18,-143],[-20,-55],[-46,12],[5,87],[-37,-12],[-40,-73],[-20,10],[-19,92],[-46,13],[-53,-36],[-14,-49],[15,-61],[27,18],[30,-26],[11,-82],[19,-36],[-56,-44],[-45,-65],[-58,27],[-12,-44],[22,-17],[76,-25],[52,5],[-7,-73],[51,-58],[-14,-25],[-43,-6],[24,-68],[-7,-32],[-37,32],[-31,-27],[1,-88],[-21,-54],[11,-52],[67,-4],[56,36],[59,-5],[21,-38],[-51,-33],[-58,18],[-17,-22],[16,-54],[55,-63],[21,-52],[-56,-20],[-66,6],[-1,-22],[38,-52],[-2,-36],[-50,-10],[-17,27],[-33,97],[-22,-40],[-92,57],[-5,34],[14,44],[-15,54],[-34,-4],[-7,-39],[8,-70],[-34,-49],[-19,1],[-38,45],[-42,-59],[48,-62],[28,-70],[-18,-25],[-79,38],[-28,-58],[-33,52],[-44,-7],[-5,-36],[13,-47],[-28,-45],[-26,51],[-34,18],[-38,74],[-38,-8],[5,-52],[-33,-39],[46,-37],[24,-56],[-22,-12],[-1,-70],[-30,18],[-25,-9],[-7,-101],[-33,-18],[-30,64],[-14,3],[-38,-47],[-6,-44],[-51,17],[-16,-57],[-45,44],[-31,77],[-29,46],[-34,-2],[14,52],[32,-3],[-21,55],[-28,28],[-23,-43],[-39,32],[-31,-25],[-29,51],[-54,-63],[-22,36],[-66,28],[-55,-43],[-12,-31],[5,-52],[-30,-14],[-15,-79],[-120,-8],[-25,-17],[-48,18],[-53,-30],[-53,-8],[-16,14],[10,58],[26,46],[-16,101],[-46,-46],[-55,6],[-14,66],[-18,20],[-35,-16]],[[52287,83819],[-7,-570],[144,-34],[70,19],[82,-63],[37,29],[51,8],[67,-23],[109,-9],[-4,-352],[44,-76],[29,-18],[50,57],[33,-59],[35,-9],[5,74],[37,-6],[0,-58],[35,-44],[21,11],[21,54],[36,-32],[12,-63],[-19,-45],[40,-20],[48,26],[-7,88],[27,22],[22,-464],[76,-159],[132,-831],[114,-622],[33,-33],[40,-87],[21,0],[36,-33],[19,-37],[63,10],[50,20],[37,-7],[29,17],[65,-62],[52,-39],[28,-60],[70,-90],[37,-9],[25,56],[46,25],[37,50],[40,-12],[25,35],[54,34],[62,-32],[73,34],[25,-14],[57,32],[51,-12],[39,-57],[69,28],[65,-68],[32,8],[72,-13],[5,-50],[41,-46],[35,17],[14,47],[89,25]],[[55647,76110],[-20,-72],[-25,-136],[-21,-253],[6,-30],[62,-81],[47,-32],[40,-9],[35,-35],[29,-70],[30,-107],[57,-94],[23,-50],[20,-117],[-4,-51],[-32,-58],[-17,-74],[19,-63],[-14,-42],[-21,-111],[4,-49],[-23,-36],[-56,-36],[-54,-4],[-47,38],[-50,13],[-27,-31],[1,-54],[54,-104],[10,-41],[5,-152],[21,-134],[28,-29],[65,31],[43,6],[72,-51],[18,-31],[-15,-85],[-11,-148],[15,-120],[34,-56],[47,-44],[21,-42],[16,-95],[19,-68],[9,-74],[-15,-126],[-5,-88],[17,-62],[34,-59],[14,-56],[-21,-48],[-15,-90],[66,-113],[18,-64],[87,-98],[86,-41],[30,0],[61,31],[86,17],[47,-20],[41,-1],[31,-25],[74,-87],[14,-55],[-2,-63],[34,-140],[11,-88],[-13,-40],[-86,-36],[-40,-5],[-44,-68],[-26,-13],[-79,30],[-59,-9],[-36,-76],[-95,-128],[-34,-55],[-44,-47],[-43,-24],[-2,-62],[18,-34],[17,-182],[38,-56],[88,6],[38,-93],[15,-71],[18,-36],[59,-65],[42,-95]],[[52660,70236],[-43,19],[1,26],[-43,34],[-6,-51],[-55,-99],[-13,9],[-31,-51],[-36,-29],[-9,-29],[34,-39],[-16,-52],[-26,18],[-65,-48],[-14,29],[-60,-2],[-17,-16],[-18,69],[-37,5],[-6,108],[-22,86],[-61,82],[-55,-21],[-59,68],[-27,-41],[-36,-12],[-29,-33],[-131,129],[-14,31],[-34,5],[-25,33],[-88,52],[-31,55],[-65,86],[-78,52],[-41,41],[-15,-4],[-54,107],[-20,5],[-61,47],[-18,3],[-27,47],[-6,69],[22,95],[-23,165],[28,45],[11,126],[18,40],[28,9],[21,75],[-8,85],[35,25],[24,-3],[59,-70],[29,9],[42,39],[4,79],[46,53],[17,43],[-28,66],[8,39],[38,5],[30,29],[-43,78],[18,31],[-41,38],[-6,46],[9,68],[-23,21],[52,109],[35,7],[15,-54],[25,60],[-29,80],[-10,89],[30,-7],[37,45],[27,162],[-46,11],[-30,26],[-4,36],[43,48],[42,-26],[15,50],[-38,62],[8,55],[50,62],[-20,62],[-35,24],[30,30],[2,57],[-47,87],[-22,114],[46,2],[-31,65],[-32,185],[11,44],[-16,45],[51,79],[-43,31],[-33,65],[18,23],[31,-18],[20,19],[40,-12],[29,-34],[21,-65],[20,5],[50,55],[-2,37],[-25,15],[-4,48],[11,140],[17,44],[47,41],[-52,105],[-20,87],[-92,12],[-19,59],[-43,-41],[-29,6],[-25,-29],[-50,45]],[[55694,88962],[68,-27],[54,-3],[54,21],[37,41],[38,0],[28,-32],[9,-47],[-56,-157],[-14,-102],[10,-89],[17,-27],[62,24],[42,-7],[38,-132],[57,-49],[85,20],[70,0],[95,-68],[28,-52],[23,-81],[28,-55],[56,-48],[22,-50],[30,-139],[34,-56],[-5,-85],[18,-39],[69,-67],[87,-9],[18,-19],[-29,-106],[-72,-54],[5,-46],[21,-24],[61,-35],[72,-59],[49,-51],[-1,-49],[-34,-24],[-26,-130],[-54,-29],[-71,-82],[29,-37],[10,-40],[31,-51],[6,-62],[39,-2],[52,58],[77,64],[116,5],[11,-19],[-12,-146],[-30,-71],[-19,-14],[-39,9],[-11,-63],[38,-36],[-7,-79],[36,-21],[27,7],[34,-17],[33,-36],[55,2],[60,-22],[28,-41],[-3,-46],[-63,-7],[-100,-24],[-8,-21],[10,-96],[45,-121],[-7,-48],[-43,-45],[-43,-60],[7,-28]],[[55488,84962],[-10,105],[-43,76],[-46,31],[-46,-11],[-64,-60],[-57,-38],[-45,-46],[-42,-70],[-25,-8],[-98,30],[-52,64],[-17,85],[21,70],[27,36],[64,38],[106,94],[128,60],[39,55],[39,135],[72,153],[37,53],[103,29],[76,40],[15,27],[-4,46]],[[54744,93467],[151,-11],[51,20],[94,55],[90,70],[86,34],[81,14],[80,-7],[88,-45],[38,-32],[77,-83],[37,-64],[40,-94],[26,-80],[37,-83],[51,-48],[70,5],[44,32],[53,65],[66,160],[53,78],[54,19],[47,-22],[150,-103],[60,-23],[165,-14],[48,-17],[91,-62],[87,-106],[144,-143],[61,-71],[68,-110],[112,-209],[137,-238],[72,-131],[62,-135],[28,-134],[50,-139],[72,-130],[43,-67],[76,-177],[66,-100],[75,-69],[162,-132],[33,-49],[18,-73],[-14,-360],[-72,-162],[-9,-45],[-11,-136],[4,-78],[-11,-71],[-57,-145],[-21,-103],[10,-102],[40,-84],[74,-76]],[[60407,90700],[62,-45],[79,-26],[90,-15],[37,-46],[33,-70],[38,-125],[30,-55],[38,-34],[60,-4],[26,17],[33,49],[32,74],[25,87],[30,56],[26,26],[66,33],[51,75],[106,118],[46,17],[54,-11],[30,-21],[124,-115],[76,-64],[60,-19],[94,16],[46,0],[57,-23],[70,-64],[36,-46],[37,-88],[23,-100],[21,-159],[4,-97]],[[62047,90041],[-13,-69],[10,-130],[-10,-185],[8,-124],[-2,-83],[-25,-36],[-123,-78],[-53,-21],[-17,-27],[8,-98],[13,-52],[45,-47],[30,0],[114,78],[42,13],[64,-25],[46,-40],[75,-15],[85,-28],[47,-26],[80,-21],[31,-18],[31,-46],[48,-170],[28,-42],[60,-44],[66,-96],[15,-75],[36,-117],[17,-28],[80,-51],[72,-82],[16,-38],[6,-83],[-3,-240],[13,-58],[55,-2],[63,-16],[103,-47],[41,-26]],[[63249,87748],[5,-37],[-30,-67],[-41,-38],[-16,-65],[22,-115],[32,-47],[55,-55],[5,-44],[-31,-92],[-27,-49],[3,-25],[47,-109],[-4,-44],[-23,-58],[-13,-69],[-4,-74],[-22,-189],[-45,-27],[-73,-10],[-39,4],[-70,39],[-25,-1],[-39,-61],[2,-50],[110,-140],[1,-44],[-27,-75],[-25,-11],[-49,26],[-44,48],[-45,7],[-33,-56],[2,-56],[15,-31],[79,-104],[39,-33],[40,-10],[26,27],[7,44],[37,133],[15,30],[39,12],[116,-146],[39,-34],[48,-21],[1,-61],[-45,-49],[-122,-59],[-70,-92],[-8,-70],[113,-22],[48,-28],[5,-63],[-84,-81],[-9,-83],[18,-75],[42,-85],[7,-36],[-8,-97],[20,-54],[91,-55],[8,-36],[-65,-82],[-41,-27],[-20,35],[-43,125],[-31,20],[-18,-28],[1,-173],[-19,-79],[-10,-99],[-22,-54],[-48,-36],[-7,-29],[9,-60],[47,-43],[35,-74],[44,-30],[56,4],[27,-32],[52,-89],[64,-28],[44,-9],[37,-73],[-23,-29],[-56,36],[-44,-22],[-89,-17],[-40,-37],[-77,-126],[-70,-50],[-41,-15]],[[49650,89412],[14,10],[15,80],[-25,46],[-2,37],[65,7],[16,-51],[36,-53],[32,5],[11,58],[-22,61],[-13,66],[4,45],[51,24],[76,-82],[19,-44],[39,-6],[15,77],[20,27],[18,110],[-6,21],[-53,40],[-6,38],[42,65],[27,-5],[36,-78],[27,-24],[-21,-34],[27,-24],[57,48],[-4,64],[-17,67],[8,40],[65,31],[2,39],[-38,63],[-56,58],[-18,44],[-47,25],[-35,-26],[-28,46],[30,85],[39,20],[36,70]],[[62047,90041],[18,-49],[63,-84],[16,-43],[51,-27],[54,2],[48,-51],[43,-11],[46,30],[61,19],[37,29],[49,67],[81,58],[75,25],[44,-9],[22,-20],[52,-76],[51,-29],[191,-67],[78,-2],[80,58],[55,20],[56,5],[103,-63],[34,-39],[53,-17],[57,25],[25,36],[47,119],[37,78],[20,74],[4,50],[-16,86],[-20,203],[5,63],[27,48],[59,32],[121,48],[98,67],[125,6],[77,-8],[54,43],[53,14],[27,-14],[219,-211],[38,-62],[2,-92],[59,-116],[65,-62],[37,-53],[58,-58],[15,-31],[31,-155],[22,-66],[17,-92]],[[64871,89739],[-3,-62],[11,-75],[0,-79],[15,-25],[6,-152],[-14,-53],[1,-136],[37,-61],[15,-58],[1,-61],[-22,-54],[-14,-70],[-14,-127],[5,-38],[-33,-158],[60,-115],[-21,-82],[7,-110],[-58,-199],[-24,-49],[-16,-74],[4,-79],[-40,-84],[-7,-110],[18,-58],[-50,-49],[-50,-89],[-22,-18],[4,-70],[-33,-43],[-30,-107],[-64,-68],[-64,-15],[-19,-25],[-34,-8]],[[64423,87078],[-25,53],[-82,8],[-85,-27],[-115,-67],[-27,-44],[-174,-154],[-82,14],[-48,45],[-11,53],[9,52],[35,74],[13,101],[-11,52],[-35,85],[-16,67],[-32,33],[-31,11],[-138,-11],[-46,40],[-37,49],[-34,5],[-68,-54],[-54,-18],[-32,48],[40,103],[4,105],[-34,56],[-58,-9]],[[24048,85966],[35,20],[40,52],[7,94],[25,7],[36,38],[25,51],[-3,22],[39,40],[48,-7],[61,124],[38,-1],[28,46],[26,8],[-4,52],[31,32],[5,36],[52,62],[23,43],[33,25],[3,31],[39,-7],[15,48],[30,-9],[38,45],[3,37],[65,75],[71,175],[41,43],[32,76],[15,58],[-19,28],[23,47],[4,57],[25,122],[20,52],[-18,74],[10,43],[-13,25],[-2,67],[28,31],[8,155],[-9,61],[40,76],[-13,32],[53,66],[91,189],[64,61],[18,77],[33,86],[49,73],[28,66],[63,22],[27,42],[49,22],[41,-5],[36,63],[49,36],[27,86],[39,68],[31,37],[21,50],[66,57],[27,-13],[101,105],[42,-15],[43,31],[46,49],[31,19],[31,45],[40,78],[3,45],[19,47],[34,29],[29,109],[19,41],[4,117]],[[20236,90036],[197,375],[229,441],[56,111]],[[20718,90963],[36,65],[158,309],[233,445],[224,-129],[91,-56],[24,3],[22,107],[50,88],[68,85],[696,246],[33,13],[18,-51],[679,295]],[[23050,92383],[47,-61],[27,-7],[86,-105],[45,-113],[82,-117],[30,-3],[505,-10],[165,-9]],[[24037,91958],[214,-6],[348,-2],[78,136],[34,138],[30,17],[43,-1],[34,-31],[11,-76],[121,-208],[41,-37],[12,-37],[3,-69],[42,-43],[9,-45],[29,-56],[38,-43],[13,-38],[67,-76],[30,-78],[22,-29],[23,-60],[59,0],[16,19],[84,26],[30,21],[30,42],[28,61],[51,52],[240,513],[505,-1040],[85,-177]],[[22582,87488],[-324,343],[-362,393],[-511,569],[-314,339]],[[33301,94150],[33,-14],[34,-44],[56,-2],[61,-48],[208,-176],[485,9],[88,-6],[0,-47],[612,3],[18,79],[36,39],[29,55],[16,105],[55,144],[37,28],[-2,118],[22,68],[58,37],[34,-4],[24,24],[81,111],[13,50],[22,25],[54,99],[18,17],[69,5],[0,18],[43,99],[32,18]],[[35537,94960],[2,-37],[-17,-36],[40,-36],[-6,-53],[15,-23],[68,-40],[48,-94],[-10,-73],[28,-79],[23,-10],[-1,-38],[20,-26],[-2,-80],[24,-46],[-7,-43],[39,-38],[-6,-19],[7,-102],[16,-25],[40,-7],[7,-70],[-21,-20],[4,-75],[-10,-14],[1,-73],[41,-33],[40,-78],[19,-74],[0,-52],[62,-89],[15,-68],[0,-49],[49,-139],[27,-41],[26,-70],[-8,-38],[-38,-53],[5,-57],[22,-86],[-14,-54],[6,-45]],[[47953,89017],[39,105],[7,69],[-9,23],[11,89],[35,83],[13,108],[31,57],[57,137],[17,15],[-3,74],[39,65],[-4,115],[38,46],[15,172],[-12,62],[8,23],[-5,90],[10,39],[6,94],[-46,-11],[-26,12],[-82,-11],[-216,31],[-50,23],[-63,-2],[-51,-50],[-148,-13]],[[47564,90462],[16,36],[2,46],[-30,72],[8,71],[52,96],[-9,154],[-32,132],[-53,142],[-26,27],[-14,50],[15,64],[53,76],[40,98],[36,70],[-4,34],[19,135],[-3,56],[-18,22],[5,207],[-18,64],[18,48],[13,83],[21,38],[6,174],[-42,107],[-1,70],[-35,92],[-1,53],[-29,81],[3,38],[-6,130],[-16,40],[-5,64],[13,35],[8,88],[-23,46]],[[47527,93301],[45,-14],[58,20],[28,27],[44,4],[44,21],[23,-11],[41,37],[69,-45],[29,-45],[53,-34],[31,-67],[3,-86],[18,-99],[33,-57],[1,-154],[14,-136],[28,-75],[52,-31],[34,-59],[55,-36],[97,10],[29,-15],[54,-68],[155,255],[73,79],[52,93],[30,-14],[60,2],[27,30],[22,-1],[54,62],[57,31],[41,40],[41,-74],[-21,-80],[-22,-34],[14,-26],[-18,-36],[27,-56],[34,-29],[84,-38],[35,5],[250,460],[56,-66],[27,-50],[39,-39],[79,-48],[57,-55],[32,-59],[12,-47],[47,-48],[36,-60],[67,-21],[88,21],[20,-15]],[[46811,90149],[469,174],[280,133],[4,6]],[[47527,93301],[-17,20],[-16,74],[-54,56],[-9,55],[21,47],[26,26],[11,69],[29,15],[5,80],[31,-3],[19,50],[-29,76],[39,54],[16,85],[-27,38],[2,39],[-21,29],[22,55],[-6,60],[-49,36],[-28,105],[-31,33],[-56,24],[-32,42],[-28,57],[-44,24],[-13,34],[-5,79],[-13,45],[-30,17],[-38,-6],[-47,34],[-2,68],[-40,1],[-5,53],[24,37],[-26,18],[34,239],[-20,38],[14,40],[-16,68],[41,11],[10,61],[-58,105],[-70,30],[-25,45],[15,50],[41,32],[-26,91],[-47,44],[37,83]],[[47036,95864],[18,-15],[69,-18],[57,4],[161,47],[73,45],[141,123],[170,122],[99,150],[82,237],[56,97],[82,74],[67,40],[57,7],[191,-4],[67,-30],[70,-53],[76,-83],[63,-118],[47,-43],[70,-22],[92,-2],[106,42],[98,61],[62,57],[130,50],[111,-19],[102,-77],[196,-48],[161,-68]],[[27340,95438],[68,5],[37,33],[18,45],[36,25],[49,6],[22,16],[13,57],[2,62],[38,112],[16,22],[32,143],[68,115],[32,29],[23,119],[25,4],[62,48],[-6,49],[11,38],[-1,62],[22,44],[3,45],[-39,172],[6,46],[-16,32],[16,94],[-17,122],[-14,45],[-32,13],[-31,47],[2,27],[-41,31],[7,43],[-25,38],[-7,120],[29,43],[2,82],[16,68],[-19,50],[28,95],[28,35],[-4,53],[22,48],[-15,33],[32,110]],[[27838,97964],[63,-25],[133,-72],[108,-67],[194,-77],[69,-67],[102,-82],[52,-55],[92,-71],[102,-61],[116,-19],[175,-11],[74,13],[104,43],[54,35],[125,102],[209,140],[102,102],[68,78],[112,160],[77,63],[107,69],[51,43],[60,80],[89,160],[27,39],[113,99],[218,153],[94,50],[40,35],[49,12],[51,-15],[73,-66],[40,-68],[54,-219],[19,-61],[33,-73],[97,-152],[126,-174],[60,-112],[30,-85],[28,-48],[73,-78],[56,-46]],[[18259,93290],[99,98],[113,91],[80,44],[157,68],[102,23],[146,14],[71,23],[36,29],[172,172],[56,43],[264,184],[203,126],[167,85],[179,101],[209,131],[77,63],[81,52],[230,129],[49,16],[75,44]],[[20825,94826],[28,-98],[18,-461],[58,-876],[-369,0],[-20,-475],[-7,-268],[-9,-161],[-5,-15],[-183,-285],[-160,-243],[617,-298],[-7,-30],[-37,-24],[-50,-109],[-17,-3],[-71,-158],[13,-43],[-9,-84],[19,-100],[-3,-29],[21,-49],[66,-54]],[[20825,94826],[40,25],[108,43],[75,21],[57,1],[200,-35],[66,-8],[41,7],[53,27],[53,45],[147,182],[56,60],[132,268],[49,122],[46,85],[89,147],[92,132],[120,116],[73,103],[32,98],[54,115],[57,107],[54,86],[118,210]],[[22637,96783],[158,-917],[29,-59],[11,-113],[26,-32],[7,-64],[-15,-99],[-1,-87],[43,-102],[-16,-18],[-32,-95],[-16,-150],[27,-79],[26,-19],[-16,-117],[-29,-113],[12,-42],[-2,-119],[-12,-133],[-36,-86],[-2,-36],[30,-39],[21,-268],[-19,-94],[12,-35],[-29,-163],[7,-136],[-6,-66],[9,-52],[-13,-84],[17,-130],[27,-134],[41,-53],[16,-54],[5,-105],[42,-75],[4,-54],[37,-82],[26,-116],[24,-180]],[[33303,97838],[115,-74],[112,-112],[215,-131],[147,-98],[101,-62],[116,-30],[97,6],[121,-25],[138,-23],[97,1],[156,-27],[116,-52],[148,-57],[152,22],[161,189],[23,10]],[[35318,97375],[44,-145],[-6,-28],[20,-61],[-13,-55],[34,-65],[-4,-24],[-39,-19],[-20,-31],[-6,-43],[-39,-46],[-13,-88],[60,-38],[-17,-110],[5,-32],[49,-62],[10,-40],[-26,-61],[5,-69],[-14,-30],[11,-101],[24,-63],[15,-6],[18,-94],[-20,8],[-22,-39],[42,-83],[21,-128],[-34,-86],[32,-19],[-2,-53],[16,-56],[-5,-89],[20,-17],[7,-68],[-6,-41],[-25,-7],[-8,-155],[14,-50],[45,-56],[3,-59],[20,-45],[27,-24],[-4,-37]],[[22637,96783],[299,726],[87,-144],[95,-291],[30,-150],[66,-304],[50,92],[66,180],[22,73],[32,61],[57,73],[108,60],[64,27],[91,66],[46,48],[77,102],[77,120]],[[23904,97522],[256,-351],[-142,-425],[262,68],[3,-4],[255,-929],[24,-98],[95,-338],[-3,-43],[-85,-318],[-112,-440],[-69,-265],[-101,102],[-80,-375],[-102,-437],[-145,-640],[77,-1071]],[[23904,97522],[55,66],[99,181],[98,122],[98,64],[107,117]],[[24361,98072],[34,-94],[58,-9],[-8,-32],[-31,-32],[2,-182],[-9,-48],[33,-59],[22,-2],[25,-50],[-10,-18],[33,-94],[37,-36],[19,-52],[-2,-40],[37,-65],[49,-35],[-6,-31],[24,-33],[7,-53],[20,-56],[22,-30],[14,-57],[38,-60],[0,-36],[57,-105],[3,-42],[28,-92],[14,-86],[56,-78],[4,-28],[33,-53],[1,-47],[21,-41],[12,-64],[30,-26],[35,-60]],[[24361,98072],[123,104],[59,67],[83,159],[57,68],[187,145],[65,65],[88,62],[76,23],[186,24],[200,51],[114,4],[118,-20],[76,-30],[179,-101],[43,-33],[108,-137],[118,-126],[92,-125],[44,-49],[92,-139],[29,-61],[52,-71],[83,-100],[73,-57],[89,-25],[60,0],[74,26],[220,211],[89,45],[69,26],[71,10],[143,-4],[130,-29],[61,-26],[126,-65]],[[37413,98785],[11,90],[3,83],[14,144],[32,138],[67,210],[53,179],[63,134],[79,100],[89,73],[96,44],[55,14],[84,5],[68,-11],[111,-37],[180,-98],[87,-78],[74,-90],[73,-80],[92,-81],[132,-58],[94,-11],[197,17],[115,-8]],[[5346,55715],[99,203],[35,409],[-24,126],[-61,254],[-38,177],[-35,134],[-54,350],[-40,172],[-40,123],[-96,224],[-98,156],[-192,259],[-203,259],[-96,130],[-30,122],[-2,85],[16,104],[-25,243],[15,83],[0,52],[17,143],[-2,44],[-20,68],[-57,101],[-7,30],[8,69],[-12,31],[3,199],[-60,279],[-34,130],[-63,84],[-67,243],[-19,208],[7,263],[30,174],[32,157],[80,270],[94,155],[140,140],[118,105],[103,151],[111,237],[71,162],[98,96],[62,99],[95,93],[158,133],[148,24],[79,77],[121,151],[278,218],[49,77],[20,98],[48,180],[46,104],[56,93],[107,165],[96,122],[51,74],[109,245]],[[6571,64872],[1339,-792]],[[19023,16595],[-56,65],[-43,66],[-10,44],[-42,67],[-117,-12],[-14,-11],[-71,9],[-44,16],[-43,30],[-38,-36],[-48,9],[-34,46],[-10,50],[-66,51],[12,95],[-20,42],[-30,5],[-37,-18],[-5,-32],[-38,22],[-15,43],[-30,22],[-26,46],[-23,10],[-20,-85],[-39,1],[-21,40],[-57,-12],[-33,-105],[-32,52],[-16,1],[-65,-46],[-17,-49],[-58,-13],[-25,12],[-6,43],[-26,38],[-52,10],[-14,-107],[-86,81],[-17,-39],[-36,42],[-10,-46],[-22,-21],[-25,-54],[-17,63],[-43,9],[-20,65],[30,32],[19,75],[-65,72],[-19,-50],[-52,16],[-52,-18],[-3,81],[-45,-14],[8,-66],[-27,-29],[-50,91],[39,115],[-8,25],[-54,26],[-16,-29],[0,-87],[-29,21],[-35,87],[-56,-18],[-42,-56],[-30,9],[2,55],[-31,7],[-32,-119],[-14,-10],[-15,87],[6,36],[38,69],[25,71],[-8,52],[-43,89],[-58,28],[-26,-61],[-38,43],[7,50],[-31,42],[7,94],[-10,25],[-60,-18],[-25,-40],[18,-49],[-51,-4],[-26,47],[-1,41],[45,29],[4,25],[-24,43],[-39,-3],[-22,-72],[-19,-140],[-28,17],[-17,48],[-3,57],[-33,37],[-28,-7],[-14,-72],[14,-72],[-16,-46]],[[16385,17766],[-30,47],[-28,73],[-68,102],[-42,144],[-29,21],[-197,-74],[-25,1]],[[14363,12854],[-26,69],[-42,46],[-20,64],[-7,74],[-61,90],[-45,1],[-38,21],[-28,58],[-76,73],[-69,47],[-15,20],[-42,151],[-42,86],[-19,120],[-24,26],[-28,147],[-18,3],[-43,67],[-54,14],[-32,-21],[-24,-39],[-54,28],[-64,73],[-27,41],[-43,96],[-23,8],[-39,42],[-38,-8],[-16,45],[-22,131],[16,88],[30,82],[16,19],[14,93],[-16,90],[-5,88],[-2,170],[29,81],[-3,35],[39,96],[24,35],[-12,36],[29,47],[3,39],[48,5],[30,32],[9,50],[-19,51],[-28,24],[-20,80],[19,62],[-18,37],[4,34],[-35,55],[4,49],[-26,33],[-12,74],[18,23]],[[16385,17766],[8,-41],[58,-139],[3,-35],[-32,-37],[-19,1],[-57,67],[-43,36],[-46,-14],[-1,-56],[-22,-45],[-66,-13],[-47,8],[-86,-10],[-61,-57],[-80,-30],[-54,-40],[28,-69],[52,25],[81,22],[48,-10],[47,-79],[57,-13],[82,22],[68,-8],[79,-44],[27,-34],[-15,-43],[-65,-53],[-45,-55],[-1,-44],[37,-54],[33,-4],[84,53],[35,-36],[-36,-109],[-13,-69],[15,-66],[5,-91],[-38,-89],[30,-39],[77,4],[20,-38],[-12,-129],[-21,-45],[-21,-7],[-116,25],[-49,-6],[-12,-42],[-2,-67],[-16,-67],[-53,-102],[-18,-70],[30,0],[155,59],[83,-24],[58,-37],[170,8],[5,-38],[-30,-89],[-24,-22]],[[16659,15787],[-81,28],[-33,1],[-52,-39],[-71,-40],[-38,-6],[-12,-23],[4,-95],[-11,-28],[-87,-58],[-6,-46],[37,-13],[58,11],[60,51],[53,64],[33,4],[101,-78],[118,-135],[18,-52],[3,-98],[27,-149],[8,-95],[-26,2],[-47,144],[-29,54],[-36,42],[-39,15],[-69,48],[-31,38],[-29,96],[-25,23],[-41,-21],[-77,-22],[-5,-63],[56,-51],[25,-10],[71,-58],[27,-35],[46,-12],[2,-44],[-47,-54],[-19,-96],[-12,-21],[-61,-29],[-13,-26],[4,-58]],[[37046,8917],[-3,-49],[-22,-42],[-21,-9],[-90,84],[-39,70],[-61,30],[-22,35],[17,93],[41,58],[25,52],[25,21],[57,6],[8,30],[-25,76],[-34,32],[-58,33]],[[36844,9437],[35,0],[5,161],[15,18],[-10,52],[-36,21],[42,56],[49,-21],[8,47],[32,-2],[5,35],[45,-16],[10,25],[46,11],[26,56],[40,-1],[49,-19],[61,84],[3,60],[29,-1],[8,64],[52,87],[19,94],[31,22],[28,85],[23,11],[18,58],[35,38],[29,57],[-2,120],[61,152],[7,30],[417,602],[-17,141],[8,63],[-33,126],[18,104],[96,15],[98,168],[-3,59],[33,36],[11,55],[56,14],[-1,58],[44,137],[-33,1],[-12,58],[14,35],[-12,71],[9,35],[-57,3],[26,104],[-5,79],[-34,22],[10,124],[-12,43],[12,28],[1,91],[-51,69],[4,32],[-34,18],[-37,-8],[-18,36],[-13,148],[-50,40],[42,127],[32,10],[24,-15],[35,114],[-4,38],[-43,26],[14,43],[74,48],[2,52],[-18,93],[6,41],[-28,88],[10,98],[-27,19],[-11,45],[-41,-20],[-30,8],[16,67],[-31,7],[-14,52],[20,87],[29,-1],[32,52],[0,54],[-33,65],[63,21],[2,33],[-24,79],[-24,36],[-24,87],[32,12],[12,34],[72,10],[16,54],[-37,35],[-34,73],[48,55],[40,6],[21,36],[2,57],[-20,7],[-12,61],[5,33],[73,14],[20,53],[42,58],[-22,42],[23,67],[-4,60],[30,87],[-94,-9],[-29,17],[-28,52],[0,41],[20,22],[117,78],[-3,149],[33,-13],[25,28],[-1,142],[40,3],[31,29],[6,35],[-14,41],[-74,2],[-12,28],[14,52],[33,37],[15,59],[-19,44],[-110,-7],[-6,-50],[-27,-54],[-71,-24],[-60,24],[-20,38],[-4,55],[22,95],[21,17],[-3,94],[17,39],[29,-22],[24,11],[34,55],[14,51],[21,29],[-30,47],[0,44],[35,22],[32,-49],[61,1],[13,-78],[24,-28],[41,74],[-35,28],[-6,57],[6,54],[-51,-18],[-24,25],[62,49],[33,10],[8,55],[-44,14],[5,59],[42,-24],[25,32],[-5,43],[-23,56],[-51,-9],[13,80],[-65,94],[4,34],[72,38],[12,32],[-18,93],[35,58],[-20,103],[-19,56],[-53,96],[-66,72],[-67,17],[-7,42],[-24,47],[-58,57],[12,56],[46,65],[77,38],[83,28]],[[38414,18494],[69,-7],[96,15],[81,29],[58,30],[78,26],[105,-24],[164,-104],[75,-74],[111,-162],[18,-38],[8,-81],[-19,-92],[-45,-130],[-9,-88],[15,-122],[24,-32],[51,-25],[164,-45],[64,-27],[25,-27],[23,-64],[4,-56],[-14,-100],[-27,-105],[-36,-81],[-10,-52],[4,-74],[15,-65],[32,-64],[131,-79],[128,-92],[59,-27],[78,-2],[49,20],[48,46],[25,107],[24,128],[34,143],[16,105],[30,52],[83,85],[48,24],[53,-5],[69,-19],[65,-35],[133,-96],[114,-32],[98,-11],[79,-25],[75,-42],[54,-44],[124,-139],[72,-40],[111,-16],[56,-19],[40,-30],[24,-48],[52,-178],[41,-81],[52,-53],[75,-26],[64,6],[118,86],[58,67],[55,97],[50,60],[56,49],[49,29],[88,5],[83,-90],[42,-21],[80,26],[116,98],[79,75],[138,116],[42,53]],[[42796,17082],[41,28],[59,13],[103,-1],[36,-11],[63,-96],[27,-76],[79,-127],[35,-23],[60,12],[64,31],[54,60],[71,125],[24,31],[28,67],[75,71],[39,7]],[[42796,17082],[-23,30],[-60,5],[-77,78],[-27,73],[5,36],[54,78],[-13,21],[-52,-2],[-74,115],[-17,110],[-4,128],[-81,24],[29,85],[-1,86],[22,32],[-30,89],[-5,45],[-49,32],[1,28],[71,35],[41,57],[55,-44],[18,13],[8,59],[-36,20],[-37,52],[19,63],[-51,34],[21,32],[-23,65],[38,15],[12,59],[41,71],[-32,54],[7,136],[57,72],[23,64],[29,26],[-14,124],[-42,73],[15,34],[-31,93],[-14,74],[31,124],[-15,38],[3,105],[19,30],[-19,53],[-2,82],[10,50],[-15,80],[-2,56],[-26,13],[-9,56],[17,158],[35,47],[58,30],[29,37],[-32,74],[-16,104],[23,47],[17,136],[14,36],[-37,97],[-29,47],[-10,75],[-18,41],[-31,26],[-2,62],[-51,85],[-6,30],[-38,51],[-38,33],[-50,176],[-30,59],[2,37],[-17,84],[-64,33],[-27,46],[-68,54],[-2,62],[-13,25],[11,74],[-23,42],[8,84],[15,31],[4,161],[-10,34],[-2,82],[-13,22],[11,114],[-29,38],[-46,122],[-26,-4],[-21,29],[-52,20],[-38,27],[-44,81],[8,49],[33,73],[12,79],[-33,39],[-23,-33],[-58,46],[-51,-11],[-46,17],[-37,-17],[-13,-53],[-39,-7],[-6,-82],[-95,105],[-28,109],[-5,99],[11,57],[-43,96],[-25,84],[19,57],[-8,41],[-31,20],[-16,61],[-41,-17],[-38,3],[-33,-35],[41,-38],[20,-42],[-137,-170],[-29,-19],[-35,-55],[-33,-11],[-30,55],[-45,8],[-35,55],[-14,81],[-34,22],[-6,-63],[-68,-39],[-29,17],[-49,-35],[-40,-3],[-10,-39],[-94,-76],[-43,35],[-38,-7],[3,-55],[-28,-95],[-66,-21],[11,-47],[-10,-37],[-48,-9],[-40,89],[-25,25],[-46,-1],[-85,70],[-23,-16],[13,-86],[20,3],[19,-64],[-34,-62],[-27,-13],[-22,34],[-51,-47],[19,-34],[-80,-42],[-31,-4],[-43,21],[-19,-28],[1,-37],[-45,-61],[-35,5],[13,42],[-44,38],[-17,38],[-22,6],[-25,-105],[-41,-1],[-40,15],[-16,-18],[-13,-67],[-26,-12],[-62,3],[-24,24],[-47,0],[-68,41],[-68,19],[-37,-66],[-64,18],[-30,47],[-28,79],[-1,63],[42,73],[-2,65],[-23,77],[-19,36],[-17,89],[26,24]],[[40104,25395],[-4,96],[-25,107],[3,66],[47,61],[55,-12],[52,-52],[102,-131],[50,-52],[35,-77],[43,-58],[71,-21],[49,13],[58,64],[42,99],[18,61],[10,80],[1,119],[30,69],[46,54],[48,-20],[54,-53],[76,-36],[12,-96],[-8,-214],[0,-126],[-55,-119],[15,-63],[48,-22],[166,0],[29,53],[-1,40],[-37,107],[4,93],[15,52],[89,145],[59,62],[73,-12],[22,-33],[25,-79],[34,-57],[41,-7],[27,35],[2,57],[-19,90],[-4,96],[26,215],[26,95],[16,132],[40,68],[32,101],[73,56],[66,35],[52,14],[41,-27],[31,-59],[90,-103],[16,-58],[-6,-198],[-27,-112],[14,-108],[55,-74],[69,-36],[45,-40],[40,2],[32,42],[13,44],[-48,227],[-36,143],[1,66],[22,81],[37,65],[23,17],[93,39],[47,6],[32,-33],[14,-88],[27,-31],[45,-10],[92,-5],[27,12],[21,65],[-2,35],[-99,142],[-42,19],[-24,30],[-15,59],[6,33],[66,53],[42,16],[67,-12],[111,15],[29,-6]],[[16659,15787],[5,-53],[22,-103],[-10,-91],[24,-30],[21,26],[19,57],[67,114],[28,5],[50,-34],[20,-93],[36,-12],[47,24],[14,29],[-58,125],[19,31],[57,-21],[62,6],[32,40]],[[33913,18367],[-7,-17],[-4,-115],[-8,-47],[10,-75],[-12,-80],[-37,-103],[-5,-60],[17,-41],[3,-64],[-10,-60],[14,-36],[5,-87],[10,-23],[23,-194],[-32,-53],[7,-40],[25,-36],[12,-56],[-16,-47],[-22,-21],[-17,-63],[12,-59],[38,-1],[27,-50],[84,-47],[41,-70],[1,-61],[16,-47],[-9,-106],[80,-77],[74,-155],[-4,-62],[-29,-48],[-92,-104],[-47,-22],[-53,-48]],[[34008,16092],[-80,-155],[-3,-22],[39,-103],[91,-60],[79,-68],[67,-82],[39,-61],[41,-35],[-54,-79],[-47,-10],[-26,-35],[-90,-64],[-46,-117],[-31,-54],[-49,-40],[-19,-31],[-52,-37],[-70,-20],[-56,17],[-11,-44],[-58,-52],[-50,8],[-34,-20],[-27,11],[-20,-58],[19,-27],[-7,-72],[-51,-7],[-14,-84],[-33,-80],[-36,-60],[-36,4],[-23,26],[-49,2],[-9,-39],[-61,42],[-27,75],[-20,27],[-66,-31],[-34,-31],[-30,32],[-51,-11],[7,-44],[-30,-6],[-31,-31],[-31,29],[-55,-7],[9,53],[-22,34],[3,59],[-34,-33],[-34,12],[-30,-64],[-30,19],[-6,43],[-40,-22],[-41,54],[40,45],[-47,14],[18,64],[-8,16],[-49,-3],[-42,17],[4,-85],[14,-62],[-33,-2],[-24,-34],[-29,21],[-5,48],[-42,-11],[-18,38],[25,20],[20,44],[-16,62],[-60,50],[-28,-15],[1,60],[-142,12],[-21,-64],[34,-31],[-5,-65],[-33,29],[-17,-15],[-95,28],[-7,61],[-38,36],[-47,-62],[-27,50],[-22,15],[-37,-13],[-31,-56],[10,-55],[-9,-81],[43,-7],[10,-31],[-34,-55],[22,-87],[-31,-11],[-31,-54],[9,-61],[-49,26],[-11,-20],[-45,-20],[4,-64],[-39,-21],[-13,-34],[-36,14],[-56,-16],[-65,-41],[-67,42],[-13,24],[17,37],[34,10],[12,34],[-50,103],[-38,-9],[-56,-32],[-6,-28],[17,-112],[-18,-91],[-42,56],[-79,42],[-10,61],[-42,33],[-40,-33],[-60,-111],[-39,2],[-72,-36]],[[37837,22416],[59,-44],[80,-86],[39,-79],[22,-69],[-12,-97],[-23,-63],[-41,-24],[-55,0],[-103,67],[-60,4],[-69,-9],[-41,-51],[-52,-90],[-53,-112],[-57,-62],[-57,-80],[-23,-110],[-27,-168],[-43,-63],[-74,-53],[-54,-72],[-26,-86],[4,-83],[29,-127],[16,-138],[24,-342],[22,-86],[41,-46],[75,-43],[58,-52],[39,-66],[26,-79],[16,-81],[-7,-119],[2,-61],[22,-61],[80,-94],[91,-30],[91,23],[79,11],[81,-6],[38,-17],[34,-37],[32,-86],[20,-110],[37,-108],[60,-147],[36,-157],[96,-180],[56,-123],[49,-130]],[[36844,9437],[-36,24],[-28,-11],[-21,37],[-39,4],[-64,-26],[-14,-68],[-44,14],[-23,39],[-20,2],[-17,-66],[-25,-2],[-80,-77],[-33,-5],[-24,69],[-6,46],[70,60],[12,29],[-21,70],[5,33],[44,29],[68,79],[30,23],[44,77],[-23,51],[-67,-12],[-86,0],[-66,23],[-120,85],[-56,89],[-19,71],[-17,16],[-36,-29],[-33,-74],[-13,-51],[-28,-193],[-47,-20],[-70,106],[-33,82],[-8,49],[-35,31],[6,68],[-18,47],[12,64],[36,31],[8,39],[-27,144],[-26,39],[-20,0],[-57,-71],[-65,-40],[-30,-43],[7,-120],[22,-188],[-8,-68],[-43,-22],[-28,5],[-43,49],[-30,89],[-14,86],[-14,34],[-80,42],[-65,-35],[-100,-6],[-34,12],[-31,55],[2,76],[18,77],[-22,128],[-23,0],[-28,-62],[-46,15],[-38,-30],[-1,-48],[40,-45],[-37,-135],[-36,-57],[-25,24],[-15,44],[-8,69],[-46,76],[-2,58],[-19,21],[-20,74],[-3,69]],[[34914,10606],[85,12],[5,82],[-12,21],[5,70],[67,-2],[24,10],[-8,139],[8,72],[42,10],[32,25],[0,42],[46,93],[48,-8],[10,61],[31,57],[54,15],[43,52],[9,47],[31,24],[42,-3],[47,23],[3,34],[60,8],[17,41],[102,27],[74,81],[31,-14],[37,6],[19,36],[129,155],[74,46],[78,64],[15,33],[39,14],[32,41],[25,-2],[21,38],[26,10],[29,37],[32,148],[-21,86],[29,64],[32,23],[73,4],[-14,63],[-23,20],[23,44],[7,44],[-35,130],[30,66],[-38,129],[-21,21],[15,69],[-10,53],[21,101],[48,75],[18,7],[-4,70],[16,67],[13,114],[-19,6],[-16,45],[14,43],[-22,68],[3,124],[-25,42],[-52,-13],[-61,52],[-30,-16],[-58,18],[-6,-51],[-20,-20],[-72,18],[-25,-73],[-26,-30],[-19,28],[-39,-47],[-74,139],[-32,33],[-13,-55],[-42,-38],[-30,-9],[-30,36],[-18,340],[-8,18],[-25,145],[-21,67],[-34,72],[8,53],[-43,30],[-58,-4],[-38,-22],[-29,33],[-78,-2],[-241,-97],[-55,138],[-17,56],[3,158],[18,28],[26,78],[-32,122],[4,41],[-28,53],[-14,51],[-46,68],[23,110],[40,37],[40,97],[-4,38],[14,83],[24,26],[-2,106],[35,47],[-45,80],[-72,9],[-6,42],[-39,83],[-22,-11],[-27,-46],[-46,-19],[-28,-34],[-38,-73],[-26,18],[-37,-58],[-12,-158],[-40,-47],[-8,-40],[-26,-40],[-27,-16],[-30,54],[-57,49],[33,74],[-52,70],[-53,-6],[-92,63],[-59,20],[-106,62],[-49,21],[-30,-4],[3,219],[-276,9]],[[79729,18201],[41,-20],[0,-33],[48,-4],[40,-28],[63,7],[21,86],[27,-43],[37,8],[59,-42],[19,-46],[110,44],[31,-24],[25,18],[10,43],[-28,16],[18,53],[60,-7],[20,40],[46,-15],[-13,58],[73,-26],[25,84],[26,11],[18,44],[25,-13],[36,-51]],[[80566,18361],[19,-67],[-11,-42],[17,-26],[-4,-124],[19,-69],[35,-56],[72,-14],[38,-141],[528,-204],[104,145],[38,10],[14,27],[31,-14],[11,-42],[43,-91],[-9,-48],[24,-24],[22,9],[50,-31],[13,-50],[-21,-133],[14,-89],[-12,-72],[24,-39],[17,-55],[-7,-78],[24,-21],[-16,-51],[13,-41],[-12,-106],[11,-110],[25,-50],[-17,-80],[-2,-52],[9,-97],[-11,-25],[-11,-86]],[[81648,16324],[-46,9],[-14,-66],[-15,-4],[1,-64],[37,-18],[-48,-62],[-33,-65],[-46,-36],[3,-39],[-36,-12],[-34,-54],[-30,23],[-23,-102],[-4,-102],[-29,-13],[25,-54],[4,-117],[-43,-31],[-11,-80],[-30,-35],[-87,61],[-35,0],[-5,-55],[38,-14],[-26,-106],[-17,-38],[1,-39],[27,-20],[-14,-57],[-16,-16],[-44,34],[-2,40],[-66,3],[14,-32],[2,-55],[-54,-19],[-28,77],[-25,16],[-19,-36],[-36,40],[-39,-11],[3,-30],[-20,-52],[-29,5],[-16,-50],[-26,47],[-49,-104],[29,-27],[-6,-71],[10,-77],[-11,-31],[27,-80],[42,-16],[16,-64],[-62,-38],[-22,34],[-23,-22],[-29,15],[-33,-46],[26,-62],[-19,-35],[-1,-61],[-52,3],[-22,25],[-75,-41],[-14,59],[-44,-22],[-68,14],[-12,-30],[-46,18],[-23,-33],[-10,-53],[-20,1],[-10,-55],[-39,-2],[-45,-67],[-29,-6],[-2,-68],[-30,-25],[24,-35],[-25,-34],[-27,17],[-65,-96],[-84,27],[-5,-51],[-29,13],[-22,-73],[-29,-1],[-43,-74],[-20,21],[-37,-74],[-17,30]],[[79732,13798],[-28,62],[3,46],[31,49],[15,73],[21,3],[32,68],[3,69],[23,50],[-9,56],[34,50],[2,58],[17,14],[-23,121],[0,45],[-19,55],[24,97],[-4,130],[15,50],[21,13],[-4,104],[15,75],[-12,67],[31,95],[13,89],[-74,61],[-34,79],[-35,126],[-86,120],[-50,2],[-24,-72],[-198,7],[-2,17]],[[79430,15677],[34,32],[37,7],[31,64],[8,61],[-10,38],[3,85],[24,60],[-7,90],[19,14],[26,86],[0,105],[-39,18],[-4,64],[-36,13],[4,47],[-13,29],[30,73],[1,56],[-17,47],[7,48],[-16,45],[-11,113],[-12,31],[40,49],[7,47],[22,25],[-15,73],[9,27],[-38,45],[-22,59],[3,67],[40,24],[-14,66],[40,101],[-2,29],[-32,40],[3,71],[28,43],[-39,104],[-2,41],[60,53],[47,-1],[-56,87],[-2,64],[9,47],[50,-6],[17,65],[22,27],[33,-26],[31,35],[1,42]],[[82048,21218],[22,-24],[6,-38],[-23,-52],[13,-83],[-9,-78],[-29,-78],[22,-32],[2,-39],[-62,-54],[-20,-91],[-22,-22],[-32,7],[6,-61],[62,-57],[30,-5],[-11,-62],[21,-55],[3,-49],[19,-70],[-33,-32],[-14,-72],[-23,-48],[2,-38],[-83,-8],[7,-88],[-9,-38],[-58,-39],[-19,-33],[-33,11],[-30,-22],[-74,-11],[-2,-23],[-48,13],[-41,-32],[-35,4],[-16,-36],[-29,-12],[-22,-52],[-82,-51],[-60,-85],[-36,11],[-13,-56],[10,-85],[24,-34],[-7,-53],[-34,-1],[-3,-32],[-59,2],[-29,21],[-36,-42],[5,-33],[72,5],[3,-85],[14,-33],[38,-39],[-36,-229],[-24,-51],[-30,42],[-71,-15],[-37,19],[-15,-37],[-31,-25],[-49,-12],[-57,-35],[-48,-2],[-3,26],[-92,33],[-11,27],[-52,8],[-9,-39],[-35,-17],[19,-32],[-13,-44],[-35,-5],[29,-50],[-46,-11],[14,-50],[-14,-50],[-29,-7],[-31,-44],[14,-48],[-12,-80],[-23,-40]],[[79729,18201],[-27,76],[0,64],[-33,61],[-25,-22],[-18,64],[-36,0],[-21,-58],[-23,8],[-7,94],[-14,69],[37,57],[20,4],[-8,56],[-53,-48],[-37,20],[-16,81],[-62,-49],[-18,-40],[-49,51],[-18,-41],[-50,-42],[-1,35],[-61,-58],[-14,40],[-48,18],[-36,-44],[8,-25],[-43,-85],[-80,-3],[-27,95],[-27,9],[-59,-38],[-36,-11],[-31,-31],[-49,52],[-26,76],[-37,-22],[-10,-79],[-53,-37],[-13,34],[19,120],[-40,73],[-35,23],[-9,80],[-25,7],[-67,-49],[-30,61],[4,90],[-44,13],[-8,32],[4,108],[21,5],[24,101],[44,43],[-1,56],[34,28],[11,70],[-19,92],[40,77],[23,16],[42,82],[7,54],[-24,54],[60,142],[34,45],[3,53],[29,24],[-15,92],[26,34],[35,2],[7,-32],[68,-63],[36,26],[5,49],[38,66],[48,43],[-9,38],[17,63],[-14,33],[17,25],[-10,115],[36,-23],[59,18],[30,-81],[16,48],[36,12],[3,89],[31,-13],[16,94],[-2,61],[27,6],[-12,89],[31,47],[34,7],[19,51],[-22,40],[-8,117],[8,49],[44,-10],[8,43],[-13,61],[22,53],[23,16],[47,82],[16,12],[13,57],[52,-4],[-9,67],[39,58],[20,70],[29,29],[21,49],[-10,38],[8,91],[-16,35],[18,99],[-14,58],[18,52]],[[73188,18338],[-1,-32],[63,-99],[36,-90],[7,-45],[-1,-196],[-58,-14],[-17,-27],[-9,-60],[6,-81],[-16,-78],[27,-61],[-2,-62],[27,-60],[-33,-151],[10,-44],[1,-105],[-28,-104],[28,-154],[1,-95],[56,-96],[0,-38],[47,-67],[32,-25],[34,-73],[62,-85],[24,92],[20,25],[27,-15],[59,-68],[36,8],[47,54],[24,-2],[48,26],[74,-3],[31,23],[51,-12],[38,-88],[62,-4],[120,20],[48,38],[89,11],[11,-59],[56,-49],[31,32],[72,19],[70,-71],[62,19],[28,-59],[63,-29],[44,-70],[15,5],[96,132],[58,17],[31,39],[79,-77],[90,-30],[7,-62],[93,-14],[80,-41],[8,-75],[21,-27],[67,-47],[38,21],[67,9],[55,-6],[61,24],[50,-31],[31,-2],[27,-24],[22,-49],[25,-26],[53,-27],[71,30],[48,72],[45,43],[106,189],[70,60],[56,24],[56,86],[62,20],[42,-4],[23,-20],[18,-46],[27,-30],[22,-51],[64,-74],[12,-48],[-37,-117],[26,-146],[51,-21],[10,-23],[2,-105],[12,-52],[20,-31],[83,49],[42,-18],[38,-64],[41,-7],[65,39],[47,65],[54,-64],[-26,-101],[2,-62],[30,-84],[45,-84],[32,-7]],[[77028,15361],[76,73],[44,54],[39,68],[44,-27],[-45,-115],[-16,-23],[-27,-90],[18,-85],[48,-86],[19,-90],[24,-32],[30,-70],[-20,-62],[0,-82],[41,-30],[9,-43],[38,-23],[11,-94],[-2,-119],[11,-65],[35,-78],[6,-37],[31,-33],[8,-38],[28,-24],[-15,-93],[12,-43],[-3,-44],[22,-70],[-29,-38],[22,-36],[-16,-35],[33,-26],[4,-45],[-41,-18],[14,-53],[-4,-54],[5,-96],[-4,-79],[-16,-21],[5,-65],[-24,-14],[30,-115],[-6,-40],[-28,-24],[25,-35],[21,-68],[-4,-89],[14,-48],[49,-3],[25,-53],[8,-45],[-11,-53],[25,-16],[59,1],[13,20],[52,-70],[40,1],[19,-40],[42,-18],[12,-41]],[[77828,12644],[-14,-91],[-47,-21],[-7,-38],[45,-2],[6,-63],[-21,-36],[-20,-84],[-44,-40],[-23,-63],[-39,38],[-47,-28],[28,-77],[4,-37],[30,-55],[24,-21],[16,44],[28,-4],[15,-29],[-13,-89],[-57,-30],[-50,-81],[33,-33],[-29,-23],[-52,38],[-28,-30],[-9,-58],[11,-41],[-20,-29],[-61,32],[-48,96],[-121,-139],[-16,13],[0,64],[-27,62],[-56,40],[-32,50],[-24,-6],[-18,-49],[-9,-61],[-36,161],[-58,64],[-58,-34],[-2,-55],[23,-72],[-36,-88],[4,-36],[23,-23],[56,7],[19,-25],[-36,-86],[-32,33],[-25,51],[-50,36],[-39,-17],[-49,19],[-6,-26],[53,-26],[22,-23],[-17,-61],[-30,-63],[-36,8],[-25,-85],[-29,-19],[-70,12],[-66,38],[-42,62],[-11,65],[-34,69],[-1,48],[-26,47],[-35,113],[-24,30],[-2,36],[-26,43],[-24,-19],[-8,-87],[9,-93],[-19,-55],[34,-31],[1,-34],[-73,-68],[-114,-39],[-17,51],[59,92],[15,144],[-58,-8],[-28,-76],[-85,55],[-17,-32],[-16,-70],[-2,-76],[-22,0],[-17,45],[3,36],[-10,133],[5,110],[-31,67],[-39,-5],[-15,-41],[-53,4],[-13,19],[0,103],[-9,23],[-39,-25],[-21,-70],[11,-46],[-7,-39],[-33,-17],[-39,4],[-44,94],[-60,46],[-51,25],[-24,-14],[-6,61],[42,3],[59,21],[37,94],[-10,39],[-51,49],[-7,37],[15,42],[-1,63],[-20,24],[-54,30],[-40,-20],[-2,-33],[29,-65],[-26,-77],[35,-37],[-3,-70],[-33,-38],[-31,-55],[-75,-87],[-78,13],[-37,31],[-8,208],[33,54],[14,43],[-13,24],[-56,14],[-16,21],[18,111],[-12,32],[-79,3],[-47,-29],[-28,-95],[-41,36],[-56,132],[-43,16],[-21,-24],[24,-122],[-26,-36],[-55,101],[-51,29],[-46,-44],[-79,-27],[-25,16],[68,114],[72,26],[40,41],[45,82],[-15,49],[-56,-5],[-61,-35],[-74,1],[-16,34],[-15,91],[-13,29],[-62,71],[-28,45],[6,95],[-42,66],[-49,28],[-44,12],[-60,80],[-30,-33],[-26,-86],[-38,-69],[-36,-82],[-77,-78],[-27,-65],[-21,25],[-96,168],[-40,141],[76,96],[47,75],[38,32],[32,103],[-60,67],[-56,-17],[-74,7],[-42,78],[-132,-32],[-15,70],[1,58],[16,125],[-8,53],[6,69],[-28,74],[-35,64],[-46,29],[-40,-10],[-35,9],[-43,79],[-23,9],[-10,66],[-38,164],[-61,44],[-29,43],[-40,-24],[-10,-53],[-18,-21],[-6,-50],[25,-43],[46,20],[37,2],[57,-40],[3,-34],[-26,-84],[-63,-125],[-54,-12],[-37,35],[-51,146],[-28,155],[-27,83],[6,74],[-38,20],[-11,-62],[5,-119],[31,-125],[-45,-45],[-28,-5],[-58,22],[-53,59],[-43,-3],[-27,38],[-30,94],[-15,72],[-4,90],[-17,85],[24,92],[-3,38],[-29,8],[-55,-37],[-35,-99],[-69,-6],[-65,9],[-32,39],[-37,95],[-37,131],[36,159],[0,97],[-22,73],[-30,-9],[-64,-53],[-69,-125],[-16,1],[-25,82],[-4,39],[15,42],[29,18],[91,-2],[24,79],[6,82],[17,86],[-9,147],[-55,4],[-30,-92],[-21,-121],[10,-47],[-36,-28],[-67,2],[-44,24],[-81,67],[-54,61],[-58,30],[-46,62],[-3,78],[11,67],[-35,59],[-25,23],[-48,6],[-8,40],[79,100],[20,57],[-6,24],[-61,-24],[2,45],[-42,43],[-118,39],[-50,-9],[-129,48],[-114,-129],[-16,4],[-13,95],[-45,82],[-30,24],[-78,5],[-68,15],[-54,-40],[-42,1],[-77,-59],[-68,-17],[-40,-57],[-26,-3],[-71,112],[-1,77],[52,107],[45,40]],[[75441,19591],[14,79],[25,24],[30,-3],[42,-48],[57,5],[7,-60],[29,-22],[33,11],[48,58],[59,-81],[7,-44],[26,-22],[45,3],[7,23],[125,6],[31,-28],[49,-78],[26,-155],[-13,-107],[-20,-20],[9,-52],[27,-82],[-26,-38],[23,-67],[35,-16],[-9,-57],[37,-10],[3,-39],[49,-37],[17,68],[34,64],[60,6],[50,-28],[72,-20],[26,-35],[41,-12],[17,15],[48,-35],[55,23],[16,-62],[19,-3],[37,-89],[-8,-39],[53,-104],[44,-8],[36,-40],[47,43],[26,7],[5,57],[53,-29],[14,6],[32,-107],[-15,-72]],[[76995,18340],[-16,-30],[-54,-25],[-6,-76],[7,-62],[-2,-86],[-31,-65],[-25,-131],[16,-56],[23,-39],[26,-8],[25,-44],[10,-55],[-4,-59],[-18,-34],[6,-74],[-20,-36],[32,-124],[-40,-191],[-11,-134],[-3,-159],[-17,-31],[-21,36],[-34,-53],[-3,-69],[41,-87],[25,-149],[21,-45],[48,-32],[-1,-84],[40,-47],[23,-61],[31,-29],[34,-92],[12,-59],[23,-41],[-52,-59],[3,-49],[-31,-4],[-23,-146],[2,-68],[-32,-92],[-8,-103],[5,-60],[32,-67]],[[79732,13798],[-1,-95],[-21,-24],[-31,-1],[-40,-59],[12,-62],[-39,7],[-20,-39],[-29,-3],[4,-41],[34,-35],[-4,-57],[-52,12],[-55,-9],[16,-32],[-111,-20],[-62,12],[-16,-22],[-4,-64],[-30,-23],[-27,76],[-49,43],[5,71],[-29,-8],[-49,46],[-4,-67],[-46,-44],[5,-67],[-58,-85],[-39,-2],[7,66],[-18,59],[-71,21],[-45,41],[0,-45],[-21,-48],[40,-118],[-11,-60],[-55,61],[-23,-27],[14,-61],[-47,16],[-58,-18],[-34,-28],[-17,-54],[-34,23],[-33,-83],[-12,41],[5,94],[-49,67],[-61,-33],[-32,52],[-38,-8],[-57,34],[-89,-30],[-30,22],[-29,-40],[-28,-111],[22,-49],[-39,-75],[-44,17],[1,-72],[-82,-58],[-27,-83],[-48,-24],[-20,-27],[-14,-52],[-39,41],[3,72],[-46,35],[-12,-37],[26,-19],[-19,-64]],[[76995,18340],[8,-56],[-4,-58],[19,-169],[27,-125],[-4,-78],[-21,-12],[4,-60],[31,-34],[-8,-52],[15,-48],[62,-101],[35,-104],[27,-9],[-17,-54],[-7,-67],[11,-29],[-4,-51],[27,-82],[38,-62],[13,-39],[50,-42],[32,-108],[-2,-29],[44,-31],[39,-84],[49,-20],[19,-21],[44,-8],[18,23],[44,-51],[19,-4],[24,55],[46,49],[17,-22],[51,32],[26,1],[37,49],[11,39],[45,-54],[-3,-58],[22,2],[31,-58],[8,-43],[23,-21],[38,-3],[28,-84],[13,-128],[-2,-47],[54,-73],[20,-5],[17,43],[20,122],[16,37],[47,2],[55,-46],[40,-171],[38,-25],[49,-8],[40,-29],[25,-104],[52,-42],[56,-72],[44,-20],[47,-3],[56,-32],[84,52],[38,-64],[33,12],[18,97],[38,91],[15,56],[34,30],[89,5],[130,-30],[17,-97],[4,-98],[33,-50],[-8,-51],[12,-64],[24,-37],[61,-11],[47,10],[5,-33],[-14,-49],[22,-31],[54,-19]],[[32695,65777],[34,-72],[34,-98],[21,-121],[-13,-109],[-9,-176],[-37,-150],[7,-45],[58,-96],[13,-59],[162,-101],[10,3],[55,-102],[26,-34],[46,-19],[43,0],[65,-20],[65,-41],[20,-26],[54,38],[71,66],[54,8],[33,-18],[55,-75],[15,1],[57,93],[58,42],[76,8],[24,25],[28,61],[42,64],[49,51],[55,-29],[47,34],[24,-6],[31,42],[24,-5],[2099,-120],[-10,-12],[-12,-131],[-22,-26],[-36,29],[-80,23],[-32,-20],[20,-90],[58,-81],[1,-32],[-25,-39],[-5,-123],[60,-73],[32,-65],[40,-185],[33,-42],[615,-584]],[[36345,60079],[-100,14],[-82,110],[-495,283],[-932,541],[-2,-91],[-64,-88],[-2,-70],[-42,17],[-22,30],[-101,53],[-61,-9],[-6,-74],[-14,-30],[-58,-33],[-17,-27],[-5,-53],[-44,-9],[28,-53],[11,-49],[-4,-43],[-44,-60],[-98,-2],[-11,30],[-48,-14],[-62,23],[-21,55],[-36,-39],[-24,-51],[16,-22],[-48,-68],[-5,-36],[20,-42],[-18,-113],[67,-102],[18,-55],[-13,-69],[-41,-41],[16,-20],[-26,-41],[-40,-36],[-36,-67],[22,-98],[-49,-29],[-8,-38],[-33,-27],[-10,-29],[-33,-4],[-5,-36],[-64,7],[15,-41],[59,2],[-2,-23],[-36,-32],[11,-76],[-47,5],[-21,-62],[46,1],[10,-33],[-20,-110],[13,-43],[-30,-5],[-24,-27],[-45,39],[-27,-16],[-13,-55],[-58,7],[-31,-13],[-6,-38],[-46,-72],[30,-54],[24,-11],[5,-63],[-19,-31],[17,-92],[23,-58],[-19,-15],[-24,-83],[-57,-42],[36,-38],[3,-33],[-38,-23],[5,-102],[-32,12],[-10,-150],[-32,-85],[-12,-73],[-22,-29],[-51,-21],[-38,-59],[-56,-3],[-38,-89],[-69,-99],[-58,-17],[-42,-27]],[[32993,57597],[-41,149],[-62,205],[-63,196],[-256,832],[-45,108],[-154,63],[-62,5],[-33,48],[-20,6],[-57,83],[-14,42],[-49,72],[-3,57],[13,109],[19,105],[33,79],[16,62],[30,57],[16,80],[-86,282],[-54,-249],[4,-217],[-55,-113],[-51,-74],[-137,-237],[-35,-96],[-14,-91],[-18,164],[-23,48]],[[31792,59372],[8,63],[55,113],[13,68],[34,79],[16,59],[2,79],[14,134],[-3,52],[52,275],[13,112],[23,37],[25,120],[-15,78],[-24,72],[-31,41],[-35,-3],[1,42],[-22,182],[6,98],[-7,50],[5,68],[-10,74],[-23,43],[-2,61],[-41,98],[-10,62],[-16,28],[-39,113],[-19,9],[2,52],[-50,74],[-15,7],[-31,80],[-43,73],[-22,68],[-25,35],[-49,42],[-17,51],[-44,40]],[[21600,27435],[14,149],[-6,102],[-16,104],[-25,120],[-30,96],[-30,127],[-5,110],[9,103],[38,81],[53,75],[74,86],[100,48],[166,46],[123,61],[70,14],[91,-7],[115,-77],[43,-49]],[[20607,26764],[-48,-1],[-47,25],[-49,52],[-25,40],[4,181],[20,215],[13,91],[8,167],[-8,114],[-29,100],[-36,53],[-62,57],[-98,45],[-186,-18],[-67,-15],[-89,-43],[-117,-83],[-75,-26],[-74,14],[-40,25],[-37,94],[-9,62],[4,117],[47,137],[88,143],[78,136],[70,169],[60,191],[44,209],[-1,114],[-32,101],[-50,77],[-121,132],[-53,36],[-48,10],[-165,-3],[-144,-42]],[[19333,29440],[-12,52],[-49,72],[-39,32],[-24,-10],[-28,-94],[-51,-38],[-16,64],[20,59],[21,98],[49,24],[42,45],[24,57],[-2,48],[-34,38],[-52,-104],[-59,98],[-39,77],[-90,-37],[-31,11],[3,66],[31,70],[33,25],[47,-22],[101,-20],[15,12],[4,64],[-42,29],[-41,1],[-50,60],[-11,28],[57,47],[16,51],[56,-18],[28,31],[27,79],[2,105],[-20,14],[-15,-91],[-34,-67],[-35,22],[9,87],[-43,23],[-19,56],[-41,42],[-102,53],[-8,29],[58,46],[66,-4],[49,-92],[48,-25],[18,14],[6,67],[18,34],[31,101],[45,-50],[34,-14],[51,38],[-13,83],[-16,28],[-58,-31],[-47,101],[-22,10],[-83,-58],[-47,7],[-42,52],[-1,32],[28,29],[78,5],[16,91],[42,66],[12,114],[-30,19],[-60,60],[18,48],[35,-29],[26,0],[69,75],[67,-24],[25,22],[96,-3],[35,-10],[-1,63],[-19,42],[-25,-1],[-23,47],[34,57],[10,86],[65,-9],[16,177],[-44,11],[-43,58],[17,44],[54,13],[-25,110]],[[16993,27746],[100,51],[4,24],[-28,111],[4,120],[20,77],[32,53],[30,23],[94,24],[74,-11]],[[17323,28218],[85,-38],[68,-23],[83,-18],[130,40],[69,79],[37,453],[36,90],[37,28],[52,13],[79,-6],[48,-15],[103,-18],[73,-23],[93,21],[41,18],[169,55],[62,-2],[80,-76],[75,-147],[33,-88],[145,-336],[62,-92],[84,-52],[91,4],[51,31],[51,49],[49,61],[46,75],[49,104],[26,96],[-1,90],[-37,107],[-120,201],[-27,65],[-43,157],[-1,111],[13,64],[48,86],[35,38],[36,20]],[[16739,30373],[9,-44],[-20,-104],[2,-33],[72,-105],[12,-27],[-2,-81],[38,-110],[1,-39],[111,-2],[62,94],[36,9],[44,-38],[24,17],[72,-12],[91,16],[18,-4],[46,-53],[-22,-225],[39,-57],[33,-79],[-7,-161],[17,-90],[35,-34],[4,-126],[-29,-43],[-7,-44],[-48,-136],[10,-98],[-13,-60],[37,-102],[-7,-64],[-28,-62],[0,-65],[-32,-95],[-14,-98]],[[32007,52229],[-172,1069],[55,419],[33,58],[113,176],[161,257],[192,312],[87,243],[90,262],[98,270],[14,52],[63,167],[104,298],[0,290],[142,94],[266,598],[-77,226],[-165,534],[-18,43]],[[35505,27042],[-18,-107],[-3,-65],[-44,-120],[-33,-59],[-49,-200],[-14,-102],[2,-43],[24,-44],[71,-10],[13,-68],[-66,-49],[-45,-2],[-76,16],[-106,39],[-70,16],[-52,-24],[-14,-64],[17,-177],[-12,-68],[-28,-46],[-3,-83],[21,-84],[112,-215],[-1,-28],[-43,-43],[-118,-32],[-70,-58],[-52,-58],[-48,-27],[-39,-5],[-22,15],[-39,94],[-64,96],[-97,73],[-98,26],[-100,-8],[-102,-76],[-60,-82],[-119,-227],[-37,-46],[-91,-30],[-74,26],[-54,97],[-49,66],[-52,53],[-43,25],[-55,-33],[-88,-144],[-40,-89],[7,-59],[40,-106],[77,-162],[75,-100],[63,-100],[38,-71],[21,-112],[4,-124]],[[62831,70631],[40,49],[24,2],[51,-57],[19,29],[-15,38],[16,57],[41,18],[45,-33],[7,-89],[16,-18],[25,36],[16,194],[-16,22],[-42,-2],[-65,-27],[-21,2],[-28,50],[23,145],[64,31],[79,-61],[18,-91],[25,-36],[37,-16],[38,-38],[23,13],[28,50],[30,-16],[3,-49],[-13,-91],[-19,-45],[31,-27],[12,43],[53,89],[37,76],[49,64],[1,28],[-33,44],[-56,29],[-39,55],[-13,52],[1,64],[41,-41],[91,15],[66,-25],[29,10],[-7,115],[-16,44],[16,31],[63,63],[25,68],[-22,46],[-8,59],[31,17],[45,-3],[12,40],[-44,50],[-53,75],[-33,34],[3,37],[25,10],[70,-51],[23,49],[1,164],[16,115],[-40,71],[24,70],[-1,30],[-29,47],[-61,-2],[-36,16],[-76,13],[-76,59],[-3,89],[92,90],[28,35],[-5,30],[-49,5],[-61,47],[-21,31],[-34,13],[16,36],[71,70],[38,9],[14,34],[0,99],[-9,57],[-51,11],[10,67],[30,45],[1,72],[-13,29],[-72,-24],[-27,50],[39,30],[100,-2],[24,26],[3,138],[-10,90],[15,5],[68,-72],[94,-137],[26,-47],[31,35],[18,69],[-7,36],[-52,103],[-38,63],[10,69],[27,-1],[96,-50],[32,-88],[27,-148],[28,-14],[50,70],[4,49],[-13,51],[-51,68],[-54,87],[28,41],[95,-44],[87,-70],[16,0],[21,64],[-70,18],[-20,24],[-14,74],[34,34],[60,40],[21,162],[23,7],[12,-48],[35,-11],[12,88],[-6,113]],[[61572,70680],[20,38],[110,35],[21,-5],[57,28],[-19,57],[-56,90],[-20,8],[-85,124],[-80,30],[-66,49],[-116,32],[-36,35],[-2,33],[-35,65],[-14,50],[-24,37],[-20,86],[20,60]],[[64423,87078],[28,-129],[33,-75],[5,-37],[-2,-114],[32,-37],[41,1],[39,31],[75,131],[81,59],[104,-4],[17,12],[79,177],[-1,49],[16,51],[49,26],[43,-30],[29,-55],[23,-77],[-3,-52],[-19,-44],[-78,-121],[-53,-161],[4,-101],[19,-82],[33,-42],[92,-12],[58,41],[17,28],[94,106],[44,94],[45,33],[39,-9],[21,-62],[2,-108],[-16,-66],[-15,-102],[-31,-98],[4,-65],[16,-16],[41,9],[32,33],[41,137],[20,48],[66,56],[46,0],[56,-63],[35,-92],[66,-62],[36,-10],[49,-33],[40,-46],[83,-128],[0,-64],[-42,-74],[-26,-22],[-37,-2],[-113,123],[-25,11],[-30,-17],[-47,-179],[17,-43],[77,-102],[39,0],[56,25],[69,42],[125,0],[19,-46],[-12,-61],[32,-49],[51,3],[20,25],[8,52],[-33,82],[-79,77],[-6,24],[15,119],[30,68],[28,35],[112,-8]],[[66628,83144],[-18,-29],[-53,-27],[-33,37],[-41,-13],[-50,-35],[34,-38],[-11,-52],[1,-94],[34,-45],[-26,-26],[-36,9],[-58,-42],[0,-61],[-70,-29],[-65,-62],[-39,13],[69,-116],[-6,-39],[-26,-48],[-12,-48],[-23,17],[-19,111],[-22,50],[-35,19],[-37,-28],[8,-50],[-10,-41],[-28,10],[-23,40],[-27,-11],[-66,72],[-62,-10],[26,-92],[-20,-69],[-36,26],[-38,-6],[-16,29],[9,38],[-23,38],[-67,-48],[-26,-44],[-39,-16],[-30,20],[-31,-11],[-19,-33],[-29,-12],[-19,-40],[-38,-40],[-19,41],[-20,-2],[-21,-42]],[[41630,89531],[25,29],[-8,47],[35,68],[4,57],[56,146],[72,215],[29,57],[19,109],[22,64],[12,225],[26,98],[-9,75],[-37,70],[-73,39],[-41,43],[219,83],[81,117],[23,68],[0,75],[-23,76],[10,112],[-1,215],[10,73],[-4,67],[15,61],[4,113],[-8,45],[14,117],[19,51],[0,76],[-9,44],[3,82],[15,74],[-18,70],[15,38]],[[42127,92530],[609,-3]],[[42736,92527],[-4,-30],[46,-106],[45,-12],[30,-32],[3,-76],[60,5],[19,44],[43,22],[40,-15],[29,-67],[42,-38],[26,7],[56,-53],[32,-80],[20,-11],[43,25],[53,-53],[19,-60],[-1,-46],[16,-66],[55,-32],[26,-31],[4,-47],[55,-108],[27,-127],[-3,-31],[46,-77],[79,-31],[58,-84],[53,-10],[35,-25],[46,-65],[53,-115]],[[43887,91102],[48,-76],[-41,-60],[-60,-134],[-26,-46],[12,-87],[109,-78],[17,-106],[7,-195],[87,-73],[-40,-112],[-28,12],[-44,-38],[-41,-13],[-99,-114],[-141,-88],[-113,-88],[-97,18],[-39,-101],[-22,-80],[11,-197],[-18,-111],[-33,-108],[-72,-157],[-52,-71],[-134,-116],[-45,-50],[-50,-79],[-82,-149],[-14,-8],[-25,-65],[-18,-76],[-11,-103]],[[41747,92551],[72,50],[66,80],[57,80],[86,48],[53,94],[131,118],[37,16],[6,-107],[-26,-44],[3,-50],[-37,-82],[11,-46],[-41,-17],[-20,-115],[-18,-46]],[[73631,70938],[-62,38],[-55,-8],[-90,-36],[-67,31],[-55,38],[-115,23],[2,-327],[-47,-84],[-65,-42],[-36,-41],[-99,-44],[-105,-84],[-70,-97],[-103,-46],[-47,35]],[[85677,17368],[-111,-70],[-53,22],[-12,-27],[-5,-133],[-19,-13],[8,-44],[-23,-49],[-59,-9],[33,-93],[-28,-23],[-40,28],[-30,-63],[-35,-51],[-63,-15],[-11,-35],[-44,12],[-44,-20],[-17,-56],[-30,-48],[-59,38],[-27,-17],[-70,0],[-44,-23],[-97,134],[16,35],[-36,45],[-16,56],[-43,13],[-42,-38],[-50,33],[-45,6],[-35,-17],[-2,-149],[-23,-46],[9,-23],[-37,-52],[2,-37],[-59,-62],[-35,-6],[-75,17],[-39,51],[7,38],[-38,47],[-24,3],[-78,105],[-5,83],[29,79],[-83,52],[-42,-74],[4,-25],[-60,-62],[-62,65],[-41,-13],[-47,19],[-37,-6],[29,-49],[-27,-86],[-112,-4],[-57,57],[-17,82],[-32,30],[9,53],[-25,49],[-18,-64],[-69,-83],[-38,52],[-57,8],[-41,55],[-17,74],[-51,19],[-20,-26],[-30,4],[-41,-56],[2,-48],[26,-4],[13,-44],[-27,-44],[-2,-49],[-23,-27],[-21,15],[-48,-28],[9,-67],[-29,-31],[6,-31],[-26,-25],[-42,37],[10,43],[-35,48],[-18,-41],[-30,-21],[-97,97],[-53,-9],[-20,10],[-12,56],[-58,-16],[-14,23],[3,47],[-61,87],[-26,7],[-40,-18],[-24,13],[-2,-58],[-62,-10],[16,-54],[-45,-53],[-60,-5],[-25,-14],[-15,30],[-26,-49],[-22,21],[-40,-11],[17,-38],[-35,-66],[-28,-23],[-17,-39],[-56,1],[-45,-33],[-26,11],[-45,-16],[3,-80],[-7,-29],[-43,-9],[0,-70],[-32,0],[-11,38],[-64,-39],[-27,8],[-70,-73],[-22,-43],[-72,31],[-5,-39],[-45,-10]],[[38021,71706],[-39,-148],[-17,-17],[-59,-8],[-12,-44],[43,-51],[3,-27],[-89,-97],[8,-95],[18,-61],[-15,-80],[9,-50],[-56,15],[-17,41],[-1,61],[-46,68],[5,39],[-36,8],[-109,-148],[-15,-4],[-27,-79],[14,-91],[-6,-41],[-69,-104],[18,-46],[36,-35],[-25,-72],[-38,-54],[-68,-63],[-11,109],[-49,125],[-40,-4],[-8,-86],[8,-89],[-36,-6],[-35,42],[-19,-23],[-10,-112],[-32,-37],[-30,-60],[-14,1],[-86,74],[-18,81],[-19,-11],[11,-120],[-10,-91],[42,-71],[32,-31],[-11,-44],[-58,32],[-19,-24],[19,-36],[24,-136],[-21,-26],[-11,-47],[-38,-31],[-9,-72],[-29,-41],[-20,1],[-79,61],[-52,-40],[22,-31],[-30,-72],[-17,-70],[-3,-59],[17,-17],[25,47],[62,-79],[1,-37],[-47,-131],[39,-42],[-14,-48],[-32,29],[-60,-6],[-79,-123],[-59,4],[-66,-40],[-11,-52],[24,-43],[33,3],[81,-70],[47,-6],[-6,-67],[46,-59],[-2,-44],[-39,-55],[-132,72],[-47,6],[-28,-11],[-30,-49],[-19,-82],[-32,-55],[-34,47],[-18,44],[-14,89],[-14,28],[-32,2],[6,-147],[-33,-37],[-64,-45],[-25,12],[-42,111],[-35,15],[-36,-27],[17,-53],[-1,-42],[49,-45],[2,-25],[-38,-46],[-60,34],[76,-140],[7,-75],[-55,-82],[-17,22],[0,49],[-30,15],[-69,-73],[-53,-85],[-39,-46],[-44,-28],[-31,9],[-36,53],[-14,-38],[10,-31],[-23,-39],[-54,-50],[-33,20],[-26,-22],[22,-57],[57,-65],[39,-92],[74,-53],[36,-40],[-34,-26],[-40,-88],[-78,3],[-29,17],[37,-156],[-43,3],[-18,-53],[37,-78]],[[35704,67313],[-446,382],[-297,246],[-128,95],[-269,231],[-185,153],[-49,-68],[-64,3],[-24,29],[-34,-2],[-26,29],[-29,4],[-18,-52],[-33,30],[-43,-44],[-60,20],[-34,-9],[-53,-56],[-38,-2],[-41,-28],[-16,-40],[-104,-33],[-23,-45],[-146,209],[-81,111],[-109,159],[-158,243],[-60,97],[-185,283]],[[53357,64880],[21,-77],[3,-42],[20,-68],[40,-58],[-3,-79],[-31,-45],[11,-32],[34,-40],[-2,-37],[28,-40],[8,-47],[-16,-83],[-48,-72],[-19,-69],[-3,-50],[-22,-44],[49,-90],[34,-34],[28,-62],[87,-100],[36,-17],[23,-50],[-18,-68],[0,-81],[11,-32],[-21,-31],[21,-43],[14,-74],[-41,-23],[-12,-54],[28,-81],[-5,-45],[-30,-24],[3,-49],[-19,-72],[-30,-30],[-12,41],[-29,4],[-68,-37],[-39,46],[-33,-8],[-13,-42],[-41,21],[-14,-58],[-32,-31],[43,-58],[-21,-47],[-61,-30],[-2,50],[-35,-19],[-41,-82],[-24,40],[-24,-7],[-37,56],[-5,74],[-16,28],[-75,8],[-12,65],[-45,43],[-54,37],[-17,-134],[-28,-36],[-39,-25],[-48,105],[-16,-14],[-4,-94],[-41,16],[23,74],[-10,40],[-41,-16],[-34,-31],[-37,66],[-31,-6],[-14,-44],[28,-53],[-10,-38],[39,-100],[-74,-43],[-25,34],[-46,8],[-39,77],[-22,-15],[0,-86],[-15,-42],[-21,104],[-32,20],[-31,-29],[24,-202],[13,-25],[31,9],[24,-39],[-9,-90],[13,-55],[-12,-31],[-37,11],[-16,34],[10,42],[22,15],[-8,57],[-41,-68],[-51,19],[20,52],[-49,28],[-14,-67],[-43,2],[-19,-15],[34,-61],[-9,-54],[34,-15],[3,-32],[-87,-5],[-58,-40],[-73,15],[-19,-28],[-35,8],[-25,66],[-17,7],[8,-122],[-62,46],[-35,5],[-41,-29],[-16,-71],[-77,25],[-70,1],[-9,13],[7,89],[-41,19],[-7,54],[-48,68],[-1,71],[21,48],[-94,98],[-72,6],[-48,-80],[-54,-45],[-6,-63],[51,-44],[13,-47],[-22,-95],[-34,25],[-34,100],[-22,46],[-55,40],[-73,33],[-62,55],[-3,-73],[19,-25],[-12,-58],[-48,44],[-55,-15],[-26,-24],[7,-63],[35,-16],[39,21],[63,-31],[-9,-71],[-62,-41],[12,-58],[-49,-10],[-20,-33],[18,-56],[-78,28],[-59,111],[-15,74],[-53,42],[-33,-54],[-32,31],[-6,84],[-51,47],[-2,40],[-29,18],[-54,3],[-48,-61],[82,-33],[31,-29],[8,-73],[-41,8],[-52,27],[-70,-120],[15,-51],[22,-5],[25,49],[72,-51],[24,-54],[-61,-23],[-84,-88],[-29,-77],[-17,8],[-35,78],[-57,-3],[-35,-183],[34,-52],[45,-10],[26,-130],[-25,-26],[-71,77],[-19,-29],[-18,-126],[-21,6],[-66,165],[-33,-18],[-23,-88],[-49,0],[-24,15],[-37,107],[-6,47],[-40,35],[-6,-44],[20,-55],[-51,-61],[-12,-52],[-53,37],[-60,-6],[-69,-49],[-13,9],[-7,80],[-29,3],[-16,-56],[-4,-55],[-29,31],[2,166],[18,218],[-22,20],[-53,-90],[-36,5],[-52,-94],[16,-16],[48,17],[17,-19],[-8,-51],[-33,9],[-40,-30],[-22,-73],[-31,-17],[-5,-31],[-39,-36],[39,-50],[-56,-79],[8,-38],[-31,-12],[-56,113],[-43,7],[13,-62],[-7,-42],[17,-59]],[[49219,61298],[-49,-4],[-115,-52],[-72,-49],[-69,-25],[-14,6],[-37,71],[-10,41],[16,98],[-16,41],[-38,45],[-62,46],[-108,56],[-42,36],[-26,-106],[-8,-77],[27,-68],[19,-18],[53,10],[62,-60],[16,-27],[-11,-57],[-104,-118],[-20,-52],[-53,-81],[-46,-24],[-52,69],[-41,41],[12,168],[-5,14],[-83,85],[-9,38],[12,54],[-5,38],[-35,5],[-67,-9],[-81,-36],[-81,-3],[-18,60],[26,269],[-4,25],[-71,91]],[[48465,67955],[1,-166],[50,0],[21,66],[38,70],[23,6],[35,-108],[33,-18],[21,-73],[33,14],[40,49],[2,69],[21,18],[18,70],[41,-66],[27,-71],[35,-3],[8,93],[21,25],[29,1],[31,33],[53,2],[38,33],[43,3],[30,38],[5,53],[19,52],[-3,55],[57,88],[52,-41],[46,11],[24,-35],[35,-7],[-18,-42],[-53,-64],[26,-48],[29,-13],[34,-65],[25,-3],[25,-34],[82,-4],[51,-36],[51,37],[32,-36],[25,33],[49,-33],[11,15],[75,-44],[88,-97],[32,-21],[22,-76],[81,-93],[15,26],[27,-49],[34,-6],[27,-43],[3,-56],[31,-2],[50,-46],[50,-22],[-10,-26],[11,-83],[62,-62],[24,-6],[-4,-52],[55,-58],[32,50],[24,7],[35,55],[47,4],[64,42],[50,-12],[20,41]],[[67480,86675],[-3,64],[-56,47],[-13,46],[2,84],[-18,46],[-62,31],[-43,78],[-52,53],[-24,43],[-68,61],[-33,41],[-85,68],[-26,89],[-31,34],[-30,124],[-37,55],[-49,148],[-6,108],[17,49],[14,116],[23,63],[45,85],[36,92],[0,46],[24,52],[28,88],[8,66],[-6,46],[12,77],[-4,122],[-29,96],[8,52],[-5,116],[-32,51],[8,68],[-13,40],[3,88],[-6,53],[-25,53],[-12,52],[-28,197]],[[66912,89663],[60,32],[64,4],[69,-19],[103,-70],[31,2],[149,110],[117,37],[52,66],[109,180],[47,53],[47,12],[26,-10],[101,-71],[56,-22],[143,-37],[73,-14],[40,7],[112,56],[30,41],[42,112],[44,59],[131,117],[38,69],[56,30],[78,-12],[71,-1],[45,-24],[45,-68],[36,-36],[62,-18],[46,28],[20,48],[34,45],[37,77],[21,63],[69,286],[50,78],[59,3],[51,-46],[50,-98],[34,-27],[96,0],[126,-39],[77,15],[28,-15],[13,-38],[27,-127],[2,-33],[44,-115],[10,-45],[42,-53],[105,-58],[38,-42],[47,-7],[46,57],[37,80],[-25,50],[-21,132],[-23,55],[-51,174],[-3,40],[-31,23],[2,78],[31,70],[127,31],[30,-12],[81,-69],[84,-87],[57,-98],[67,-84],[37,-87],[36,-130],[17,-100],[6,-176],[-63,-217],[0,-154],[-6,-37],[-67,4],[-28,-54],[-31,-93]],[[47445,57670],[700,985],[52,-71],[35,-161],[4,-81],[15,-49],[29,-48],[61,-31],[70,6],[10,-57],[38,-31],[32,-46],[58,14],[71,106],[14,65],[26,25],[53,-24],[12,-22],[43,6],[38,-59],[35,-16],[7,-28],[-5,-86],[17,-52],[30,-44],[3,-53],[36,-19],[64,30],[39,-3],[38,-57],[43,-29],[37,24],[10,-46],[22,10],[11,85],[37,79],[2,82],[-61,-5],[-8,20],[15,62],[-14,50],[31,34],[31,63],[28,20],[-65,92],[-1,114],[47,20],[52,-33],[10,38],[89,77],[-10,39],[96,-46],[57,102],[64,52],[35,-17],[29,-42],[30,13],[64,-30],[52,14]],[[31534,79759],[-52,60],[-28,67],[-68,125],[-89,101],[-54,70],[-133,231],[-50,104],[-43,74]],[[31017,80591],[17,24],[93,-7],[44,-27],[13,23],[-18,71],[11,33],[49,64],[12,49],[26,29],[12,67],[-9,86],[-31,76],[-22,231],[14,47],[-18,121],[-15,40],[-94,33],[-170,21],[6,55],[29,31],[7,33],[66,70],[36,57],[35,33],[14,49],[32,-9],[13,45],[1,55],[96,81],[57,-1],[57,32],[38,5],[1,47]],[[31419,82155],[312,2],[37,-3],[300,2],[99,-4],[827,5],[336,4]],[[33330,82161],[-3,-232],[8,-612],[1,-247],[-6,-276],[4,-387],[1,-569],[-4,-122],[3,-93],[10,-70],[-12,-36],[0,-398],[-4,-445]],[[33330,82161],[0,350]],[[42736,92527],[631,3],[-43,282],[-28,206],[-35,303],[-42,296],[-40,265],[45,-1],[124,132],[20,32],[-8,102],[23,135],[-6,77],[-14,39],[4,55],[-4,138],[23,105],[48,91],[66,93],[4,20],[46,45],[19,34],[50,23],[52,61],[47,-6],[48,36],[17,73],[5,58],[19,60],[21,124],[27,80],[46,109]],[[43901,95597],[50,-13],[14,-65],[65,-4],[2,-45],[38,-55],[6,-94],[85,-26],[21,11],[30,-17],[14,-58],[25,-37],[29,-7],[25,-54],[6,-69],[36,-43],[11,-97],[25,-53],[-2,-49],[12,-72],[42,-146],[-9,-113],[12,-175],[-52,-226],[-22,-115],[0,-77],[15,-103],[-50,-151],[-21,-95],[4,-30],[28,-43],[41,10],[17,-26],[62,-50],[45,-71],[340,5],[36,-37],[46,-5],[43,-27],[93,-86],[39,-52],[0,-44],[45,-115],[-21,-90],[16,-36],[-5,-81],[50,-174],[14,-20],[-30,-57]],[[45171,92520],[-14,-24],[5,-49],[-28,-47],[3,-44],[-15,-34],[8,-54],[-33,-108],[-2,-32],[-38,-88],[-8,-62],[-30,-79],[-9,-48],[-27,-65],[11,-43],[37,-54],[44,-87],[33,-33],[95,-189],[17,-77],[53,-82],[32,-67]],[[45305,91154],[-247,1],[-357,-4],[-63,2],[-329,0],[-98,-8],[-107,14],[-217,-57]],[[43901,95597],[-10,48],[13,114],[-15,86],[10,47],[28,49],[-3,104],[42,34],[37,114],[-3,72],[-13,35],[7,63]],[[43994,96363],[100,-23],[164,5],[85,33],[67,84],[75,59],[171,111],[88,40],[68,20],[143,29],[115,2],[107,-10],[163,-50]],[[45340,96663],[2,-42],[1,-995],[2,-241],[5,-152],[-3,-44],[5,-666],[1,-605],[4,-570],[2,-828],[-188,0]],[[60148,73484],[-29,-14],[-79,45],[-29,93],[36,14],[33,34],[-46,20],[-35,-14],[-26,9],[-35,43],[-80,1],[-70,-11],[-20,39],[-35,-6],[-32,30],[-38,-13],[-51,70],[-42,-23],[-32,-1],[-26,-22],[-31,14],[-23,63],[10,47],[-25,55],[-55,42],[-29,-7],[-32,22],[-36,-54],[-56,15],[-15,21],[-32,-11],[-4,-37],[-37,-26],[-37,-8],[-32,73],[-28,29],[-38,-45],[-60,9],[-28,-49],[-62,49],[9,36],[-14,29],[-49,-29],[-40,25],[-56,-86],[-19,-2],[-39,51],[0,45],[-29,5],[-47,-56],[-32,-9],[-39,55],[-34,-21],[-2,-64],[-55,-9],[-51,-22],[-44,-88],[-17,14],[-22,64],[-53,-3],[-37,-18],[-18,-69],[19,-33],[-17,-80],[-31,-88],[-4,-39],[-32,12],[-18,51],[-50,46],[-1,40],[-26,41],[-6,53],[21,24],[-44,40],[-24,2],[-16,-37],[-29,44],[-30,-13],[-24,19],[-25,129],[20,87],[-12,55],[-29,16],[-54,-37],[-57,-112],[27,-38],[20,-63],[-2,-70],[-33,46],[-87,37],[-11,-19],[-56,91],[-35,-22],[-50,28],[17,69],[3,62],[24,137],[2,68],[-49,2],[24,-56],[-31,-20],[-31,109],[-41,-19],[-7,-78],[-21,-56],[-62,-35],[-46,29],[-53,-69],[-37,91],[-21,82],[15,28],[70,-7],[58,67],[8,29],[-46,131],[-15,9],[-118,-60],[-45,-53],[-42,81]],[[57034,74579],[18,15],[44,-2],[71,70],[158,-32],[60,-38],[47,-45],[30,19],[49,-1],[32,23],[48,-22],[87,67],[65,18],[43,-33],[43,-68],[38,13],[60,52],[242,322],[105,100],[232,-214],[255,50],[5,170],[322,-47],[562,356]],[[56649,75546],[37,40],[43,-38],[69,-7],[33,-35],[-9,-61],[-58,-5],[-35,-27],[4,-47],[46,-30],[46,33],[23,-26],[-19,-69],[-53,-61],[41,-19],[142,14],[49,-15],[44,-58],[57,69],[68,49],[12,-19],[-9,-124],[-21,-75],[-57,-40],[-58,34],[-62,52],[-63,-67],[-30,-73],[16,-49],[28,13],[39,51],[38,-9],[-3,-87],[18,-26],[27,13],[21,67],[39,-9],[26,-31],[52,-10],[15,-36],[-39,-6],[-25,-26],[-2,-79],[-15,-35],[-97,-58],[7,-45]],[[57846,67573],[-137,40],[-49,-8],[-60,-44],[-52,-69],[-37,-76],[-69,3],[-80,-98],[-53,-56],[-37,-18],[-21,-53],[-43,-31],[-27,28],[-15,79],[15,66],[33,65],[-9,82],[-43,49],[-57,88],[-18,95],[-38,51],[-41,114],[-49,33],[-82,-23],[-37,18],[-93,138],[-33,81],[14,91],[-6,32],[-32,36],[-85,28],[-45,42],[-85,40],[-23,47],[26,191],[30,57],[39,31],[34,54],[38,163],[-8,121],[0,100],[-17,152],[-32,70],[-43,42],[-49,17],[-51,86],[1,25]],[[31419,82155],[1,881],[-1,792],[3,401]],[[45305,91154],[19,-56],[31,-46],[16,-65],[1,-64],[48,-63],[56,-29],[85,-89],[36,-108],[58,-69],[80,-130],[57,33],[54,1],[65,45],[42,0],[88,46],[60,18],[23,-8]],[[45340,96663],[55,-22],[75,-47],[68,-55],[60,-72],[72,-105],[126,-263],[70,-102],[48,-51],[86,-28],[88,-7],[42,-24],[130,-139],[121,-45],[59,0],[28,12],[83,95],[102,72],[56,26],[96,32],[59,6],[98,-7],[44,-34],[30,-41]],[[53390,56927],[23,-21],[27,17],[24,52],[42,-46],[23,-54],[44,41],[32,-55],[13,-48],[27,17],[7,-54],[36,-69],[40,18],[-6,-55],[26,-21],[13,50],[45,-8],[21,-28],[34,-3],[20,-48],[51,-2],[46,-54],[34,-63],[81,-14],[19,26],[12,51],[42,22],[33,-3],[66,-56],[-4,-41],[64,-73],[27,42],[35,-38],[67,-37],[66,13],[5,-40],[30,-37],[14,30],[27,4],[45,44],[1,40],[30,25],[12,100],[38,-14],[1,-33],[63,-3],[7,56],[33,-25],[37,25],[65,-53],[39,1],[52,-39],[44,-2],[7,39],[35,-2],[17,-36],[0,-41],[36,-61],[29,2],[15,-39],[26,3],[42,30],[27,-38],[21,5],[21,-55],[55,-20],[36,7],[24,-47],[23,0],[23,-117],[34,-100],[-19,-53],[8,-41],[-22,-80],[37,-63],[-24,-66],[14,-82],[62,-104],[5,-75],[53,-49],[42,21],[37,-27],[51,-13],[32,19],[70,-30],[16,-29],[35,9],[43,-14],[19,-26],[26,8],[56,-45],[24,25],[48,-39],[-11,-147],[19,-25],[30,-81],[46,-38],[52,-63],[45,-30],[31,7],[48,-38],[52,33],[40,10],[37,-23],[53,4],[36,34]],[[49807,60899],[-41,8],[-17,-13],[-46,6],[-9,18],[39,111],[-47,99],[-36,2],[-110,-92],[-32,-21],[-27,-45],[-2,-55],[-36,-21],[-20,109],[-9,89],[-27,23],[-22,-7],[-20,-75],[-32,30],[6,108],[33,51],[-3,47],[-130,27]],[[29088,8540],[-110,82],[-20,1],[-39,-33],[-96,8],[-23,18],[-65,139],[-39,47],[-62,4],[-32,22],[-71,85],[-35,-34],[-44,-21],[-103,21],[-80,-63],[-19,-53],[25,-108],[-24,-17],[-64,11],[-38,-17],[-35,60],[-77,12],[-29,46],[-45,37],[-13,26],[-41,-82],[-13,-9],[-55,51],[-23,-4],[-56,-59],[-66,-31],[-46,81],[-32,37],[-125,7],[-29,-5],[-52,44],[-46,8],[-79,35],[-88,-8],[-40,-28],[-74,-8],[-40,-50],[-54,11],[-48,-30],[-21,28],[-119,30],[-43,-90],[-33,6],[-32,-20],[-10,-36],[15,-51],[-29,-32],[-49,-14],[-26,-22],[-9,-50],[-22,-9],[-30,43],[-13,-23],[-55,-9],[-23,-38],[-109,45],[-37,-28],[-54,12],[-48,27],[-20,-38],[-27,4],[-33,-37],[-28,-57],[-46,55],[-40,30],[-56,-18]],[[91289,40799],[0,-43],[-27,-38],[-10,-101],[24,-6],[10,-66],[26,-47],[-30,-37],[-6,-51],[29,-16],[34,36],[57,-35],[16,25],[27,-15],[9,-75],[-11,-52],[-39,-49],[46,-11],[-25,-52],[79,-12],[-4,-25],[40,-65],[25,-23],[-57,-100],[38,-60],[2,-55],[23,-85],[-38,-45],[31,-46],[0,-45],[21,-6],[42,46],[6,32],[66,-6],[47,-42],[-9,-56],[40,-7],[12,-59],[56,-34],[8,-45],[41,1],[15,-72],[-21,-34],[26,-79],[-19,-49],[14,-67],[-31,-28],[-4,-82],[28,-29],[10,-61],[17,-26],[-3,-57],[13,-35],[53,-45],[105,-151],[34,-9],[28,-46],[46,0],[44,-43],[30,-5],[78,-49]],[[64661,28092],[60,1],[32,-26],[45,-77],[26,10],[28,63],[46,-20],[33,-46],[54,-40],[40,-17],[64,-11],[70,-22],[38,12],[72,73],[25,4],[75,-34],[37,-3],[24,46],[61,-24],[35,-62],[97,-14],[39,-36],[55,-100],[28,-20],[36,-49],[33,74],[53,42],[36,3],[47,-25],[57,-10],[16,-41],[54,-18],[42,-48],[-23,-90],[3,-27],[62,-92],[25,-99],[27,-66],[35,-33],[51,-118],[-11,-97],[9,-45],[40,49],[64,5],[54,-6],[91,28],[57,-68],[131,-27],[83,-26],[106,23],[101,-32],[20,-19],[30,33],[12,-29],[78,-91],[33,10],[74,73],[63,13],[33,-20],[38,-3],[28,-52],[27,27],[49,-1],[57,-40],[12,-53],[36,-87],[5,-40],[33,-106],[-8,-32],[19,-44],[43,8],[21,-14],[40,26],[42,-34],[25,20],[69,-62],[7,-48],[106,-51],[4,-58],[26,-45],[28,-19],[62,0],[43,-38],[11,-37],[29,-17],[5,-51],[123,-111],[28,-46],[35,-16],[5,-26],[42,7],[39,-53],[44,-6],[54,58],[23,-10],[1,-119]],[[66576,21509],[-19,-17],[-44,4],[-26,-22],[-63,22],[-21,-46],[23,-32],[43,10],[6,-73],[30,-30],[32,-93],[-33,-45],[10,-85],[-31,-22],[-33,16],[-8,-58],[-94,-40],[-45,-32],[-62,-71],[-97,-63],[-50,6],[-48,23]],[[64871,89739],[13,-21],[44,-20],[88,1],[98,-43],[55,5],[103,45],[71,15],[36,18],[34,45],[32,116],[19,36],[62,37],[75,10],[111,-24],[48,29],[87,123],[41,20],[58,-22],[80,-78],[45,-11],[52,2],[54,-15],[70,0],[30,-24],[13,-159],[17,-125],[39,-70],[27,-7],[102,-1],[50,10],[64,46],[77,66],[47,11],[40,-16],[124,-70],[35,-5]],[[41886,97257],[67,8],[113,37],[135,66],[144,52],[161,76],[143,60],[93,30],[418,100],[70,3],[104,-12],[71,-21],[46,-26],[40,-37],[23,-44],[34,-102],[51,-52],[32,-6],[29,48],[29,7],[61,-14],[20,-153],[8,-172],[20,-127],[36,-117],[6,-42],[16,-257],[29,-75],[42,-61],[67,-63]],[[6872,40480],[-40,-243]],[[7847,36934],[-30,13],[-8,-32],[30,-124],[-32,-34],[-59,-1],[-30,-31],[-18,41],[-42,-22],[10,-137],[-26,-6],[-43,43],[10,26],[-24,36],[-42,21],[-48,-28],[-32,-167],[-26,-10],[-21,60],[-34,-19],[-15,18],[-22,99],[-26,29],[-58,16],[-41,-53],[-8,-48],[31,-133],[24,-29],[-59,-24],[-31,19],[-43,50],[-15,-11],[-9,-57],[-49,-9],[-24,-19],[-19,-143],[-53,31],[-56,92],[-46,52],[4,68],[-29,-25],[-17,20],[-9,86],[-43,101],[-37,22],[-10,-56],[9,-68],[-18,-96],[-34,-58],[-29,-14],[-3,-43],[33,-45],[-21,-34],[9,-59],[-18,-22],[-39,9],[-56,31],[-41,-81],[-20,21],[-28,102],[-43,58],[-25,-52],[-69,-57]],[[6329,36251],[-44,85],[-26,26],[-28,-9],[-56,19],[-93,72],[-1,151],[-5,42],[25,71],[10,56],[-18,52],[-60,65],[-21,36],[0,68],[-17,58],[-75,-6],[-16,72],[-48,2],[-60,33],[-27,36],[-89,11],[-54,-11],[-44,53],[-14,129],[-55,66],[-73,34],[-79,2],[-14,35],[-48,-31],[-104,48],[1,66],[-33,138],[-33,50],[-18,63],[-20,28],[-27,87],[5,40],[-70,75],[-64,10],[-99,-79],[-29,-48],[-25,-18],[-7,-41],[-43,-44],[-32,11],[-24,43],[-75,38],[-63,-31],[-48,28],[-70,97],[-13,85],[-50,175],[-13,83],[-89,9],[-40,22],[-58,14],[-67,119],[-44,36],[-78,17],[-31,29],[-42,103],[-60,72],[-22,40],[20,114],[-11,78],[-19,50],[-39,22],[-39,-9],[-42,-37],[-42,-6],[-34,47],[-11,49],[-31,61],[-86,84],[-34,43],[-43,26],[-67,-8],[-56,-26],[-59,-8],[-56,23],[-25,95],[26,87],[7,171],[-14,140],[-15,86]],[[29563,79016],[3,-93],[10,-72],[-22,-36],[11,-119],[-8,-31],[19,-49],[-3,-89],[16,-100],[213,12],[-18,-405],[99,29],[87,76],[49,87],[80,125],[49,61],[103,100],[95,62],[13,44],[23,1]],[[30038,80602],[82,45],[143,108],[148,100],[116,63],[78,27],[85,-19],[133,-76],[82,-74],[58,-88],[54,-97]],[[12607,80391],[53,21],[53,37],[113,146],[49,49],[88,145],[141,174],[50,46],[108,73],[54,64],[98,96],[168,112],[71,138],[32,72],[17,83],[29,84]],[[6571,64872],[15,50],[30,158],[9,112],[31,141],[85,234],[35,119],[26,131],[31,87],[54,80],[127,210],[60,57],[116,67],[87,34],[71,55],[80,116],[94,176],[204,413],[147,293],[105,243],[75,159],[23,131],[3,147],[-26,121],[-14,296],[-14,110],[-66,257],[-19,157],[11,194],[14,160]],[[4264,48189],[34,138],[29,143],[17,45],[74,255],[27,59],[12,71],[1,59]],[[3505,35173],[0,66],[25,-9],[71,63],[16,93],[49,39],[40,-7],[11,-88],[-13,-98],[156,29],[92,103],[25,59],[-37,81],[-33,126],[-21,133],[29,70],[68,36],[141,65],[36,6],[18,-55],[57,-72],[104,-84],[50,-47],[35,47],[84,24],[24,-83],[45,-59],[17,36],[43,41],[19,78],[50,-30],[19,-60],[36,2],[22,49],[-2,259],[49,64],[67,39],[77,30],[103,-66],[26,-40],[59,-32],[18,-37],[19,-105],[65,-87],[21,-72],[72,23],[29,-20],[27,-83],[19,-16],[62,-5],[98,-173],[300,-37],[112,-39],[-18,121],[5,117],[20,15],[24,-21],[-2,-43],[14,-36],[29,-8],[28,30],[35,11],[59,-3],[3,-88],[41,-32],[36,28],[9,63],[-19,83],[42,-9],[38,32],[28,92],[-4,68],[21,9],[29,-80],[23,-1],[16,84]],[[6461,35762],[42,-65],[83,-69],[-7,-70],[22,-54],[-16,-50],[41,-18],[49,-84],[-7,-44],[12,-30],[-28,-46],[23,-72],[-26,-94],[2,-66],[-30,-96],[-2,-42],[-21,-51],[15,-76],[35,-104],[24,-20],[12,-46],[-15,-40],[-3,-52],[34,-39],[27,-59],[-14,-60],[15,-31],[-51,-160],[6,-73],[25,-79],[64,-64],[11,-104],[-1,-113],[-26,-104],[3,-97],[34,-121],[1,-135],[-41,-145],[-1,-40],[41,-104],[3,-26],[164,193],[74,-70],[43,-9],[53,-37],[2,-32],[35,-70],[45,-62],[23,-92],[47,-43],[100,-178],[100,-90],[29,-64],[71,-55],[65,0],[16,-32]],[[7219,28495],[-79,-142],[-40,-106],[-56,-113],[-83,-127],[-49,-43],[-93,-14],[-48,19],[-97,55],[-91,79],[-58,28],[-101,2],[-98,-58],[-56,-71],[-22,-59],[-12,-99],[7,-175],[24,-49],[47,-66],[59,-46],[109,-36],[118,-22],[26,-17],[90,-153],[36,-77],[15,-117],[-10,-61],[-39,-70],[-73,-33],[-50,-7],[-54,8],[-60,23],[-171,95],[-34,30],[-67,78],[-105,133],[-78,106],[-53,44],[-51,27],[-32,-9],[-55,-39],[-28,-56],[-6,-123],[38,-338],[1,-61],[-11,-51],[-42,-91],[-64,-56],[-44,-20],[-49,-2],[-56,12],[-71,76],[-133,283],[-45,82],[-42,112],[-22,91],[-58,177],[-37,98],[-33,51],[-84,51],[-26,-1],[-136,-80]],[[35318,97375],[119,53],[119,105],[46,27],[93,38],[116,37],[110,14],[37,-18],[90,-66],[27,-35],[40,-76],[86,-204],[39,-166],[11,-134],[-8,-192],[6,-166],[7,-69],[9,-195],[19,-58],[25,-36],[33,-17],[50,22],[74,61],[40,47],[87,136],[82,94],[68,53],[60,28],[97,26]],[[31558,13043],[35,-13],[43,-74],[29,-88],[51,-6],[43,61],[18,67],[-29,66],[-49,37],[-64,24],[-23,65],[12,50],[72,97],[58,53],[57,63],[41,-3],[27,-44],[-14,-47],[-51,-16],[5,-60],[54,-52],[17,-69],[34,7],[14,-27],[18,-130],[-10,-29],[-49,-63],[-37,-84],[23,-45],[60,18],[20,-40],[25,-2],[22,29],[18,84],[102,63],[17,41],[78,-36],[8,82],[-27,83],[28,12],[49,-41],[52,71],[60,-22],[49,-58],[70,-1],[33,-14],[30,-81],[33,-41],[11,-55],[48,-132],[9,-69],[28,-29],[-25,-31],[-62,20],[-71,59],[-20,75],[-52,37],[-79,6],[-22,-65],[5,-54],[39,-55],[17,-55],[-39,-84],[-17,-87],[38,-31],[-37,-86],[10,-78],[25,-15],[77,52],[31,35],[19,59],[-1,59],[22,35],[68,-66],[49,-28],[68,-82],[28,-4],[6,59],[43,67],[38,8],[28,-21],[50,-68],[65,53],[59,-6],[43,-54],[14,-36],[39,-40],[6,-47],[-70,-43],[-42,10],[-87,-19],[-18,-40],[4,-52],[54,-73],[69,2],[46,-120],[-54,-31],[-17,-29],[-79,4],[-49,-71],[-23,-2],[-12,93],[-33,17],[-44,-36],[-70,-37],[-12,-71],[10,-47],[-44,-150],[37,-9],[79,57],[63,13],[71,-29],[3,-109],[16,-71],[-3,-51],[41,-52],[56,-18],[62,66],[64,17],[6,94],[27,44],[-5,64],[17,13],[57,4],[4,-73],[-15,-135],[-32,-71],[-9,-104],[31,-95],[44,-58],[1,-35],[-28,-40],[35,-78],[49,-13],[58,-41],[76,-110],[37,-21],[34,-70],[37,-31],[39,-3],[31,17],[110,122],[9,67],[-30,51],[-54,6],[-60,33],[-49,38],[-27,54],[-51,45],[-50,70],[37,25],[34,73],[40,8],[33,-28],[34,5],[26,-21],[37,-84],[51,-35],[44,-44],[25,-79],[66,-12],[100,21],[32,15],[7,52],[22,24],[46,-105],[-8,-43],[-33,-65],[80,-87],[43,-55],[37,-11],[62,-48],[5,-114],[40,-12],[31,44],[25,69],[24,20],[28,-26],[33,-56],[16,-64],[50,-30],[24,27],[56,19],[18,91],[38,79],[8,50],[55,75],[59,26],[22,-2],[27,62],[45,-16],[13,-32],[-1,-126],[5,-23]],[[37323,5855],[-41,-6],[-6,29],[-38,70],[-63,29],[-5,67],[20,83],[-1,35],[-26,31],[-31,-16],[-32,11],[-56,-30],[-19,74],[-24,47],[8,67],[-49,13],[-29,48],[6,64],[-38,4],[-16,-43],[-68,-31],[-62,-99],[-74,-98],[-26,-64],[-35,-14],[-34,19],[-57,-29],[-41,-46],[-26,-5],[-79,-47],[-55,-44],[-28,50],[-34,7],[-55,-31],[-52,-6],[-106,4],[-24,35],[-50,35],[-20,47],[11,58],[-43,66],[-52,-26],[-47,16],[-49,-45],[-56,1],[-25,23],[-100,-141],[-57,6],[-48,66],[-50,23],[-23,-48],[-47,54],[-71,40],[-46,93],[-53,129],[-49,-12],[-23,112],[-43,52],[-18,-14],[-9,-53],[-29,2],[-28,31],[-12,60],[-62,4],[-50,-29],[-60,30],[-26,-9],[-10,-90],[-24,-12],[-32,35],[-50,82],[-19,17],[-26,69],[-46,4],[-11,-55],[-31,58],[-26,17],[-62,11],[-16,-88],[26,-27],[-16,-31],[-52,-30],[-61,19],[-66,48],[5,53],[-38,54],[-37,4],[-13,-28],[-30,18],[-35,-50],[-24,56],[-23,-26],[-66,-114],[-10,-42],[-33,-56],[-40,34],[-38,-8],[-58,57],[32,37],[-2,54],[20,22],[15,57],[-48,33],[-31,-15],[-13,57],[-37,10],[-51,42],[20,61],[-40,15],[-63,-36],[-17,-30],[-50,-28],[-9,-26],[-89,-5],[-36,-94],[-39,-14],[-31,-78],[-32,-19],[-56,28],[-62,-19],[-73,-47],[-30,2],[-45,39],[-102,38],[-54,-94],[-25,-9],[-134,15],[-30,35],[-40,22],[-33,49],[-32,70],[-10,47],[8,35],[-31,97],[-31,0],[-35,44],[-13,77],[-133,-16],[-41,26],[-47,6],[-14,-45],[-97,7],[-33,28],[18,40],[-6,82],[-62,4],[-32,43],[-2,81],[-70,14],[-70,67],[-43,100],[-38,34],[-23,61]],[[29862,59725],[15,18],[6,54],[36,48],[35,22],[26,36],[50,20],[23,31],[65,6],[45,-12],[25,-51],[30,0],[34,37],[14,46],[46,35],[31,54],[27,5],[47,100],[45,114],[44,77],[67,54],[62,67],[37,4],[65,70],[28,2],[52,-25],[29,73],[218,-199],[38,-18],[29,-85],[76,-71],[9,-99],[0,-95],[-11,-55],[-10,-120],[46,-113],[2,-171],[22,-33],[64,6],[40,-9],[42,40],[71,-22],[18,-21],[26,-75],[-1,-99],[267,1]],[[46404,60947],[17,67],[20,36],[66,46],[66,76],[44,38],[81,45],[9,68],[0,87],[-11,39],[-59,119],[-61,44],[-43,60],[-58,19],[-29,-7],[-110,-175],[-64,-40],[-78,0],[-68,81],[-38,102],[-5,35]],[[70116,16786],[-31,-25],[-19,-67],[-184,51],[-9,-24],[-9,-178],[1,-97],[7,-35],[43,-69],[34,-104],[51,-78],[8,-110],[-14,-55],[-49,-37],[-40,33],[-49,76],[-47,50],[-58,95],[-32,68],[-104,98],[-36,19],[-95,16],[-48,-19],[-35,-90],[-83,5],[-40,-18],[-50,-72],[-45,-22],[-69,67],[-26,13],[-56,-1],[-90,-58],[-11,-46],[-4,-143],[-18,-51],[-22,-23],[-32,20],[-28,128],[-3,57],[16,298],[-33,33],[-39,-20],[-47,-93],[-9,-48],[6,-98],[-35,-167],[-36,-64],[-70,-35],[-18,-99],[-27,-27],[-96,-148],[-40,-29],[-3,83],[-15,63],[-44,38],[-49,1],[-14,-18],[-10,-154],[8,-70],[-10,-47],[-29,-10],[-16,31],[-43,161],[-18,111],[-26,29],[-48,83],[-27,78],[-18,7],[-61,-63],[-35,-51],[-40,-30],[-26,-42],[-27,-164],[-38,-56],[-39,90],[-11,90],[25,120],[35,116],[27,62],[4,91],[43,71],[0,78],[18,65],[-75,49],[-58,29],[-67,-9],[-70,-31],[-57,-38],[-80,35],[-59,-10],[-58,-69],[-34,1],[-32,-34],[-15,-51],[7,-39],[31,-1],[48,25],[29,-39],[8,-110],[8,-28],[33,-29],[95,-18],[21,32],[-14,54],[-1,53],[32,14],[80,-66],[32,-60],[-19,-156],[-28,-72],[-50,-89],[-29,-83],[-60,-24],[-31,-26],[-24,-115],[-54,33],[-37,-86],[-5,-158],[-29,-98],[-35,-37],[-54,35],[-50,131],[-22,35],[-55,42],[-18,88],[-105,22],[-45,77],[-22,9],[-37,-21],[-22,16],[1,78],[-28,17],[-83,15],[-61,-19],[-46,-82],[-37,13],[6,67],[-62,65],[-22,53],[-64,94],[-16,155],[-3,97],[-22,60],[-100,32],[-41,65],[-69,10],[-29,-26],[-37,-167],[68,-260],[-15,-45],[-37,-10],[-27,18],[-94,144],[-54,51],[-42,0]],[[35704,67313],[734,-563],[800,-580],[221,-167],[38,77]],[[80040,32553],[-31,74],[-23,5],[-12,37],[-29,-4],[-25,41],[-46,21],[-41,38],[-22,-5],[-23,-67],[-81,68],[-51,-21],[-101,10],[-33,52],[-98,20],[-8,49],[-38,58],[-63,14],[-17,24],[-12,69],[-34,19],[-63,59],[-12,82],[3,61],[28,1],[40,61],[58,14],[65,57],[27,109],[-39,27],[-49,-24],[-39,33],[-76,38],[-47,48],[-58,80],[-51,117],[11,98],[-18,33],[-4,44],[-37,85],[-10,50],[14,154],[1,80],[-38,52],[-27,0],[-72,63],[35,74],[40,48],[-9,50],[-57,-63],[-36,-3],[-45,26],[-36,4],[-23,85],[-67,32],[-8,72],[-48,45],[-40,10],[-25,30],[-28,-25],[-40,21],[-38,44],[-49,12],[7,75],[-27,21]],[[78365,35035],[28,28],[84,-33],[24,24],[58,-12],[44,49],[46,-47],[23,23],[28,-12],[31,-45],[68,-21],[47,-67],[40,-6],[26,18],[43,-87],[33,48],[23,-13],[-4,-41],[15,-33],[70,-56],[6,-41],[48,-56],[34,-19],[69,-17],[23,-23],[22,51],[51,8],[109,62],[42,60],[39,20],[21,-20],[25,89],[25,30],[100,83],[78,82],[21,63],[67,136],[51,83],[13,-46],[63,-59],[38,-76],[55,-25],[37,12],[45,63],[54,129]],[[76780,36637],[45,-24],[48,11],[79,77],[23,-27],[65,-23],[16,-34],[24,17],[-6,44],[75,-58],[39,11],[34,-34],[-6,-64],[20,-58],[40,23],[11,41],[-31,58],[37,22],[24,-25],[6,-39],[33,-36],[35,12],[52,-38],[20,-59],[79,-113],[3,-47],[63,-111],[39,-38],[65,-10],[31,6],[18,69],[-2,52],[18,35],[14,76],[29,75],[85,122],[35,-77],[38,19],[42,-22],[19,53],[41,-66],[52,-17],[24,-72],[44,3],[21,-66],[-21,-24],[19,-104],[65,31],[61,-77],[-7,-49],[28,-18],[20,18],[23,-28],[-22,-61],[41,-60],[3,-76],[12,-60],[-13,-33],[3,-69],[-11,-92],[-31,-75],[-6,-59],[53,-28],[24,-91],[-40,-96],[-25,0],[-26,-66],[26,-43],[-5,-44],[-23,-17],[-4,-49]],[[56497,15684],[13,-38],[5,-70],[-17,-46],[-52,-8],[-46,-43],[-2,-144],[20,-41],[-23,-54],[7,-23],[-13,-76],[34,-12],[-11,-74],[20,-80],[6,-151],[75,1],[30,-36],[76,0],[57,56],[51,-12],[11,-46],[28,7],[19,-22],[21,-76],[-27,-91],[118,-128],[47,42],[29,-49],[27,-14],[53,156],[70,99],[24,85],[102,66],[83,112],[38,73],[6,38],[60,59],[43,12],[31,37],[39,87],[29,28],[36,99],[51,-2],[15,-36],[28,11],[20,32],[55,-9],[31,29],[28,-2],[53,-66],[26,-64],[28,-13],[32,-78],[33,9],[47,-38],[9,-34],[-12,-112],[11,-36],[42,-51],[0,-52],[38,-120],[39,-21],[1,-49],[35,-11],[14,-37],[1,-58],[30,-73],[13,19],[38,-26],[5,-98],[33,-39],[67,-148],[-4,-62],[28,-42],[42,-101],[-3,-46],[18,-14],[19,-65],[47,-19],[12,-36],[1,-61],[25,-84],[53,-66],[8,-109],[-39,-71],[1,-55],[45,-12],[17,-138],[-5,-43],[41,-75],[54,-37],[30,-62],[127,-81],[57,-29],[38,-38],[436,-147]],[[59473,12741],[-51,-91],[-70,-92],[-57,-60],[-117,-106],[-175,-131],[-32,-38],[-18,-63],[-4,-55],[14,-70],[29,-98],[36,-87],[54,-96],[92,-216],[26,-105],[8,-84],[-6,-77],[-14,-34],[-37,-34],[-153,-94],[-63,-15],[-67,3],[-68,14],[-63,45],[-19,58],[5,58],[20,48],[4,67],[-6,101],[-25,132],[-33,67],[-61,53],[-52,22],[-72,16],[-37,-7],[-49,-48],[-44,-29],[-41,-8],[-98,17],[-97,-60],[-104,-15],[-57,-31],[-63,-51],[-112,-128],[-61,-50],[-119,-80],[-59,-53],[-63,-96],[-18,-46],[3,-45],[-34,-195],[-5,-106],[-22,-75],[-34,-60],[-32,-24],[-32,0],[-102,86],[-24,32],[-49,120],[-153,394],[-33,50],[-56,34],[-54,-20],[-58,-125],[-23,-69],[-21,-104],[-40,-168],[3,-231],[-8,-91],[-31,-96],[-56,-92],[-59,-74],[-76,-58],[-50,-12],[-68,12],[-57,31],[-48,69],[-2,68],[32,175],[27,330],[-35,202],[-41,98],[-75,82],[-163,146],[-59,77],[-58,36],[-61,15],[-41,-10],[-34,-34],[-17,-48],[-3,-96],[8,-65],[33,-67],[93,-250],[39,-144],[7,-106],[-13,-106],[-26,-84],[-47,-79],[-55,-61],[-42,-24],[-36,8],[-17,36],[-15,103],[-31,94],[-30,57],[-31,29],[-122,17],[-44,26],[-51,53],[-36,84],[-12,60],[14,87],[1,77],[-35,142],[-51,86],[-58,46],[-44,17],[-84,75]],[[60525,15567],[-28,-10],[-49,-93],[-32,-101],[-36,-66],[-68,-148],[-38,-206],[-21,-66],[-47,-66],[-60,-47],[-33,-46],[-32,-97],[0,-86],[11,-66],[44,-116],[63,-143],[25,-97],[8,-81],[-24,-90],[-49,-70],[-52,-31],[-120,-113],[-101,-58],[-61,-55],[-62,-74],[-55,-85],[-33,-101],[-35,-179],[-84,-248],[-41,-105],[-42,-82]],[[2200,35674],[23,69],[88,359],[31,103],[50,119],[60,124],[88,156],[32,89],[52,90],[42,25],[65,-6],[37,21],[36,101],[26,51],[39,123],[4,190],[-6,80],[-23,94],[0,100],[-13,121],[-13,59],[-65,146],[-75,123],[-151,210],[-59,97],[-56,146],[-15,77],[4,96],[48,309],[4,157],[-9,82],[-52,130],[-15,145],[7,151],[13,143],[29,232],[14,82]],[[6329,36251],[-30,-36],[-14,-46],[41,-180],[60,23],[50,-25],[-12,-83],[11,-93],[26,-49]]],"transform":{"scale":[0.00006595538149030563,0.00004199639328480624],"translate":[-54.61925392854004,-26.716288661877883]},"objects":{"municipalities":{"type":"GeometryCollection","geometries":[{"arcs":[[0,1,2,3,4,5,6]],"type":"Polygon","properties":{"CodIbge":"4126801","Cmun":"2680","Municipio":"Tapejara","CRegIdr":"22","RegIdr":"Cianorte","MesoIdr":"Noroeste","area":59738.973,"selec":"1","selec2":1,"selecBIDI":1,"OTTOPSH":"1"}},{"arcs":[[-1,7,8,9,10]],"type":"Polygon","properties":{"CodIbge":"4117206","Cmun":"1720","Municipio":"Nova Olímpia","CRegIdr":"09","RegIdr":"Umuarama","MesoIdr":"Noroeste","area":13487.165,"selec":"0","selec2":null,"selecBIDI":1,"OTTOPSH":null}},{"arcs":[[11,12,13,14,15,16]],"type":"Polygon","properties":{"CodIbge":"4126108","Cmun":"2610","Municipio":"São Tomé","CRegIdr":"22","RegIdr":"Cianorte","MesoIdr":"Noroeste","area":21811.708,"selec":"1","selec2":1,"selecBIDI":1,"OTTOPSH":null}},{"arcs":[[-13,17,18,19]],"type":"Polygon","properties":{"CodIbge":"4112405","Cmun":"1240","Municipio":"Japurá","CRegIdr":"22","RegIdr":"Cianorte","MesoIdr":"Noroeste","area":16540.457,"selec":"0","selec2":1,"selecBIDI":1,"OTTOPSH":null}},{"arcs":[[20,21,22,23,24,25]],"type":"Polygon","properties":{"CodIbge":"4122701","Cmun":"2270","Municipio":"Sabáudia","CRegIdr":"20","RegIdr":"Apucarana","MesoIdr":"Norte","area":19152.359,"selec":"0","selec2":1,"selecBIDI":1,"OTTOPSH":"1"}},{"arcs":[[26,27,28,29]],"type":"Polygon","properties":{"CodIbge":"4117503","Cmun":"1750","Municipio":"Paiçandu","CRegIdr":"11","RegIdr":"Maringá","MesoIdr":"Noroeste","area":17171.878,"selec":"1","selec2":1,"selecBIDI":0,"OTTOPSH":null}},{"arcs":[[-27,30,31,32,33,34]],"type":"Polygon","properties":{"CodIbge":"4117404","Cmun":"1740","Municipio":"Ourizona","CRegIdr":"11","RegIdr":"Maringá","MesoIdr":"Noroeste","area":17542.267,"selec":"0","selec2":1,"selecBIDI":1,"OTTOPSH":null}},{"arcs":[[-2,-11,35,36,37,38,39]],"type":"Polygon","properties":{"CodIbge":"4105607","Cmun":"0560","Municipio":"Cidade Gaúcha","CRegIdr":"22","RegIdr":"Cianorte","MesoIdr":"Noroeste","area":40325.995,"selec":"0","selec2":1,"selecBIDI":1,"OTTOPSH":null}},{"arcs":[[-26,40,41,42]],"type":"Polygon","properties":{"CodIbge":"4101507","Cmun":"0150","Municipio":"Arapongas","CRegIdr":"20","RegIdr":"Apucarana","MesoIdr":"Norte","area":38255.717,"selec":"1","selec2":1,"selecBIDI":1,"OTTOPSH":"1"}},{"arcs":[[-25,43,44,45,-41]],"type":"Polygon","properties":{"CodIbge":"4122404","Cmun":"2240","Municipio":"Rolândia","CRegIdr":"12","RegIdr":"Londrina","MesoIdr":"Norte","area":45416.717,"selec":"1","selec2":1,"selecBIDI":1,"OTTOPSH":"1"}},{"arcs":[[-22,46,47,48,49,50,51]],"type":"Polygon","properties":{"CodIbge":"4114203","Cmun":"1420","Municipio":"Mandaguari","CRegIdr":"11","RegIdr":"Maringá","MesoIdr":"Noroeste","area":33545.343,"selec":"1","selec2":1,"selecBIDI":0,"OTTOPSH":"1"}},{"arcs":[[52,53,54,55,56]],"type":"Polygon","properties":{"CodIbge":"4121000","Cmun":"2100","Municipio":"Querência do Norte","CRegIdr":"10","RegIdr":"Paranavaí","MesoIdr":"Noroeste","area":100777.537,"selec":"0","selec2":null,"selecBIDI":1,"OTTOPSH":"1"}},{"arcs":[[57,58,59,60,61,62,63,64]],"type":"Polygon","properties":{"CodIbge":"4101903","Cmun":"0190","Municipio":"Assaí","CRegIdr":"13","RegIdr":"Cornélio Procópio","MesoIdr":"Norte","area":44179.693,"selec":"0","selec2":1,"selecBIDI":0,"OTTOPSH":"1"}},{"arcs":[[-10,65,66,67,68,69,-36]],"type":"Polygon","properties":{"CodIbge":"4126900","Cmun":"2690","Municipio":"Tapira","CRegIdr":"09","RegIdr":"Umuarama","MesoIdr":"Noroeste","area":43599.456,"selec":"0","selec2":null,"selecBIDI":1,"OTTOPSH":null}},{"arcs":[[70,71,72,73]],"type":"Polygon","properties":{"CodIbge":"4116505","Cmun":"1650","Municipio":"Nova Aliança do Ivaí","CRegIdr":"10","RegIdr":"Paranavaí","MesoIdr":"Noroeste","area":13177.143,"selec":"0","selec2":1,"selecBIDI":1,"OTTOPSH":"1"}},{"arcs":[[74,75,76]],"type":"Polygon","properties":{"CodIbge":"4123105","Cmun":"2310","Municipio":"Santa Amélia","CRegIdr":"13","RegIdr":"Cornélio Procópio","MesoIdr":"Norte","area":7836.718,"selec":"0","selec2":1,"selecBIDI":0,"OTTOPSH":null}},{"arcs":[[-55,77,78,79,80,81]],"type":"Polygon","properties":{"CodIbge":"4123303","Cmun":"2330","Municipio":"Santa Cruz de Monte Castelo","CRegIdr":"10","RegIdr":"Paranavaí","MesoIdr":"Noroeste","area":44292,"selec":"0","selec2":null,"selecBIDI":1,"OTTOPSH":"1"}},{"arcs":[[-24,82,83,-44]],"type":"Polygon","properties":{"CodIbge":"4119657","Cmun":"1965","Municipio":"Pitangueiras","CRegIdr":"12","RegIdr":"Londrina","MesoIdr":"Norte","area":12353.156,"selec":"0","selec2":1,"selecBIDI":1,"OTTOPSH":"1"}},{"arcs":[[84,85,86,87,88,89,90]],"type":"Polygon","properties":{"CodIbge":"4112801","Cmun":"1280","Municipio":"Joaquim Távora","CRegIdr":"14","RegIdr":"Santo Antonio da Platina","MesoIdr":"Norte","area":28912.165,"selec":"0","selec2":1,"selecBIDI":0,"OTTOPSH":null}},{"arcs":[[-85,91,92,93]],"type":"Polygon","properties":{"CodIbge":"4121802","Cmun":"2180","Municipio":"Ribeirão Claro","CRegIdr":"14","RegIdr":"Santo Antonio da Platina","MesoIdr":"Norte","area":62623.885,"selec":"0","selec2":1,"selecBIDI":0,"OTTOPSH":null}},{"arcs":[[-34,94,95,96,97,98]],"type":"Polygon","properties":{"CodIbge":"4120408","Cmun":"2040","Municipio":"Presidente Castelo Branco","CRegIdr":"11","RegIdr":"Maringá","MesoIdr":"Noroeste","area":15463.154,"selec":"1","selec2":1,"selecBIDI":1,"OTTOPSH":"1"}},{"arcs":[[-98,99,100,101,102,103]],"type":"Polygon","properties":{"CodIbge":"4102208","Cmun":"0220","Municipio":"Atalaia","CRegIdr":"11","RegIdr":"Maringá","MesoIdr":"Noroeste","area":13724.651,"selec":"0","selec2":1,"selecBIDI":1,"OTTOPSH":"1"}},{"arcs":[[-28,-35,-99,-104,104,105,106]],"type":"Polygon","properties":{"CodIbge":"4114104","Cmun":"1410","Municipio":"Mandaguaçu","CRegIdr":"11","RegIdr":"Maringá","MesoIdr":"Noroeste","area":29396.065,"selec":"1","selec2":1,"selecBIDI":1,"OTTOPSH":null}},{"arcs":[[-103,107,108,109,-105]],"type":"Polygon","properties":{"CodIbge":"4108106","Cmun":"0810","Municipio":"Flórida","CRegIdr":"11","RegIdr":"Maringá","MesoIdr":"Noroeste","area":8381.871,"selec":"0","selec2":null,"selecBIDI":1,"OTTOPSH":null}},{"arcs":[[110,111,112,113,114,115,116]],"type":"Polygon","properties":{"CodIbge":"4126504","Cmun":"2650","Municipio":"Sertanópolis","CRegIdr":"12","RegIdr":"Londrina","MesoIdr":"Norte","area":50492.015,"selec":"0","selec2":1,"selecBIDI":1,"OTTOPSH":null}},{"arcs":[[-46,117,118,119,-112,120]],"type":"Polygon","properties":{"CodIbge":"4103701","Cmun":"0370","Municipio":"Cambé","CRegIdr":"12","RegIdr":"Londrina","MesoIdr":"Norte","area":49775.71,"selec":"1","selec2":1,"selecBIDI":0,"OTTOPSH":"1"}},{"arcs":[[-45,-84,121,122,123,124,125,126,127,-118]],"type":"Polygon","properties":{"CodIbge":"4111902","Cmun":"1190","Municipio":"Jaguapitã","CRegIdr":"12","RegIdr":"Londrina","MesoIdr":"Norte","area":47754.254,"selec":"0","selec2":1,"selecBIDI":1,"OTTOPSH":"1"}},{"arcs":[[-59,128,129,130]],"type":"Polygon","properties":{"CodIbge":"4112702","Cmun":"1270","Municipio":"Jataizinho","CRegIdr":"13","RegIdr":"Cornélio Procópio","MesoIdr":"Norte","area":15945.788,"selec":"1","selec2":1,"selecBIDI":0,"OTTOPSH":"1"}},{"arcs":[[-60,-131,131,132,133,134,135]],"type":"Polygon","properties":{"CodIbge":"4128401","Cmun":"2840","Municipio":"Uraí","CRegIdr":"13","RegIdr":"Cornélio Procópio","MesoIdr":"Norte","area":23760.328,"selec":"1","selec2":1,"selecBIDI":0,"OTTOPSH":null}},{"arcs":[[-90,136,137,138,139,140,141]],"type":"Polygon","properties":{"CodIbge":"4124103","Cmun":"2410","Municipio":"Santo Antônio da Platina","CRegIdr":"14","RegIdr":"Santo Antonio da Platina","MesoIdr":"Norte","area":72148.9,"selec":"1","selec2":1,"selecBIDI":0,"OTTOPSH":null}},{"arcs":[[-91,-142,142,143,144,-92]],"type":"Polygon","properties":{"CodIbge":"4111803","Cmun":"1180","Municipio":"Jacarezinho","CRegIdr":"14","RegIdr":"Santo Antonio da Platina","MesoIdr":"Norte","area":60225.752,"selec":"1","selec2":1,"selecBIDI":0,"OTTOPSH":null}},{"arcs":[[-141,145,146,147,-143]],"type":"Polygon","properties":{"CodIbge":"4102703","Cmun":"0270","Municipio":"Barra do Jacaré","CRegIdr":"14","RegIdr":"Santo Antonio da Platina","MesoIdr":"Norte","area":11544.387,"selec":"0","selec2":1,"selecBIDI":0,"OTTOPSH":null}},{"arcs":[[-73,148,149,150,151,152,153,154,155,156]],"type":"Polygon","properties":{"CodIbge":"4118402","Cmun":"1840","Municipio":"Paranavaí","CRegIdr":"10","RegIdr":"Paranavaí","MesoIdr":"Noroeste","area":119725.119,"selec":"1","selec2":1,"selecBIDI":1,"OTTOPSH":"1"}},{"arcs":[[-106,-110,157,158,159]],"type":"Polygon","properties":{"CodIbge":"4101150","Cmun":"0115","Municipio":"Ângulo","CRegIdr":"11","RegIdr":"Maringá","MesoIdr":"Noroeste","area":10564.185,"selec":"0","selec2":1,"selecBIDI":1,"OTTOPSH":null}},{"arcs":[[160,161,162,163,164,165]],"type":"Polygon","properties":{"CodIbge":"4109609","Cmun":"0960","Municipio":"Guaratuba","CRegIdr":"01","RegIdr":"Paranaguá","MesoIdr":"Metropolitana e Litoral","area":132433.815,"selec":"0","selec2":1,"selecBIDI":0,"OTTOPSH":null}},{"arcs":[[166,167,168]],"type":"Polygon","properties":{"CodIbge":"4111308","Cmun":"1130","Municipio":"Itaúna do Sul","CRegIdr":"10","RegIdr":"Paranavaí","MesoIdr":"Noroeste","area":12718.144,"selec":"0","selec2":null,"selecBIDI":1,"OTTOPSH":null}},{"arcs":[[169,170,171,172,173,174]],"type":"Polygon","properties":{"CodIbge":"4121406","Cmun":"2140","Municipio":"Realeza","CRegIdr":"16","RegIdr":"Francisco Beltrão","MesoIdr":"Sudoeste","area":35550.098,"selec":"1","selec2":1,"selecBIDI":0,"OTTOPSH":null}},{"arcs":[[175,176,177,178]],"type":"Polygon","properties":{"CodIbge":"4120309","Cmun":"2030","Municipio":"Porto Vitória","CRegIdr":"03","RegIdr":"União da Vitória","MesoIdr":"Centro Sul","area":21044.869,"selec":"0","selec2":null,"selecBIDI":0,"OTTOPSH":null}},{"arcs":[[179,180,181,182]],"type":"Polygon","properties":{"CodIbge":"4115309","Cmun":"1530","Municipio":"Mariópolis","CRegIdr":"15","RegIdr":"Pato Branco","MesoIdr":"Sudoeste","area":23158.125,"selec":"0","selec2":1,"selecBIDI":0,"OTTOPSH":null}},{"arcs":[[183,184,185,186,187,188,189]],"type":"Polygon","properties":{"CodIbge":"4107850","Cmun":"0785","Municipio":"Flor da Serra do Sul","CRegIdr":"16","RegIdr":"Francisco Beltrão","MesoIdr":"Sudoeste","area":24940.35,"selec":"0","selec2":1,"selecBIDI":0,"OTTOPSH":null}},{"arcs":[[190,191,192,193,194]],"type":"Polygon","properties":{"CodIbge":"4103222","Cmun":"0322","Municipio":"Bom Sucesso do Sul","CRegIdr":"15","RegIdr":"Pato Branco","MesoIdr":"Sudoeste","area":19696.781,"selec":"0","selec2":1,"selecBIDI":0,"OTTOPSH":null}},{"arcs":[[195,196,197,198,199]],"type":"Polygon","properties":{"CodIbge":"4116950","Cmun":"1695","Municipio":"Nova Esperança do Sudoeste","CRegIdr":"23","RegIdr":"Dois Vizinhos","MesoIdr":"Sudoeste","area":20721.973,"selec":"1","selec2":1,"selecBIDI":0,"OTTOPSH":null}},{"arcs":[[200,201,202,203,204,205,206,207]],"type":"Polygon","properties":{"CodIbge":"4108205","Cmun":"0820","Municipio":"Formosa do Oeste","CRegIdr":"18","RegIdr":"Toledo","MesoIdr":"Oeste","area":27552.582,"selec":"0","selec2":1,"selecBIDI":0,"OTTOPSH":"1"}},{"arcs":[[208,209,210]],"type":"Polygon","properties":{"CodIbge":"4126272","Cmun":"2627","Municipio":"Saudade do Iguaçu","CRegIdr":"15","RegIdr":"Pato Branco","MesoIdr":"Sudoeste","area":14939.249,"selec":"0","selec2":1,"selecBIDI":0,"OTTOPSH":null}},{"arcs":[[-211,211,212,213,214,215,216,217]],"type":"Polygon","properties":{"CodIbge":"4122156","Cmun":"2215","Municipio":"Rio Bonito do Iguaçu","CRegIdr":"21","RegIdr":"Laranjeiras do Sul","MesoIdr":"Centro","area":68681.3,"selec":"0","selec2":1,"selecBIDI":0,"OTTOPSH":null}},{"arcs":[[218,219,220,221]],"type":"Polygon","properties":{"CodIbge":"4106209","Cmun":"0620","Municipio":"Contenda","CRegIdr":"02","RegIdr":"Curitiba","MesoIdr":"Metropolitana e Litoral","area":29580.809,"selec":"0","selec2":1,"selecBIDI":0,"OTTOPSH":null}},{"arcs":[[-219,222,223,224,225,226]],"type":"Polygon","properties":{"CodIbge":"4102307","Cmun":"0230","Municipio":"Balsa Nova","CRegIdr":"02","RegIdr":"Curitiba","MesoIdr":"Metropolitana e Litoral","area":34761.982,"selec":"1","selec2":1,"selecBIDI":0,"OTTOPSH":null}},{"arcs":[[-210,227,228,-212]],"type":"Polygon","properties":{"CodIbge":"4126652","Cmun":"2665","Municipio":"Sulina","CRegIdr":"15","RegIdr":"Pato Branco","MesoIdr":"Sudoeste","area":17468.995,"selec":"0","selec2":1,"selecBIDI":0,"OTTOPSH":null}},{"arcs":[[-67,229,230,231,-81,232]],"type":"Polygon","properties":{"CodIbge":"4107256","Cmun":"0725","Municipio":"Douradina","CRegIdr":"09","RegIdr":"Umuarama","MesoIdr":"Noroeste","area":42115.36,"selec":"0","selec2":null,"selecBIDI":1,"OTTOPSH":null}},{"arcs":[[-56,-82,-232,233,234]],"type":"Polygon","properties":{"CodIbge":"4111555","Cmun":"1155","Municipio":"Ivaté","CRegIdr":"09","RegIdr":"Umuarama","MesoIdr":"Noroeste","area":41149.412,"selec":"0","selec2":null,"selecBIDI":1,"OTTOPSH":"1"}},{"arcs":[[235,236,237,238,239,240]],"type":"Polygon","properties":{"CodIbge":"4128633","Cmun":"2863","Municipio":"Doutor Ulysses","CRegIdr":"02","RegIdr":"Curitiba","MesoIdr":"Metropolitana e Litoral","area":78078.967,"selec":"0","selec2":null,"selecBIDI":0,"OTTOPSH":null}},{"arcs":[[241,242,243,244,245]],"type":"Polygon","properties":{"CodIbge":"4103024","Cmun":"0302","Municipio":"Boa Esperança do Iguaçu","CRegIdr":"23","RegIdr":"Dois Vizinhos","MesoIdr":"Sudoeste","area":15099.037,"selec":"0","selec2":1,"selecBIDI":0,"OTTOPSH":null}},{"arcs":[[246,247,248,249,250]],"type":"Polygon","properties":{"CodIbge":"4108304","Cmun":"0830","Municipio":"Foz do Iguaçu","CRegIdr":"17","RegIdr":"Cascavel","MesoIdr":"Oeste","area":60835.975,"selec":"1","selec2":1,"selecBIDI":0,"OTTOPSH":null}},{"arcs":[[251,252,253,254,255,256,257]],"type":"Polygon","properties":{"CodIbge":"4119905","Cmun":"1990","Municipio":"Ponta Grossa","CRegIdr":"04","RegIdr":"Ponta Grossa","MesoIdr":"Centro Sul","area":204268.392,"selec":"1","selec2":1,"selecBIDI":0,"OTTOPSH":null}},{"arcs":[[258,259,260,261,262]],"type":"Polygon","properties":{"CodIbge":"4115457","Cmun":"1545","Municipio":"Marquinho","CRegIdr":"21","RegIdr":"Laranjeiras do Sul","MesoIdr":"Centro","area":50323.479,"selec":"0","selec2":1,"selecBIDI":0,"OTTOPSH":null}},{"arcs":[[263,264,265,266,267]],"type":"Polygon","properties":{"CodIbge":"4124020","Cmun":"2402","Municipio":"Santa Tereza do Oeste","CRegIdr":"17","RegIdr":"Cascavel","MesoIdr":"Oeste","area":32695.053,"selec":"1","selec2":1,"selecBIDI":0,"OTTOPSH":null}},{"arcs":[[268,269,270,271,272,273]],"type":"Polygon","properties":{"CodIbge":"4104055","Cmun":"0405","Municipio":"Campo Bonito","CRegIdr":"17","RegIdr":"Cascavel","MesoIdr":"Oeste","area":42790.538,"selec":"1","selec2":1,"selecBIDI":0,"OTTOPSH":null}},{"arcs":[[-274,274,275,276,277,278,279,280,281]],"type":"Polygon","properties":{"CodIbge":"4109302","Cmun":"0930","Municipio":"Guaraniaçu","CRegIdr":"21","RegIdr":"Laranjeiras do Sul","MesoIdr":"Centro","area":123713.429,"selec":"1","selec2":1,"selecBIDI":0,"OTTOPSH":null}},{"arcs":[[282,283,284,285,286,287,288]],"type":"Polygon","properties":{"CodIbge":"4111407","Cmun":"1140","Municipio":"Ivaí","CRegIdr":"04","RegIdr":"Ponta Grossa","MesoIdr":"Centro Sul","area":60165.054,"selec":"0","selec2":null,"selecBIDI":0,"OTTOPSH":null}},{"arcs":[[289,290,291,292,293,294]],"type":"Polygon","properties":{"CodIbge":"4106704","Cmun":"0670","Municipio":"Cruzeiro do Sul","CRegIdr":"10","RegIdr":"Paranavaí","MesoIdr":"Noroeste","area":25897.006,"selec":"0","selec2":1,"selecBIDI":1,"OTTOPSH":null}},{"arcs":[[-295,295,296,297,298,299]],"type":"Polygon","properties":{"CodIbge":"4118105","Cmun":"1810","Municipio":"Paranacity","CRegIdr":"10","RegIdr":"Paranavaí","MesoIdr":"Noroeste","area":34780.335,"selec":"0","selec2":null,"selecBIDI":1,"OTTOPSH":null}},{"arcs":[[-109,300,301,302,303,-124,304,305,-158]],"type":"Polygon","properties":{"CodIbge":"4123402","Cmun":"2340","Municipio":"Santa Fé","CRegIdr":"11","RegIdr":"Maringá","MesoIdr":"Noroeste","area":27628.857,"selec":"0","selec2":null,"selecBIDI":1,"OTTOPSH":null}},{"arcs":[[-102,306,-290,-300,307,-301,-108]],"type":"Polygon","properties":{"CodIbge":"4113601","Cmun":"1360","Municipio":"Lobato","CRegIdr":"11","RegIdr":"Maringá","MesoIdr":"Noroeste","area":24057.927,"selec":"0","selec2":null,"selecBIDI":1,"OTTOPSH":null}},{"arcs":[[-21,-43,308,309,310,311,312,313,314,-47]],"type":"Polygon","properties":{"CodIbge":"4101408","Cmun":"0140","Municipio":"Apucarana","CRegIdr":"20","RegIdr":"Apucarana","MesoIdr":"Norte","area":55704.561,"selec":"1","selec2":1,"selecBIDI":0,"OTTOPSH":"1"}},{"arcs":[[-16,315,316,317,318]],"type":"Polygon","properties":{"CodIbge":"4113007","Cmun":"1300","Municipio":"Jussara","CRegIdr":"22","RegIdr":"Cianorte","MesoIdr":"Noroeste","area":20784.026,"selec":"1","selec2":1,"selecBIDI":1,"OTTOPSH":null}},{"arcs":[[-15,319,320,-95,-33,321,-316]],"type":"Polygon","properties":{"CodIbge":"4125308","Cmun":"2530","Municipio":"São Jorge do Ivaí","CRegIdr":"11","RegIdr":"Maringá","MesoIdr":"Noroeste","area":31565.243,"selec":"0","selec2":1,"selecBIDI":1,"OTTOPSH":null}},{"arcs":[[-88,322,323,324]],"type":"Polygon","properties":{"CodIbge":"4120705","Cmun":"2070","Municipio":"Quatiguá","CRegIdr":"14","RegIdr":"Santo Antonio da Platina","MesoIdr":"Norte","area":11280.108,"selec":"0","selec2":1,"selecBIDI":0,"OTTOPSH":null}},{"arcs":[[325,326,327,328]],"type":"Polygon","properties":{"CodIbge":"4122909","Cmun":"2290","Municipio":"Salto do Itararé","CRegIdr":"14","RegIdr":"Santo Antonio da Platina","MesoIdr":"Norte","area":19977.98,"selec":"0","selec2":null,"selecBIDI":0,"OTTOPSH":null}},{"arcs":[[-86,-94,329,-326,330]],"type":"Polygon","properties":{"CodIbge":"4104709","Cmun":"0470","Municipio":"Carlópolis","CRegIdr":"14","RegIdr":"Santo Antonio da Platina","MesoIdr":"Norte","area":45413.935,"selec":"0","selec2":null,"selecBIDI":0,"OTTOPSH":null}},{"arcs":[[331,332,333,334]],"type":"Polygon","properties":{"CodIbge":"4111605","Cmun":"1160","Municipio":"Ivatuba","CRegIdr":"11","RegIdr":"Maringá","MesoIdr":"Noroeste","area":9493.214,"selec":"0","selec2":1,"selecBIDI":0,"OTTOPSH":null}},{"arcs":[[-30,-332,335,-31]],"type":"Polygon","properties":{"CodIbge":"4107306","Cmun":"0730","Municipio":"Doutor Camargo","CRegIdr":"11","RegIdr":"Maringá","MesoIdr":"Noroeste","area":11795.82,"selec":"1","selec2":1,"selecBIDI":0,"OTTOPSH":null}},{"arcs":[[-333,336,337,338,339]],"type":"Polygon","properties":{"CodIbge":"4107900","Cmun":"0790","Municipio":"Floresta","CRegIdr":"11","RegIdr":"Maringá","MesoIdr":"Noroeste","area":16163.587,"selec":"1","selec2":1,"selecBIDI":0,"OTTOPSH":null}},{"arcs":[[340,341,342,343,344]],"type":"Polygon","properties":{"CodIbge":"4124301","Cmun":"2430","Municipio":"Santo Antônio do Paraíso","CRegIdr":"13","RegIdr":"Cornélio Procópio","MesoIdr":"Norte","area":16334.119,"selec":"0","selec2":null,"selecBIDI":0,"OTTOPSH":null}},{"arcs":[[-156,345,-293,346,347]],"type":"Polygon","properties":{"CodIbge":"4100608","Cmun":"0060","Municipio":"Alto Paraná","CRegIdr":"10","RegIdr":"Paranavaí","MesoIdr":"Noroeste","area":40778.802,"selec":"1","selec2":1,"selecBIDI":1,"OTTOPSH":null}},{"arcs":[[-134,348,349,350,351]],"type":"Polygon","properties":{"CodIbge":"4113403","Cmun":"1340","Municipio":"Leópolis","CRegIdr":"13","RegIdr":"Cornélio Procópio","MesoIdr":"Norte","area":34469.041,"selec":"0","selec2":1,"selecBIDI":0,"OTTOPSH":null}},{"arcs":[[352,353,354,355,356]],"type":"Polygon","properties":{"CodIbge":"4100806","Cmun":"0080","Municipio":"Alvorada do Sul","CRegIdr":"12","RegIdr":"Londrina","MesoIdr":"Norte","area":42742.988,"selec":"0","selec2":null,"selecBIDI":1,"OTTOPSH":null}},{"arcs":[[-187,357,358]],"type":"Polygon","properties":{"CodIbge":"4102604","Cmun":"0260","Municipio":"Barracão","CRegIdr":"16","RegIdr":"Francisco Beltrão","MesoIdr":"Sudoeste","area":16491.829,"selec":"0","selec2":null,"selecBIDI":0,"OTTOPSH":null}},{"arcs":[[-188,-359,359,360,361]],"type":"Polygon","properties":{"CodIbge":"4103156","Cmun":"0315","Municipio":"Bom Jesus do Sul","CRegIdr":"16","RegIdr":"Francisco Beltrão","MesoIdr":"Sudoeste","area":17694.804,"selec":"0","selec2":1,"selecBIDI":0,"OTTOPSH":null}},{"arcs":[[-182,362,-195,363,364,365,366]],"type":"Polygon","properties":{"CodIbge":"4118501","Cmun":"1850","Municipio":"Pato Branco","CRegIdr":"15","RegIdr":"Pato Branco","MesoIdr":"Sudoeste","area":53774.792,"selec":"1","selec2":1,"selecBIDI":0,"OTTOPSH":null}},{"arcs":[[-184,367,368,-200,369,370,371,-193,372,373]],"type":"Polygon","properties":{"CodIbge":"4108403","Cmun":"0840","Municipio":"Francisco Beltrão","CRegIdr":"16","RegIdr":"Francisco Beltrão","MesoIdr":"Sudoeste","area":73294.412,"selec":"1","selec2":1,"selecBIDI":0,"OTTOPSH":null}},{"arcs":[[374,375,376,377,378,379,380]],"type":"Polygon","properties":{"CodIbge":"4103107","Cmun":"0310","Municipio":"Bocaiúva do Sul","CRegIdr":"02","RegIdr":"Curitiba","MesoIdr":"Metropolitana e Litoral","area":81222.076,"selec":"0","selec2":1,"selecBIDI":0,"OTTOPSH":null}},{"arcs":[[-375,381,382,383,384,385]],"type":"Polygon","properties":{"CodIbge":"4122206","Cmun":"2220","Municipio":"Rio Branco do Sul","CRegIdr":"02","RegIdr":"Curitiba","MesoIdr":"Metropolitana e Litoral","area":81969.726,"selec":"0","selec2":1,"selecBIDI":0,"OTTOPSH":null}},{"arcs":[[386,387,388,389]],"type":"Polygon","properties":{"CodIbge":"4107652","Cmun":"0765","Municipio":"Fazenda Rio Grande","CRegIdr":"02","RegIdr":"Curitiba","MesoIdr":"Metropolitana e Litoral","area":11677.612,"selec":"0","selec2":1,"selecBIDI":0,"OTTOPSH":null}},{"arcs":[[-162,390,391,-390,392,393,394,395]],"type":"Polygon","properties":{"CodIbge":"4125506","Cmun":"2550","Municipio":"São José dos Pinhais","CRegIdr":"02","RegIdr":"Curitiba","MesoIdr":"Metropolitana e Litoral","area":94600.267,"selec":"1","selec2":1,"selecBIDI":0,"OTTOPSH":null}},{"arcs":[[396,397,398,399,400]],"type":"Polygon","properties":{"CodIbge":"4121505","Cmun":"2150","Municipio":"Rebouças","CRegIdr":"07","RegIdr":"Irati","MesoIdr":"Centro Sul","area":48130.217,"selec":"0","selec2":1,"selecBIDI":0,"OTTOPSH":null}},{"arcs":[[-401,401,402,403,404,405]],"type":"Polygon","properties":{"CodIbge":"4110706","Cmun":"1070","Municipio":"Irati","CRegIdr":"07","RegIdr":"Irati","MesoIdr":"Centro Sul","area":100002.308,"selec":"1","selec2":1,"selecBIDI":0,"OTTOPSH":"1"}},{"arcs":[[406,407,408,409,410,411,412,413]],"type":"Polygon","properties":{"CodIbge":"4109401","Cmun":"0940","Municipio":"Guarapuava","CRegIdr":"05","RegIdr":"Guarapuava","MesoIdr":"Centro","area":316344.334,"selec":"1","selec2":1,"selecBIDI":0,"OTTOPSH":"1"}},{"arcs":[[414,415,416,417]],"type":"Polygon","properties":{"CodIbge":"4103453","Cmun":"0345","Municipio":"Cafelândia","CRegIdr":"17","RegIdr":"Cascavel","MesoIdr":"Oeste","area":27184.763,"selec":"0","selec2":1,"selecBIDI":0,"OTTOPSH":"1"}},{"arcs":[[-203,418,419,420,-418,421,422,423,424]],"type":"Polygon","properties":{"CodIbge":"4116703","Cmun":"1670","Municipio":"Nova Aurora","CRegIdr":"17","RegIdr":"Cascavel","MesoIdr":"Oeste","area":47319.675,"selec":"0","selec2":1,"selecBIDI":0,"OTTOPSH":"1"}},{"arcs":[[-394,425,426,427,428]],"type":"Polygon","properties":{"CodIbge":"4119152","Cmun":"1915","Municipio":"Pinhais","CRegIdr":"02","RegIdr":"Curitiba","MesoIdr":"Metropolitana e Litoral","area":6084.041,"selec":"0","selec2":1,"selecBIDI":0,"OTTOPSH":null}},{"arcs":[[-224,429,430]],"type":"Polygon","properties":{"CodIbge":"4120101","Cmun":"2010","Municipio":"Porto Amazonas","CRegIdr":"02","RegIdr":"Curitiba","MesoIdr":"Metropolitana e Litoral","area":18676.402,"selec":"1","selec2":1,"selecBIDI":0,"OTTOPSH":null}},{"arcs":[[-213,431,432,433,434,435,-280,436]],"type":"Polygon","properties":{"CodIbge":"4120903","Cmun":"2090","Municipio":"Quedas do Iguaçu","CRegIdr":"21","RegIdr":"Laranjeiras do Sul","MesoIdr":"Centro","area":82303.568,"selec":"0","selec2":1,"selecBIDI":0,"OTTOPSH":null}},{"arcs":[[-395,-429,437,438]],"type":"Polygon","properties":{"CodIbge":"4119509","Cmun":"1950","Municipio":"Piraquara","CRegIdr":"02","RegIdr":"Curitiba","MesoIdr":"Metropolitana e Litoral","area":22478.087,"selec":"1","selec2":1,"selecBIDI":0,"OTTOPSH":null}},{"arcs":[[439,440,441,442]],"type":"Polygon","properties":{"CodIbge":"4109500","Cmun":"0950","Municipio":"Guaraqueçaba","CRegIdr":"01","RegIdr":"Paranaguá","MesoIdr":"Metropolitana e Litoral","area":230066.114,"selec":"0","selec2":1,"selecBIDI":0,"OTTOPSH":null}},{"arcs":[[-216,443,-260,444,445,446]],"type":"Polygon","properties":{"CodIbge":"4113304","Cmun":"1330","Municipio":"Laranjeiras do Sul","CRegIdr":"21","RegIdr":"Laranjeiras do Sul","MesoIdr":"Centro","area":67490.73,"selec":"1","selec2":1,"selecBIDI":0,"OTTOPSH":null}},{"arcs":[[447,448,449,450,451]],"type":"Polygon","properties":{"CodIbge":"4126355","Cmun":"2635","Municipio":"Serranópolis do Iguaçu","CRegIdr":"17","RegIdr":"Cascavel","MesoIdr":"Oeste","area":48364.238,"selec":"0","selec2":1,"selecBIDI":0,"OTTOPSH":null}},{"arcs":[[-452,452,453,454,455,456,457]],"type":"Polygon","properties":{"CodIbge":"4115606","Cmun":"1560","Municipio":"Matelândia","CRegIdr":"17","RegIdr":"Cascavel","MesoIdr":"Oeste","area":63952.795,"selec":"1","selec2":1,"selecBIDI":0,"OTTOPSH":null}},{"arcs":[[-265,458,459,460,-457,461,462]],"type":"Polygon","properties":{"CodIbge":"4105300","Cmun":"0530","Municipio":"Céu Azul","CRegIdr":"17","RegIdr":"Cascavel","MesoIdr":"Oeste","area":117659.749,"selec":"1","selec2":1,"selecBIDI":0,"OTTOPSH":null}},{"arcs":[[-163,-396,-439,463,464,465,466]],"type":"Polygon","properties":{"CodIbge":"4116208","Cmun":"1620","Municipio":"Morretes","CRegIdr":"01","RegIdr":"Paranaguá","MesoIdr":"Metropolitana e Litoral","area":68847.668,"selec":"1","selec2":1,"selecBIDI":0,"OTTOPSH":null}},{"arcs":[[-389,467,468,469,470,471,-426,-393]],"type":"Polygon","properties":{"CodIbge":"4106902","Cmun":"0690","Municipio":"Curitiba","CRegIdr":"02","RegIdr":"Curitiba","MesoIdr":"Metropolitana e Litoral","area":43487.342,"selec":"1","selec2":1,"selecBIDI":0,"OTTOPSH":null}},{"arcs":[[-226,472,-257,473,474,475,-469,476]],"type":"Polygon","properties":{"CodIbge":"4104204","Cmun":"0420","Municipio":"Campo Largo","CRegIdr":"02","RegIdr":"Curitiba","MesoIdr":"Metropolitana e Litoral","area":124120.234,"selec":"1","selec2":1,"selecBIDI":0,"OTTOPSH":null}},{"arcs":[[-285,477,478,-404,479,-413,480,481]],"type":"Polygon","properties":{"CodIbge":"4120606","Cmun":"2060","Municipio":"Prudentópolis","CRegIdr":"07","RegIdr":"Irati","MesoIdr":"Centro Sul","area":225772.658,"selec":"1","selec2":1,"selecBIDI":0,"OTTOPSH":"1"}},{"arcs":[[-428,482,483,-464,-438]],"type":"Polygon","properties":{"CodIbge":"4120804","Cmun":"2080","Municipio":"Quatro Barras","CRegIdr":"02","RegIdr":"Curitiba","MesoIdr":"Metropolitana e Litoral","area":18066.809,"selec":"1","selec2":1,"selecBIDI":0,"OTTOPSH":null}},{"arcs":[[-381,484,-483,-427,-472,485,-382]],"type":"Polygon","properties":{"CodIbge":"4105805","Cmun":"0580","Municipio":"Colombo","CRegIdr":"02","RegIdr":"Curitiba","MesoIdr":"Metropolitana e Litoral","area":19737.872,"selec":"0","selec2":1,"selecBIDI":0,"OTTOPSH":null}},{"arcs":[[-264,486,487,488,-459]],"type":"Polygon","properties":{"CodIbge":"4113452","Cmun":"1345","Municipio":"Lindoeste","CRegIdr":"17","RegIdr":"Cascavel","MesoIdr":"Oeste","area":34616.047,"selec":"1","selec2":1,"selecBIDI":0,"OTTOPSH":null}},{"arcs":[[-397,-406,489,490,491,492]],"type":"Polygon","properties":{"CodIbge":"4107736","Cmun":"0773","Municipio":"Fernandes Pinheiro","CRegIdr":"07","RegIdr":"Irati","MesoIdr":"Centro Sul","area":40448.224,"selec":"1","selec2":1,"selecBIDI":0,"OTTOPSH":null}},{"arcs":[[-283,493,494,-490,-405,-479,495]],"type":"Polygon","properties":{"CodIbge":"4110102","Cmun":"1010","Municipio":"Imbituva","CRegIdr":"07","RegIdr":"Irati","MesoIdr":"Centro Sul","area":76055.227,"selec":"0","selec2":1,"selecBIDI":0,"OTTOPSH":"1"}},{"arcs":[[-268,496,497,-416,498,499,-271,500,501,502,-487]],"type":"Polygon","properties":{"CodIbge":"4104808","Cmun":"0480","Municipio":"Cascavel","CRegIdr":"17","RegIdr":"Cascavel","MesoIdr":"Oeste","area":208699.915,"selec":"1","selec2":1,"selecBIDI":0,"OTTOPSH":"1"}},{"arcs":[[-446,503,504,505]],"type":"Polygon","properties":{"CodIbge":"4128658","Cmun":"2865","Municipio":"Virmond","CRegIdr":"21","RegIdr":"Laranjeiras do Sul","MesoIdr":"Centro","area":24332.719,"selec":"1","selec2":1,"selecBIDI":0,"OTTOPSH":null}},{"arcs":[[-259,506,-409,507,-504,-445]],"type":"Polygon","properties":{"CodIbge":"4104451","Cmun":"0445","Municipio":"Cantagalo","CRegIdr":"05","RegIdr":"Guarapuava","MesoIdr":"Centro","area":58313.963,"selec":"1","selec2":1,"selecBIDI":0,"OTTOPSH":null}},{"arcs":[[-214,-437,-279,508]],"type":"Polygon","properties":{"CodIbge":"4107546","Cmun":"0754","Municipio":"Espigão Alto do Iguaçu","CRegIdr":"21","RegIdr":"Laranjeiras do Sul","MesoIdr":"Centro","area":32605.744,"selec":"0","selec2":1,"selecBIDI":0,"OTTOPSH":null}},{"arcs":[[-215,-509,-278,509,510,511,-261,-444]],"type":"Polygon","properties":{"CodIbge":"4117057","Cmun":"1705","Municipio":"Nova Laranjeiras","CRegIdr":"21","RegIdr":"Laranjeiras do Sul","MesoIdr":"Centro","area":120886.896,"selec":"1","selec2":1,"selecBIDI":0,"OTTOPSH":null}},{"arcs":[[-263,512,513,514,-410,-507]],"type":"Polygon","properties":{"CodIbge":"4108650","Cmun":"0865","Municipio":"Goioxim","CRegIdr":"05","RegIdr":"Guarapuava","MesoIdr":"Centro","area":70281.444,"selec":"0","selec2":1,"selecBIDI":0,"OTTOPSH":null}},{"arcs":[[-23,-52,515,516,517,518,-122,-83]],"type":"Polygon","properties":{"CodIbge":"4102109","Cmun":"0210","Municipio":"Astorga","CRegIdr":"11","RegIdr":"Maringá","MesoIdr":"Noroeste","area":43617.921,"selec":"0","selec2":1,"selecBIDI":1,"OTTOPSH":"1"}},{"arcs":[[-123,-519,519,-305]],"type":"Polygon","properties":{"CodIbge":"4116307","Cmun":"1630","Municipio":"Munhoz de Melo","CRegIdr":"11","RegIdr":"Maringá","MesoIdr":"Noroeste","area":13712.558,"selec":"0","selec2":null,"selecBIDI":1,"OTTOPSH":null}},{"arcs":[[-97,520,521,-347,-292,522,-100]],"type":"Polygon","properties":{"CodIbge":"4116901","Cmun":"1690","Municipio":"Nova Esperança","CRegIdr":"11","RegIdr":"Maringá","MesoIdr":"Noroeste","area":40401.83,"selec":"1","selec2":1,"selecBIDI":1,"OTTOPSH":"1"}},{"arcs":[[-119,-128,523,524,525]],"type":"Polygon","properties":{"CodIbge":"4120333","Cmun":"2033","Municipio":"Prado Ferreira","CRegIdr":"12","RegIdr":"Londrina","MesoIdr":"Norte","area":15290.346,"selec":"0","selec2":null,"selecBIDI":1,"OTTOPSH":null}},{"arcs":[[-77,526,527,528,-135,-352,529,530]],"type":"Polygon","properties":{"CodIbge":"4106407","Cmun":"0640","Municipio":"Cornélio Procópio","CRegIdr":"13","RegIdr":"Cornélio Procópio","MesoIdr":"Norte","area":63569.7,"selec":"1","selec2":1,"selecBIDI":0,"OTTOPSH":null}},{"arcs":[[-231,531,532,533,534,535,536,537,538,-234]],"type":"Polygon","properties":{"CodIbge":"4128104","Cmun":"2810","Municipio":"Umuarama","CRegIdr":"09","RegIdr":"Umuarama","MesoIdr":"Noroeste","area":123426.044,"selec":"1","selec2":1,"selecBIDI":1,"OTTOPSH":"1"}},{"arcs":[[-535,539,540,541]],"type":"Polygon","properties":{"CodIbge":"4118857","Cmun":"1885","Municipio":"Perobal","CRegIdr":"09","RegIdr":"Umuarama","MesoIdr":"Noroeste","area":40785.322,"selec":"1","selec2":1,"selecBIDI":1,"OTTOPSH":"1"}},{"arcs":[[-3,-40,542,543,544,545]],"type":"Polygon","properties":{"CodIbge":"4122602","Cmun":"2260","Municipio":"Rondon","CRegIdr":"22","RegIdr":"Cianorte","MesoIdr":"Noroeste","area":55149.892,"selec":"1","selec2":1,"selecBIDI":1,"OTTOPSH":"1"}},{"arcs":[[-138,546,547,548,549,550,551]],"type":"Polygon","properties":{"CodIbge":"4112900","Cmun":"1290","Municipio":"Jundiaí do Sul","CRegIdr":"14","RegIdr":"Santo Antonio da Platina","MesoIdr":"Norte","area":32028.473,"selec":"0","selec2":1,"selecBIDI":0,"OTTOPSH":null}},{"arcs":[[-9,552,-532,-230,-66]],"type":"Polygon","properties":{"CodIbge":"4114708","Cmun":"1470","Municipio":"Maria Helena","CRegIdr":"09","RegIdr":"Umuarama","MesoIdr":"Noroeste","area":48770.642,"selec":"0","selec2":1,"selecBIDI":1,"OTTOPSH":"1"}},{"arcs":[[-311,553]],"type":"Polygon","properties":{"CodIbge":"4103503","Cmun":"0350","Municipio":"Califórnia","CRegIdr":"20","RegIdr":"Apucarana","MesoIdr":"Norte","area":14158.767,"selec":"1","selec2":1,"selecBIDI":0,"OTTOPSH":null}},{"arcs":[[554,555,556,557,558,559]],"type":"Polygon","properties":{"CodIbge":"4112207","Cmun":"1220","Municipio":"Janiópolis","CRegIdr":"19","RegIdr":"Campo Mourão","MesoIdr":"Noroeste","area":33886.423,"selec":"0","selec2":1,"selecBIDI":1,"OTTOPSH":null}},{"arcs":[[-49,560,561,562]],"type":"Polygon","properties":{"CodIbge":"4112108","Cmun":"1210","Municipio":"Jandaia do Sul","CRegIdr":"20","RegIdr":"Apucarana","MesoIdr":"Norte","area":18902.457,"selec":"1","selec2":1,"selecBIDI":0,"OTTOPSH":"1"}},{"arcs":[[-48,-315,563,564,-561]],"type":"Polygon","properties":{"CodIbge":"4103800","Cmun":"0380","Municipio":"Cambira","CRegIdr":"20","RegIdr":"Apucarana","MesoIdr":"Norte","area":16334.918,"selec":"1","selec2":1,"selecBIDI":0,"OTTOPSH":"1"}},{"arcs":[[-548,565,566,567,568]],"type":"Polygon","properties":{"CodIbge":"4106100","Cmun":"0610","Municipio":"Conselheiro Mairinck","CRegIdr":"14","RegIdr":"Santo Antonio da Platina","MesoIdr":"Norte","area":20450.687,"selec":"1","selec2":1,"selecBIDI":0,"OTTOPSH":null}},{"arcs":[[569,570,571,572]],"type":"Polygon","properties":{"CodIbge":"4115754","Cmun":"1575","Municipio":"Mauá da Serra","CRegIdr":"20","RegIdr":"Apucarana","MesoIdr":"Norte","area":10724.035,"selec":"1","selec2":1,"selecBIDI":0,"OTTOPSH":null}},{"arcs":[[573,574,575,576]],"type":"Polygon","properties":{"CodIbge":"4103370","Cmun":"0337","Municipio":"Brasilândia do Sul","CRegIdr":"09","RegIdr":"Umuarama","MesoIdr":"Noroeste","area":29144.835,"selec":"0","selec2":1,"selecBIDI":1,"OTTOPSH":null}},{"arcs":[[577,578,579,580,581,582]],"type":"Polygon","properties":{"CodIbge":"4123501","Cmun":"2350","Municipio":"Santa Helena","CRegIdr":"18","RegIdr":"Toledo","MesoIdr":"Oeste","area":75869.167,"selec":"1","selec2":1,"selecBIDI":0,"OTTOPSH":null}},{"arcs":[[-371,583,584,585,586,587]],"type":"Polygon","properties":{"CodIbge":"4128609","Cmun":"2860","Municipio":"Verê","CRegIdr":"16","RegIdr":"Francisco Beltrão","MesoIdr":"Sudoeste","area":31329.624,"selec":"0","selec2":1,"selecBIDI":0,"OTTOPSH":null}},{"arcs":[[-272,-500,588,589,590,591]],"type":"Polygon","properties":{"CodIbge":"4103354","Cmun":"0335","Municipio":"Braganey","CRegIdr":"17","RegIdr":"Cascavel","MesoIdr":"Oeste","area":34241.518,"selec":"0","selec2":1,"selecBIDI":0,"OTTOPSH":null}},{"arcs":[[-582,592,593,594,595,596]],"type":"Polygon","properties":{"CodIbge":"4125456","Cmun":"2545","Municipio":"São José das Palmeiras","CRegIdr":"18","RegIdr":"Toledo","MesoIdr":"Oeste","area":18272.592,"selec":"1","selec2":1,"selecBIDI":0,"OTTOPSH":null}},{"arcs":[[-249,597]],"type":"Polygon","properties":{"CodIbge":"4124053","Cmun":"2405","Municipio":"Santa Terezinha de Itaipu","CRegIdr":"17","RegIdr":"Cascavel","MesoIdr":"Oeste","area":26736.227,"selec":"1","selec2":1,"selecBIDI":0,"OTTOPSH":null}},{"arcs":[[-270,598,-281,-436,599,-501]],"type":"Polygon","properties":{"CodIbge":"4105003","Cmun":"0500","Municipio":"Catanduvas","CRegIdr":"17","RegIdr":"Cascavel","MesoIdr":"Oeste","area":58725.125,"selec":"1","selec2":1,"selecBIDI":0,"OTTOPSH":null}},{"arcs":[[-276,600,601,602,603]],"type":"Polygon","properties":{"CodIbge":"4100459","Cmun":"0045","Municipio":"Altamira do Paraná","CRegIdr":"19","RegIdr":"Campo Mourão","MesoIdr":"Noroeste","area":38848.942,"selec":"0","selec2":null,"selecBIDI":0,"OTTOPSH":"1"}},{"arcs":[[-190,604,605,606,-368]],"type":"Polygon","properties":{"CodIbge":"4114351","Cmun":"1435","Municipio":"Manfrinópolis","CRegIdr":"16","RegIdr":"Francisco Beltrão","MesoIdr":"Sudoeste","area":21490.961,"selec":"1","selec2":1,"selecBIDI":0,"OTTOPSH":null}},{"arcs":[[-185,-374,607,608]],"type":"Polygon","properties":{"CodIbge":"4115408","Cmun":"1540","Municipio":"Marmeleiro","CRegIdr":"16","RegIdr":"Francisco Beltrão","MesoIdr":"Sudoeste","area":38804.764,"selec":"1","selec2":1,"selecBIDI":0,"OTTOPSH":null}},{"arcs":[[-179,609,610,611,612,613,614]],"type":"Polygon","properties":{"CodIbge":"4128203","Cmun":"2820","Municipio":"União da Vitória","CRegIdr":"03","RegIdr":"União da Vitória","MesoIdr":"Centro Sul","area":71725.066,"selec":"0","selec2":null,"selecBIDI":0,"OTTOPSH":null}},{"arcs":[[-177,615,616,617]],"type":"Polygon","properties":{"CodIbge":"4108502","Cmun":"0850","Municipio":"General Carneiro","CRegIdr":"03","RegIdr":"União da Vitória","MesoIdr":"Centro Sul","area":107221.927,"selec":"0","selec2":null,"selecBIDI":0,"OTTOPSH":null}},{"arcs":[[-252,618,-491,-495,619]],"type":"Polygon","properties":{"CodIbge":"4127007","Cmun":"2700","Municipio":"Teixeira Soares","CRegIdr":"07","RegIdr":"Irati","MesoIdr":"Centro Sul","area":90177.418,"selec":"1","selec2":1,"selecBIDI":0,"OTTOPSH":null}},{"arcs":[[-441,620,-466,621]],"type":"Polygon","properties":{"CodIbge":"4101200","Cmun":"0120","Municipio":"Antonina","CRegIdr":"01","RegIdr":"Paranaguá","MesoIdr":"Metropolitana e Litoral","area":88777.682,"selec":"1","selec2":1,"selecBIDI":0,"OTTOPSH":null}},{"arcs":[[-617,622,623,624,625]],"type":"Polygon","properties":{"CodIbge":"4117602","Cmun":"1760","Municipio":"Palmas","CRegIdr":"15","RegIdr":"Pato Branco","MesoIdr":"Sudoeste","area":156499.692,"selec":"0","selec2":null,"selecBIDI":0,"OTTOPSH":null}},{"arcs":[[-114,626,-353,627,628]],"type":"Polygon","properties":{"CodIbge":"4120507","Cmun":"2050","Municipio":"Primeiro de Maio","CRegIdr":"12","RegIdr":"Londrina","MesoIdr":"Norte","area":41074.047,"selec":"0","selec2":null,"selecBIDI":1,"OTTOPSH":null}},{"arcs":[[629,630]],"type":"Polygon","properties":{"CodIbge":"4126256","Cmun":"2625","Municipio":"Sarandi","CRegIdr":"11","RegIdr":"Maringá","MesoIdr":"Noroeste","area":10381.486,"selec":"1","selec2":1,"selecBIDI":0,"OTTOPSH":"1"}},{"arcs":[[-159,-306,-520,-518,631]],"type":"Polygon","properties":{"CodIbge":"4110003","Cmun":"1000","Municipio":"Iguaraçu","CRegIdr":"11","RegIdr":"Maringá","MesoIdr":"Noroeste","area":16378.474,"selec":"0","selec2":1,"selecBIDI":1,"OTTOPSH":null}},{"arcs":[[-89,-325,632,-566,-547,-137]],"type":"Polygon","properties":{"CodIbge":"4109005","Cmun":"0900","Municipio":"Guapirama","CRegIdr":"14","RegIdr":"Santo Antonio da Platina","MesoIdr":"Norte","area":18840.026,"selec":"1","selec2":1,"selecBIDI":0,"OTTOPSH":null}},{"arcs":[[633,634,635]],"type":"Polygon","properties":{"CodIbge":"4118451","Cmun":"1845","Municipio":"Pato Bragado","CRegIdr":"18","RegIdr":"Toledo","MesoIdr":"Oeste","area":13664.824,"selec":"1","selec2":1,"selecBIDI":0,"OTTOPSH":null}},{"arcs":[[636,637,638,639,640]],"type":"Polygon","properties":{"CodIbge":"4115853","Cmun":"1585","Municipio":"Mercedes","CRegIdr":"18","RegIdr":"Toledo","MesoIdr":"Oeste","area":19763.381,"selec":"0","selec2":1,"selecBIDI":0,"OTTOPSH":null}},{"arcs":[[641,642,643,644,645]],"type":"Polygon","properties":{"CodIbge":"4125357","Cmun":"2535","Municipio":"São Jorge do Patrocínio","CRegIdr":"09","RegIdr":"Umuarama","MesoIdr":"Noroeste","area":40919.451,"selec":"0","selec2":null,"selecBIDI":1,"OTTOPSH":"1"}},{"arcs":[[-207,646,-575,647,-541,648]],"type":"Polygon","properties":{"CodIbge":"4100707","Cmun":"0070","Municipio":"Alto Piquiri","CRegIdr":"09","RegIdr":"Umuarama","MesoIdr":"Noroeste","area":44845.22,"selec":"0","selec2":1,"selecBIDI":1,"OTTOPSH":null}},{"arcs":[[-244,649,650,-585,651,652]],"type":"Polygon","properties":{"CodIbge":"4107207","Cmun":"0720","Municipio":"Dois Vizinhos","CRegIdr":"23","RegIdr":"Dois Vizinhos","MesoIdr":"Sudoeste","area":41943.824,"selec":"1","selec2":1,"selecBIDI":0,"OTTOPSH":null}},{"arcs":[[-69,653,654,655]],"type":"Polygon","properties":{"CodIbge":"4123956","Cmun":"2395","Municipio":"Santa Mônica","CRegIdr":"10","RegIdr":"Paranavaí","MesoIdr":"Noroeste","area":25938.517,"selec":"0","selec2":null,"selecBIDI":1,"OTTOPSH":null}},{"arcs":[[-433,656,-586,-651,657]],"type":"Polygon","properties":{"CodIbge":"4125209","Cmun":"2520","Municipio":"São Jorge d'Oeste","CRegIdr":"23","RegIdr":"Dois Vizinhos","MesoIdr":"Sudoeste","area":37870.978,"selec":"1","selec2":1,"selecBIDI":0,"OTTOPSH":null}},{"arcs":[[658,659,660,661]],"type":"Polygon","properties":{"CodIbge":"4101655","Cmun":"0165","Municipio":"Arapuã","CRegIdr":"06","RegIdr":"Ivaiporã","MesoIdr":"Norte","area":21769.629,"selec":"0","selec2":1,"selecBIDI":0,"OTTOPSH":null}},{"arcs":[[-29,-107,-160,-632,-517,662,-630,663,-337]],"type":"Polygon","properties":{"CodIbge":"4115200","Cmun":"1520","Municipio":"Maringá","CRegIdr":"11","RegIdr":"Maringá","MesoIdr":"Noroeste","area":48631.85,"selec":"1","selec2":1,"selecBIDI":1,"OTTOPSH":null}},{"arcs":[[-171,664,665,-448,-458,-461,666]],"type":"Polygon","properties":{"CodIbge":"4104501","Cmun":"0450","Municipio":"Capanema","CRegIdr":"16","RegIdr":"Francisco Beltrão","MesoIdr":"Sudoeste","area":41688.719,"selec":"0","selec2":1,"selecBIDI":0,"OTTOPSH":null}},{"arcs":[[-527,667,-551,668,669,670]],"type":"Polygon","properties":{"CodIbge":"4121901","Cmun":"2190","Municipio":"Ribeirão do Pinhal","CRegIdr":"13","RegIdr":"Cornélio Procópio","MesoIdr":"Norte","area":37624.799,"selec":"0","selec2":1,"selecBIDI":0,"OTTOPSH":null}},{"arcs":[[671,672,673,674,675]],"type":"Polygon","properties":{"CodIbge":"4108551","Cmun":"0855","Municipio":"Godoy Moreira","CRegIdr":"06","RegIdr":"Ivaiporã","MesoIdr":"Norte","area":13034.269,"selec":"0","selec2":1,"selecBIDI":0,"OTTOPSH":null}},{"arcs":[[676,677,678,679,680]],"type":"Polygon","properties":{"CodIbge":"4110904","Cmun":"1090","Municipio":"Itaguajé","CRegIdr":"11","RegIdr":"Maringá","MesoIdr":"Noroeste","area":19431.369,"selec":"0","selec2":null,"selecBIDI":1,"OTTOPSH":null}},{"arcs":[[-205,681,-424,682]],"type":"Polygon","properties":{"CodIbge":"4112751","Cmun":"1275","Municipio":"Jesuítas","CRegIdr":"18","RegIdr":"Toledo","MesoIdr":"Oeste","area":24942.275,"selec":"0","selec2":1,"selecBIDI":0,"OTTOPSH":"1"}},{"arcs":[[683,684,685]],"type":"Polygon","properties":{"CodIbge":"4108320","Cmun":"0832","Municipio":"Francisco Alves","CRegIdr":"09","RegIdr":"Umuarama","MesoIdr":"Noroeste","area":31991.382,"selec":"1","selec2":1,"selecBIDI":1,"OTTOPSH":"1"}},{"arcs":[[-39,686,687,688,-543]],"type":"Polygon","properties":{"CodIbge":"4109104","Cmun":"0910","Municipio":"Guaporema","CRegIdr":"22","RegIdr":"Cianorte","MesoIdr":"Noroeste","area":20059.767,"selec":"0","selec2":1,"selecBIDI":1,"OTTOPSH":null}},{"arcs":[[-62,689,690,-344,691]],"type":"Polygon","properties":{"CodIbge":"4126009","Cmun":"2600","Municipio":"São Sebastião da Amoreira","CRegIdr":"13","RegIdr":"Cornélio Procópio","MesoIdr":"Norte","area":22608.423,"selec":"0","selec2":1,"selecBIDI":0,"OTTOPSH":null}},{"arcs":[[-345,-691,692,-528,-671,693]],"type":"Polygon","properties":{"CodIbge":"4117008","Cmun":"1700","Municipio":"Nova Fátima","CRegIdr":"13","RegIdr":"Cornélio Procópio","MesoIdr":"Norte","area":28325.142,"selec":"0","selec2":1,"selecBIDI":0,"OTTOPSH":null}},{"arcs":[[-61,-136,-529,-693,-690]],"type":"Polygon","properties":{"CodIbge":"4116604","Cmun":"1660","Municipio":"Nova América da Colina","CRegIdr":"13","RegIdr":"Cornélio Procópio","MesoIdr":"Norte","area":12923.073,"selec":"0","selec2":1,"selecBIDI":0,"OTTOPSH":null}},{"arcs":[[-101,-523,-291,-307]],"type":"Polygon","properties":{"CodIbge":"4128302","Cmun":"2830","Municipio":"Uniflor","CRegIdr":"11","RegIdr":"Maringá","MesoIdr":"Noroeste","area":9496.399,"selec":"0","selec2":1,"selecBIDI":1,"OTTOPSH":null}},{"arcs":[[694,695,696]],"type":"Polygon","properties":{"CodIbge":"4102752","Cmun":"0275","Municipio":"Bela Vista da Caroba","CRegIdr":"16","RegIdr":"Francisco Beltrão","MesoIdr":"Sudoeste","area":14815.583,"selec":"0","selec2":1,"selecBIDI":0,"OTTOPSH":null}},{"arcs":[[-204,-425,-682]],"type":"Polygon","properties":{"CodIbge":"4110656","Cmun":"1065","Municipio":"Iracema do Oeste","CRegIdr":"18","RegIdr":"Toledo","MesoIdr":"Oeste","area":8189.611,"selec":"0","selec2":1,"selecBIDI":0,"OTTOPSH":null}},{"arcs":[[-488,697,698]],"type":"Polygon","properties":{"CodIbge":"4123824","Cmun":"2382","Municipio":"Santa Lúcia","CRegIdr":"17","RegIdr":"Cascavel","MesoIdr":"Oeste","area":12880.479,"selec":"1","selec2":1,"selecBIDI":0,"OTTOPSH":null}},{"arcs":[[699,700,701,702,703,704,705,706]],"type":"Polygon","properties":{"CodIbge":"4103305","Cmun":"0330","Municipio":"Borrazópolis","CRegIdr":"06","RegIdr":"Ivaiporã","MesoIdr":"Norte","area":33851.183,"selec":"0","selec2":null,"selecBIDI":0,"OTTOPSH":null}},{"arcs":[[707,708,709,710,711,712]],"type":"Polygon","properties":{"CodIbge":"4107009","Cmun":"0700","Municipio":"Curiúva","CRegIdr":"14","RegIdr":"Santo Antonio da Platina","MesoIdr":"Norte","area":57496.107,"selec":"0","selec2":1,"selecBIDI":0,"OTTOPSH":null}},{"arcs":[[-713,713,714]],"type":"Polygon","properties":{"CodIbge":"4107751","Cmun":"0775","Municipio":"Figueira","CRegIdr":"14","RegIdr":"Santo Antonio da Platina","MesoIdr":"Norte","area":12969.35,"selec":"0","selec2":1,"selecBIDI":0,"OTTOPSH":null}},{"arcs":[[-254,715,-288,716,717,718,719,720,721,722]],"type":"Polygon","properties":{"CodIbge":"4127502","Cmun":"2750","Municipio":"Tibagi","CRegIdr":"04","RegIdr":"Ponta Grossa","MesoIdr":"Centro Sul","area":297336.667,"selec":"1","selec2":1,"selecBIDI":0,"OTTOPSH":null}},{"arcs":[[-697,723,724,725,726]],"type":"Polygon","properties":{"CodIbge":"4120358","Cmun":"2035","Municipio":"Pranchita","CRegIdr":"16","RegIdr":"Francisco Beltrão","MesoIdr":"Sudoeste","area":22584.506,"selec":"0","selec2":1,"selecBIDI":0,"OTTOPSH":null}},{"arcs":[[-695,-727,727,728,729]],"type":"Polygon","properties":{"CodIbge":"4119004","Cmun":"1900","Municipio":"Pérola d'Oeste","CRegIdr":"16","RegIdr":"Francisco Beltrão","MesoIdr":"Sudoeste","area":20393.031,"selec":"0","selec2":1,"selecBIDI":0,"OTTOPSH":null}},{"arcs":[[-377,730,731]],"type":"Polygon","properties":{"CodIbge":"4127882","Cmun":"2788","Municipio":"Tunas do Paraná","CRegIdr":"02","RegIdr":"Curitiba","MesoIdr":"Metropolitana e Litoral","area":67271.63,"selec":"0","selec2":1,"selecBIDI":0,"OTTOPSH":null}},{"arcs":[[-378,-732,732,733]],"type":"Polygon","properties":{"CodIbge":"4100202","Cmun":"0020","Municipio":"Adrianópolis","CRegIdr":"02","RegIdr":"Curitiba","MesoIdr":"Metropolitana e Litoral","area":134248.837,"selec":"0","selec2":1,"selecBIDI":0,"OTTOPSH":null}},{"arcs":[[-178,-618,-626,734,735,736,-610]],"type":"Polygon","properties":{"CodIbge":"4102901","Cmun":"0290","Municipio":"Bituruna","CRegIdr":"03","RegIdr":"União da Vitória","MesoIdr":"Centro Sul","area":123784.331,"selec":"0","selec2":null,"selecBIDI":0,"OTTOPSH":null}},{"arcs":[[-209,-218,737,738,739,740,741,742,-228]],"type":"Polygon","properties":{"CodIbge":"4105409","Cmun":"0540","Municipio":"Chopinzinho","CRegIdr":"15","RegIdr":"Pato Branco","MesoIdr":"Sudoeste","area":95865.854,"selec":"1","selec2":1,"selecBIDI":0,"OTTOPSH":null}},{"arcs":[[-222,743,744,745,746,747,748,749,-430,-223]],"type":"Polygon","properties":{"CodIbge":"4113205","Cmun":"1320","Municipio":"Lapa","CRegIdr":"02","RegIdr":"Curitiba","MesoIdr":"Metropolitana e Litoral","area":209845.2,"selec":"0","selec2":1,"selecBIDI":0,"OTTOPSH":null}},{"arcs":[[-229,-743,750,751,-587,-657,-432]],"type":"Polygon","properties":{"CodIbge":"4124806","Cmun":"2480","Municipio":"São João","CRegIdr":"15","RegIdr":"Pato Branco","MesoIdr":"Sudoeste","area":38529.128,"selec":"1","selec2":1,"selecBIDI":0,"OTTOPSH":null}},{"arcs":[[-194,-372,-588,-752,752,-364]],"type":"Polygon","properties":{"CodIbge":"4111209","Cmun":"1120","Municipio":"Itapejara d'Oeste","CRegIdr":"15","RegIdr":"Pato Branco","MesoIdr":"Sudoeste","area":25385.548,"selec":"0","selec2":1,"selecBIDI":0,"OTTOPSH":null}},{"arcs":[[-220,-227,-477,-468,-388,753,754]],"type":"Polygon","properties":{"CodIbge":"4101804","Cmun":"0180","Municipio":"Araucária","CRegIdr":"02","RegIdr":"Curitiba","MesoIdr":"Metropolitana e Litoral","area":47001.981,"selec":"0","selec2":1,"selecBIDI":0,"OTTOPSH":null}},{"arcs":[[-318,755,756,757,758,759,760]],"type":"Polygon","properties":{"CodIbge":"4101705","Cmun":"0170","Municipio":"Araruna","CRegIdr":"19","RegIdr":"Campo Mourão","MesoIdr":"Noroeste","area":49401.933,"selec":"0","selec2":1,"selecBIDI":1,"OTTOPSH":"1"}},{"arcs":[[-6,761,-760,762,-558,763,764]],"type":"Polygon","properties":{"CodIbge":"4127908","Cmun":"2790","Municipio":"Tuneiras do Oeste","CRegIdr":"22","RegIdr":"Cianorte","MesoIdr":"Noroeste","area":70078.302,"selec":"1","selec2":1,"selecBIDI":1,"OTTOPSH":null}},{"arcs":[[-170,765,-729,766,-665]],"type":"Polygon","properties":{"CodIbge":"4119806","Cmun":"1980","Municipio":"Planalto","CRegIdr":"16","RegIdr":"Francisco Beltrão","MesoIdr":"Sudoeste","area":34684.701,"selec":"0","selec2":1,"selecBIDI":0,"OTTOPSH":null}},{"arcs":[[-740,767,768,769,770]],"type":"Polygon","properties":{"CodIbge":"4108452","Cmun":"0845","Municipio":"Foz do Jordão","CRegIdr":"05","RegIdr":"Guarapuava","MesoIdr":"Centro","area":23076.301,"selec":"1","selec2":1,"selecBIDI":0,"OTTOPSH":null}},{"arcs":[[-399,771,772,773,774,775,776]],"type":"Polygon","properties":{"CodIbge":"4125605","Cmun":"2560","Municipio":"São Mateus do Sul","CRegIdr":"03","RegIdr":"União da Vitória","MesoIdr":"Centro Sul","area":134206.43,"selec":"0","selec2":null,"selecBIDI":0,"OTTOPSH":null}},{"arcs":[[-198,777,778,-245,-653,779]],"type":"Polygon","properties":{"CodIbge":"4123006","Cmun":"2300","Municipio":"Salto do Lontra","CRegIdr":"23","RegIdr":"Dois Vizinhos","MesoIdr":"Sudoeste","area":31244.544,"selec":"1","selec2":1,"selecBIDI":0,"OTTOPSH":null}},{"arcs":[[-174,780,-778,-197,781]],"type":"Polygon","properties":{"CodIbge":"4123808","Cmun":"2380","Municipio":"Santa Izabel do Oeste","CRegIdr":"16","RegIdr":"Francisco Beltrão","MesoIdr":"Sudoeste","area":32227.861,"selec":"1","selec2":1,"selecBIDI":0,"OTTOPSH":null}},{"arcs":[[-165,782,783,784]],"type":"Polygon","properties":{"CodIbge":"4115705","Cmun":"1570","Municipio":"Matinhos","CRegIdr":"01","RegIdr":"Paranaguá","MesoIdr":"Metropolitana e Litoral","area":11649.045,"selec":"0","selec2":1,"selecBIDI":0,"OTTOPSH":null}},{"arcs":[[-164,-467,-621,-440,785,786,-783]],"type":"Polygon","properties":{"CodIbge":"4118204","Cmun":"1820","Municipio":"Paranaguá","CRegIdr":"01","RegIdr":"Paranaguá","MesoIdr":"Metropolitana e Litoral","area":80932.895,"selec":"1","selec2":1,"selecBIDI":0,"OTTOPSH":null}},{"arcs":[[-612,787,788,-776,789]],"type":"Polygon","properties":{"CodIbge":"4113908","Cmun":"1390","Municipio":"Mallet","CRegIdr":"07","RegIdr":"Irati","MesoIdr":"Centro Sul","area":75198.741,"selec":"0","selec2":null,"selecBIDI":0,"OTTOPSH":null}},{"arcs":[[-400,-777,-789,790,-402]],"type":"Polygon","properties":{"CodIbge":"4122008","Cmun":"2200","Municipio":"Rio Azul","CRegIdr":"07","RegIdr":"Irati","MesoIdr":"Centro Sul","area":60083.455,"selec":"0","selec2":1,"selecBIDI":0,"OTTOPSH":null}},{"arcs":[[-611,-737,791,792,-788]],"type":"Polygon","properties":{"CodIbge":"4106803","Cmun":"0680","Municipio":"Cruz Machado","CRegIdr":"03","RegIdr":"União da Vitória","MesoIdr":"Centro Sul","area":147702.023,"selec":"0","selec2":null,"selecBIDI":0,"OTTOPSH":null}},{"arcs":[[-403,-791,-793,793,-414,-480]],"type":"Polygon","properties":{"CodIbge":"4110201","Cmun":"1020","Municipio":"Inácio Martins","CRegIdr":"07","RegIdr":"Irati","MesoIdr":"Centro Sul","area":93863.163,"selec":"0","selec2":1,"selecBIDI":0,"OTTOPSH":"1"}},{"arcs":[[-284,-496,-478]],"type":"Polygon","properties":{"CodIbge":"4108957","Cmun":"0895","Municipio":"Guamiranga","CRegIdr":"07","RegIdr":"Irati","MesoIdr":"Centro Sul","area":24354.963,"selec":"0","selec2":1,"selecBIDI":0,"OTTOPSH":"1"}},{"arcs":[[-454,794,795,796]],"type":"Polygon","properties":{"CodIbge":"4121257","Cmun":"2125","Municipio":"Ramilândia","CRegIdr":"17","RegIdr":"Cascavel","MesoIdr":"Oeste","area":24007.525,"selec":"0","selec2":1,"selecBIDI":0,"OTTOPSH":null}},{"arcs":[[-298,797,798,799,-677,800]],"type":"Polygon","properties":{"CodIbge":"4118303","Cmun":"1830","Municipio":"Paranapoema","CRegIdr":"10","RegIdr":"Paranavaí","MesoIdr":"Noroeste","area":17825.842,"selec":"0","selec2":null,"selecBIDI":1,"OTTOPSH":null}},{"arcs":[[-269,-282,-599]],"type":"Polygon","properties":{"CodIbge":"4109757","Cmun":"0975","Municipio":"Ibema","CRegIdr":"17","RegIdr":"Cascavel","MesoIdr":"Oeste","area":15026.013,"selec":"1","selec2":1,"selecBIDI":0,"OTTOPSH":null}},{"arcs":[[-72,801,-688,802,-149]],"type":"Polygon","properties":{"CodIbge":"4115903","Cmun":"1590","Municipio":"Mirador","CRegIdr":"10","RegIdr":"Paranavaí","MesoIdr":"Noroeste","area":22220.329,"selec":"0","selec2":1,"selecBIDI":1,"OTTOPSH":"1"}},{"arcs":[[-38,803,804,-150,-803,-687]],"type":"Polygon","properties":{"CodIbge":"4100905","Cmun":"0090","Municipio":"Amaporã","CRegIdr":"10","RegIdr":"Paranavaí","MesoIdr":"Noroeste","area":38402.007,"selec":"0","selec2":1,"selecBIDI":1,"OTTOPSH":null}},{"arcs":[[-674,805,806,807,808,809,810,811]],"type":"Polygon","properties":{"CodIbge":"4102505","Cmun":"0250","Municipio":"Barbosa Ferraz","CRegIdr":"19","RegIdr":"Campo Mourão","MesoIdr":"Noroeste","area":53467.897,"selec":"0","selec2":1,"selecBIDI":0,"OTTOPSH":null}},{"arcs":[[-811,812,813,814,815,816]],"type":"Polygon","properties":{"CodIbge":"4107702","Cmun":"0770","Municipio":"Fênix","CRegIdr":"19","RegIdr":"Campo Mourão","MesoIdr":"Noroeste","area":23384.177,"selec":"0","selec2":1,"selecBIDI":0,"OTTOPSH":null}},{"arcs":[[817,818,819,820,821]],"type":"Polygon","properties":{"CodIbge":"4122651","Cmun":"2265","Municipio":"Rosário do Ivaí","CRegIdr":"06","RegIdr":"Ivaiporã","MesoIdr":"Norte","area":37785.183,"selec":"0","selec2":1,"selecBIDI":0,"OTTOPSH":null}},{"arcs":[[-151,-805,822,823,824,825]],"type":"Polygon","properties":{"CodIbge":"4108908","Cmun":"0890","Municipio":"Guairaçá","CRegIdr":"10","RegIdr":"Paranavaí","MesoIdr":"Noroeste","area":49577.709,"selec":"0","selec2":null,"selecBIDI":1,"OTTOPSH":"1"}},{"arcs":[[-816,826,827,828,829,830]],"type":"Polygon","properties":{"CodIbge":"4125803","Cmun":"2580","Municipio":"São Pedro do Ivaí","CRegIdr":"06","RegIdr":"Ivaiporã","MesoIdr":"Norte","area":32290.858,"selec":"0","selec2":1,"selecBIDI":0,"OTTOPSH":null}},{"arcs":[[-50,-563,831,-828,832,833]],"type":"Polygon","properties":{"CodIbge":"4103206","Cmun":"0320","Municipio":"Bom Sucesso","CRegIdr":"20","RegIdr":"Apucarana","MesoIdr":"Norte","area":32150.058,"selec":"0","selec2":1,"selecBIDI":0,"OTTOPSH":null}},{"arcs":[[-784,-787,834]],"type":"Polygon","properties":{"CodIbge":"4119954","Cmun":"1995","Municipio":"Pontal do Paraná","CRegIdr":"01","RegIdr":"Paranaguá","MesoIdr":"Metropolitana e Litoral","area":20272.543,"selec":"0","selec2":1,"selecBIDI":0,"OTTOPSH":null}},{"arcs":[[-514,835,836,837,838,839]],"type":"Polygon","properties":{"CodIbge":"4123857","Cmun":"2385","Municipio":"Santa Maria do Oeste","CRegIdr":"05","RegIdr":"Pitanga","MesoIdr":"Centro","area":83159.936,"selec":"0","selec2":1,"selecBIDI":0,"OTTOPSH":null}},{"arcs":[[-838,840,841,842]],"type":"Polygon","properties":{"CodIbge":"4103040","Cmun":"0304","Municipio":"Boa Ventura de São Roque","CRegIdr":"05","RegIdr":"Pitanga","MesoIdr":"Centro","area":62143.041,"selec":"1","selec2":1,"selecBIDI":0,"OTTOPSH":null}},{"arcs":[[-411,-515,-840,843]],"type":"Polygon","properties":{"CodIbge":"4103958","Cmun":"0395","Municipio":"Campina do Simão","CRegIdr":"05","RegIdr":"Guarapuava","MesoIdr":"Centro","area":45026.535,"selec":"0","selec2":1,"selecBIDI":0,"OTTOPSH":null}},{"arcs":[[-262,-512,844,845,846,847,848,-836,-513]],"type":"Polygon","properties":{"CodIbge":"4117800","Cmun":"1780","Municipio":"Palmital","CRegIdr":"05","RegIdr":"Pitanga","MesoIdr":"Centro","area":81762.524,"selec":"0","selec2":null,"selecBIDI":0,"OTTOPSH":null}},{"arcs":[[-277,-604,849,-510]],"type":"Polygon","properties":{"CodIbge":"4107124","Cmun":"0712","Municipio":"Diamante do Sul","CRegIdr":"21","RegIdr":"Laranjeiras do Sul","MesoIdr":"Centro","area":34716.928,"selec":"1","selec2":1,"selecBIDI":0,"OTTOPSH":null}},{"arcs":[[-238,850,-385,851,-474,-256,852,-722,853]],"type":"Polygon","properties":{"CodIbge":"4104907","Cmun":"0490","Municipio":"Castro","CRegIdr":"04","RegIdr":"Ponta Grossa","MesoIdr":"Centro Sul","area":252616.213,"selec":"1","selec2":1,"selecBIDI":0,"OTTOPSH":null}},{"arcs":[[-456,854,855,-462]],"type":"Polygon","properties":{"CodIbge":"4128559","Cmun":"2855","Municipio":"Vera Cruz do Oeste","CRegIdr":"17","RegIdr":"Cascavel","MesoIdr":"Oeste","area":33095.096,"selec":"0","selec2":1,"selecBIDI":0,"OTTOPSH":null}},{"arcs":[[-266,-463,-856,856,-596,857,858]],"type":"Polygon","properties":{"CodIbge":"4125753","Cmun":"2575","Municipio":"São Pedro do Iguaçu","CRegIdr":"18","RegIdr":"Toledo","MesoIdr":"Oeste","area":30906.369,"selec":"1","selec2":1,"selecBIDI":0,"OTTOPSH":null}},{"arcs":[[-241,859,860,861]],"type":"Polygon","properties":{"CodIbge":"4126306","Cmun":"2630","Municipio":"Sengés","CRegIdr":"04","RegIdr":"Ponta Grossa","MesoIdr":"Centro Sul","area":144050.135,"selec":"0","selec2":null,"selecBIDI":0,"OTTOPSH":null}},{"arcs":[[-595,862,863,-858]],"type":"Polygon","properties":{"CodIbge":"4117453","Cmun":"1745","Municipio":"Ouro Verde do Oeste","CRegIdr":"18","RegIdr":"Toledo","MesoIdr":"Oeste","area":29411.773,"selec":"1","selec2":1,"selecBIDI":0,"OTTOPSH":null}},{"arcs":[[-253,-620,-494,-289,-716]],"type":"Polygon","properties":{"CodIbge":"4110508","Cmun":"1050","Municipio":"Ipiranga","CRegIdr":"04","RegIdr":"Ponta Grossa","MesoIdr":"Centro Sul","area":92616.535,"selec":"1","selec2":1,"selecBIDI":0,"OTTOPSH":null}},{"arcs":[[-417,-498,864,865,-422]],"type":"Polygon","properties":{"CodIbge":"4127957","Cmun":"2795","Municipio":"Tupãssi","CRegIdr":"18","RegIdr":"Toledo","MesoIdr":"Oeste","area":29982.389,"selec":"0","selec2":1,"selecBIDI":0,"OTTOPSH":"1"}},{"arcs":[[-273,-592,866,867,868,869,-601,-275]],"type":"Polygon","properties":{"CodIbge":"4103909","Cmun":"0390","Municipio":"Campina da Lagoa","CRegIdr":"19","RegIdr":"Campo Mourão","MesoIdr":"Noroeste","area":79909.524,"selec":"0","selec2":1,"selecBIDI":0,"OTTOPSH":"1"}},{"arcs":[[-255,-723,-853]],"type":"Polygon","properties":{"CodIbge":"4104659","Cmun":"0465","Municipio":"Carambeí","CRegIdr":"04","RegIdr":"Ponta Grossa","MesoIdr":"Centro Sul","area":64874.925,"selec":"1","selec2":1,"selecBIDI":0,"OTTOPSH":null}},{"arcs":[[-412,-844,-839,-843,870,-481]],"type":"Polygon","properties":{"CodIbge":"4127965","Cmun":"2796","Municipio":"Turvo","CRegIdr":"05","RegIdr":"Guarapuava","MesoIdr":"Centro","area":93482.787,"selec":"1","selec2":1,"selecBIDI":0,"OTTOPSH":null}},{"arcs":[[-286,-482,-871,-842,871,872,873,874,-818,875]],"type":"Polygon","properties":{"CodIbge":"4104402","Cmun":"0440","Municipio":"Cândido de Abreu","CRegIdr":"06","RegIdr":"Pitanga","MesoIdr":"Centro","area":150818.98,"selec":"0","selec2":null,"selecBIDI":0,"OTTOPSH":null}},{"arcs":[[-511,-850,-603,876,-845]],"type":"Polygon","properties":{"CodIbge":"4113254","Cmun":"1325","Municipio":"Laranjal","CRegIdr":"05","RegIdr":"Pitanga","MesoIdr":"Centro","area":55863.395,"selec":"0","selec2":1,"selecBIDI":0,"OTTOPSH":null}},{"arcs":[[-602,-870,877,878,-846,-877]],"type":"Polygon","properties":{"CodIbge":"4116802","Cmun":"1680","Municipio":"Nova Cantú","CRegIdr":"19","RegIdr":"Campo Mourão","MesoIdr":"Noroeste","area":55332.649,"selec":"0","selec2":1,"selecBIDI":0,"OTTOPSH":null}},{"arcs":[[-594,879,-635,880,-641,881,882,883,-863]],"type":"Polygon","properties":{"CodIbge":"4114609","Cmun":"1460","Municipio":"Marechal Cândido Rondon","CRegIdr":"18","RegIdr":"Toledo","MesoIdr":"Oeste","area":74765.552,"selec":"1","selec2":1,"selecBIDI":0,"OTTOPSH":null}},{"arcs":[[-837,-849,884,885,886,887,-872,-841]],"type":"Polygon","properties":{"CodIbge":"4119608","Cmun":"1960","Municipio":"Pitanga","CRegIdr":"05","RegIdr":"Pitanga","MesoIdr":"Centro","area":166477.981,"selec":"1","selec2":1,"selecBIDI":0,"OTTOPSH":null}},{"arcs":[[-192,888,889,-608,-373]],"type":"Polygon","properties":{"CodIbge":"4121604","Cmun":"2160","Municipio":"Renascença","CRegIdr":"16","RegIdr":"Francisco Beltrão","MesoIdr":"Sudoeste","area":42585.074,"selec":"1","selec2":1,"selecBIDI":0,"OTTOPSH":null}},{"arcs":[[-237,890,-733,-731,-376,-386,-851]],"type":"Polygon","properties":{"CodIbge":"4105201","Cmun":"0520","Municipio":"Cerro Azul","CRegIdr":"02","RegIdr":"Curitiba","MesoIdr":"Metropolitana e Litoral","area":135033.79,"selec":"0","selec2":null,"selecBIDI":0,"OTTOPSH":null}},{"arcs":[[-848,891,-885]],"type":"Polygon","properties":{"CodIbge":"4115739","Cmun":"1573","Municipio":"Mato Rico","CRegIdr":"05","RegIdr":"Pitanga","MesoIdr":"Centro","area":39636.546,"selec":"0","selec2":1,"selecBIDI":0,"OTTOPSH":null}},{"arcs":[[-847,-879,892,893,894,-886,-892]],"type":"Polygon","properties":{"CodIbge":"4122503","Cmun":"2250","Municipio":"Roncador","CRegIdr":"19","RegIdr":"Campo Mourão","MesoIdr":"Noroeste","area":74149.632,"selec":"0","selec2":1,"selecBIDI":0,"OTTOPSH":null}},{"arcs":[[-415,-421,895,896,897,-589,-499]],"type":"Polygon","properties":{"CodIbge":"4106308","Cmun":"0630","Municipio":"Corbélia","CRegIdr":"17","RegIdr":"Cascavel","MesoIdr":"Oeste","area":52836.312,"selec":"1","selec2":1,"selecBIDI":0,"OTTOPSH":null}},{"arcs":[[-590,-898,898,899]],"type":"Polygon","properties":{"CodIbge":"4110052","Cmun":"1005","Municipio":"Iguatu","CRegIdr":"17","RegIdr":"Cascavel","MesoIdr":"Oeste","area":10729.047,"selec":"0","selec2":1,"selecBIDI":0,"OTTOPSH":null}},{"arcs":[[-897,900,-899]],"type":"Polygon","properties":{"CodIbge":"4101051","Cmun":"0105","Municipio":"Anahy","CRegIdr":"17","RegIdr":"Cascavel","MesoIdr":"Oeste","area":10513.202,"selec":"0","selec2":1,"selecBIDI":0,"OTTOPSH":null}},{"arcs":[[-420,901,902,903,-867,-591,-900,-901,-896]],"type":"Polygon","properties":{"CodIbge":"4128005","Cmun":"2800","Municipio":"Ubiratã","CRegIdr":"19","RegIdr":"Campo Mourão","MesoIdr":"Noroeste","area":65321.146,"selec":"1","selec2":1,"selecBIDI":0,"OTTOPSH":"1"}},{"arcs":[[-868,-904,904,905,906]],"type":"Polygon","properties":{"CodIbge":"4112959","Cmun":"1295","Municipio":"Juranda","CRegIdr":"19","RegIdr":"Campo Mourão","MesoIdr":"Noroeste","area":35427.251,"selec":"1","selec2":1,"selecBIDI":1,"OTTOPSH":"1"}},{"arcs":[[-640,907,908,909,910,911,-882]],"type":"Polygon","properties":{"CodIbge":"4117222","Cmun":"1722","Municipio":"Nova Santa Rosa","CRegIdr":"18","RegIdr":"Toledo","MesoIdr":"Oeste","area":20483.249,"selec":"1","selec2":1,"selecBIDI":0,"OTTOPSH":null}},{"arcs":[[-883,-912,912]],"type":"Polygon","properties":{"CodIbge":"4120853","Cmun":"2085","Municipio":"Quatro Pontes","CRegIdr":"18","RegIdr":"Toledo","MesoIdr":"Oeste","area":11568.125,"selec":"0","selec2":1,"selecBIDI":0,"OTTOPSH":null}},{"arcs":[[-267,-859,-864,-884,-913,-911,913,914,-865,-497]],"type":"Polygon","properties":{"CodIbge":"4127700","Cmun":"2770","Municipio":"Toledo","CRegIdr":"18","RegIdr":"Toledo","MesoIdr":"Oeste","area":119449.477,"selec":"1","selec2":1,"selecBIDI":0,"OTTOPSH":"1"}},{"arcs":[[-660,915,916,-873,-888,917]],"type":"Polygon","properties":{"CodIbge":"4114500","Cmun":"1450","Municipio":"Manoel Ribas","CRegIdr":"06","RegIdr":"Pitanga","MesoIdr":"Centro","area":57168.141,"selec":"0","selec2":1,"selecBIDI":0,"OTTOPSH":null}},{"arcs":[[-874,-917,918,919]],"type":"Polygon","properties":{"CodIbge":"4101853","Cmun":"0185","Municipio":"Ariranha do Ivaí","CRegIdr":"06","RegIdr":"Ivaiporã","MesoIdr":"Norte","area":24053.808,"selec":"0","selec2":null,"selecBIDI":0,"OTTOPSH":null}},{"arcs":[[-661,-918,-887,-895,920,921]],"type":"Polygon","properties":{"CodIbge":"4117271","Cmun":"1727","Municipio":"Nova Tebas","CRegIdr":"06","RegIdr":"Pitanga","MesoIdr":"Centro","area":54550.3,"selec":"1","selec2":1,"selecBIDI":0,"OTTOPSH":null}},{"arcs":[[-673,922,-921,-894,923,-806]],"type":"Polygon","properties":{"CodIbge":"4110805","Cmun":"1080","Municipio":"Iretama","CRegIdr":"19","RegIdr":"Campo Mourão","MesoIdr":"Noroeste","area":57100.559,"selec":"1","selec2":1,"selecBIDI":0,"OTTOPSH":null}},{"arcs":[[-910,924,925,-914]],"type":"Polygon","properties":{"CodIbge":"4115358","Cmun":"1535","Municipio":"Maripá","CRegIdr":"18","RegIdr":"Toledo","MesoIdr":"Oeste","area":28358.172,"selec":"1","selec2":1,"selecBIDI":0,"OTTOPSH":"1"}},{"arcs":[[-202,926,927,-902,-419]],"type":"Polygon","properties":{"CodIbge":"4120655","Cmun":"2065","Municipio":"Quarto Centenário","CRegIdr":"19","RegIdr":"Campo Mourão","MesoIdr":"Noroeste","area":32246.004,"selec":"0","selec2":1,"selecBIDI":1,"OTTOPSH":null}},{"arcs":[[-555,-905,-903,-928,928]],"type":"Polygon","properties":{"CodIbge":"4121356","Cmun":"2135","Municipio":"Rancho Alegre D'Oeste","CRegIdr":"19","RegIdr":"Campo Mourão","MesoIdr":"Noroeste","area":23992.784,"selec":"0","selec2":1,"selecBIDI":1,"OTTOPSH":null}},{"arcs":[[929,930,931,-718]],"type":"Polygon","properties":{"CodIbge":"4110078","Cmun":"1007","Municipio":"Imbaú","CRegIdr":"04","RegIdr":"Ponta Grossa","MesoIdr":"Centro Sul","area":33166.373,"selec":"1","selec2":1,"selecBIDI":0,"OTTOPSH":null}},{"arcs":[[-206,-683,-423,-866,-915,-926,932,933,-576,-647]],"type":"Polygon","properties":{"CodIbge":"4102000","Cmun":"0200","Municipio":"Assis Chateaubriand","CRegIdr":"18","RegIdr":"Toledo","MesoIdr":"Oeste","area":97806.251,"selec":"0","selec2":1,"selecBIDI":0,"OTTOPSH":"1"}},{"arcs":[[-659,934,935,936,-919,-916]],"type":"Polygon","properties":{"CodIbge":"4111506","Cmun":"1150","Municipio":"Ivaiporã","CRegIdr":"06","RegIdr":"Ivaiporã","MesoIdr":"Norte","area":43092.062,"selec":"0","selec2":null,"selecBIDI":0,"OTTOPSH":null}},{"arcs":[[-239,-854,-721,937,938,939]],"type":"Polygon","properties":{"CodIbge":"4119400","Cmun":"1940","Municipio":"Piraí do Sul","CRegIdr":"04","RegIdr":"Ponta Grossa","MesoIdr":"Centro Sul","area":134394.31,"selec":"1","selec2":1,"selecBIDI":0,"OTTOPSH":null}},{"arcs":[[-240,-940,940,941,-860]],"type":"Polygon","properties":{"CodIbge":"4112009","Cmun":"1200","Municipio":"Jaguariaíva","CRegIdr":"04","RegIdr":"Ponta Grossa","MesoIdr":"Centro Sul","area":144730.379,"selec":"0","selec2":1,"selecBIDI":0,"OTTOPSH":null}},{"arcs":[[-201,942,943,-556,-929,-927]],"type":"Polygon","properties":{"CodIbge":"4108601","Cmun":"0860","Municipio":"Goioerê","CRegIdr":"19","RegIdr":"Campo Mourão","MesoIdr":"Noroeste","area":56458.404,"selec":"0","selec2":null,"selecBIDI":1,"OTTOPSH":null}},{"arcs":[[-560,944,945,-906]],"type":"Polygon","properties":{"CodIbge":"4103008","Cmun":"0300","Municipio":"Boa Esperança","CRegIdr":"19","RegIdr":"Campo Mourão","MesoIdr":"Noroeste","area":30144.919,"selec":"0","selec2":1,"selecBIDI":1,"OTTOPSH":null}},{"arcs":[[-208,-649,-540,-534,946,947,-943]],"type":"Polygon","properties":{"CodIbge":"4115101","Cmun":"1510","Municipio":"Mariluz","CRegIdr":"09","RegIdr":"Umuarama","MesoIdr":"Noroeste","area":42976.084,"selec":"0","selec2":1,"selecBIDI":1,"OTTOPSH":null}},{"arcs":[[-809,948,949]],"type":"Polygon","properties":{"CodIbge":"4106555","Cmun":"0655","Municipio":"Corumbataí do Sul","CRegIdr":"19","RegIdr":"Campo Mourão","MesoIdr":"Noroeste","area":16789.011,"selec":"0","selec2":1,"selecBIDI":0,"OTTOPSH":null}},{"arcs":[[-557,-944,-948,950,-764]],"type":"Polygon","properties":{"CodIbge":"4116109","Cmun":"1610","Municipio":"Moreira Sales","CRegIdr":"19","RegIdr":"Campo Mourão","MesoIdr":"Noroeste","area":35383.302,"selec":"0","selec2":1,"selecBIDI":1,"OTTOPSH":null}},{"arcs":[[-710,951,-719,-932,952]],"type":"Polygon","properties":{"CodIbge":"4127106","Cmun":"2710","Municipio":"Telêmaco Borba","CRegIdr":"04","RegIdr":"Ponta Grossa","MesoIdr":"Centro Sul","area":138260.355,"selec":"0","selec2":1,"selecBIDI":0,"OTTOPSH":null}},{"arcs":[[-709,953,954,-938,-720,-952]],"type":"Polygon","properties":{"CodIbge":"4128534","Cmun":"2853","Municipio":"Ventania","CRegIdr":"04","RegIdr":"Ponta Grossa","MesoIdr":"Centro Sul","area":81787.272,"selec":"1","selec2":1,"selecBIDI":0,"OTTOPSH":null}},{"arcs":[[-676,955,-703,956,957]],"type":"Polygon","properties":{"CodIbge":"4113759","Cmun":"1375","Municipio":"Lunardelli","CRegIdr":"06","RegIdr":"Ivaiporã","MesoIdr":"Norte","area":19696.783,"selec":"0","selec2":null,"selecBIDI":0,"OTTOPSH":null}},{"arcs":[[-675,-812,-817,-831,958,-704,-956]],"type":"Polygon","properties":{"CodIbge":"4125001","Cmun":"2500","Municipio":"São João do Ivaí","CRegIdr":"06","RegIdr":"Ivaiporã","MesoIdr":"Norte","area":35260.351,"selec":"0","selec2":null,"selecBIDI":0,"OTTOPSH":null}},{"arcs":[[-639,959,960,961,-685,962,-908]],"type":"Polygon","properties":{"CodIbge":"4127403","Cmun":"2740","Municipio":"Terra Roxa","CRegIdr":"18","RegIdr":"Toledo","MesoIdr":"Oeste","area":80073.959,"selec":"0","selec2":1,"selecBIDI":1,"OTTOPSH":null}},{"arcs":[[-577,-934,963,-686,-962,964,965,966]],"type":"Polygon","properties":{"CodIbge":"4110607","Cmun":"1060","Municipio":"Iporã","CRegIdr":"09","RegIdr":"Umuarama","MesoIdr":"Noroeste","area":65451.301,"selec":"1","selec2":1,"selecBIDI":1,"OTTOPSH":"1"}},{"arcs":[[-702,967,968,969,-957]],"type":"Polygon","properties":{"CodIbge":"4113429","Cmun":"1342","Municipio":"Lidianópolis","CRegIdr":"06","RegIdr":"Ivaiporã","MesoIdr":"Norte","area":15281.548,"selec":"0","selec2":null,"selecBIDI":0,"OTTOPSH":null}},{"arcs":[[-939,-955,970,971,972,973,974,-941]],"type":"Polygon","properties":{"CodIbge":"4101606","Cmun":"0160","Municipio":"Arapoti","CRegIdr":"04","RegIdr":"Ponta Grossa","MesoIdr":"Centro Sul","area":136453.515,"selec":"1","selec2":1,"selecBIDI":0,"OTTOPSH":null}},{"arcs":[[-680,975,976,977]],"type":"Polygon","properties":{"CodIbge":"4123600","Cmun":"2360","Municipio":"Santa Inês","CRegIdr":"11","RegIdr":"Maringá","MesoIdr":"Noroeste","area":15629.216,"selec":"0","selec2":null,"selecBIDI":1,"OTTOPSH":null}},{"arcs":[[-7,-765,-951,-947,-533,-553,-8]],"type":"Polygon","properties":{"CodIbge":"4106605","Cmun":"0660","Municipio":"Cruzeiro do Oeste","CRegIdr":"09","RegIdr":"Umuarama","MesoIdr":"Noroeste","area":77542.215,"selec":"1","selec2":1,"selecBIDI":1,"OTTOPSH":null}},{"arcs":[[-536,-542,-648,-574,-967,978,979]],"type":"Polygon","properties":{"CodIbge":"4103479","Cmun":"0347","Municipio":"Cafezal do Sul","CRegIdr":"09","RegIdr":"Umuarama","MesoIdr":"Noroeste","area":33145.32,"selec":"1","selec2":1,"selecBIDI":1,"OTTOPSH":"1"}},{"arcs":[[-645,980,981,-979,-966,982]],"type":"Polygon","properties":{"CodIbge":"4118907","Cmun":"1890","Municipio":"Pérola","CRegIdr":"09","RegIdr":"Umuarama","MesoIdr":"Noroeste","area":23472.335,"selec":"0","selec2":1,"selecBIDI":1,"OTTOPSH":"1"}},{"arcs":[[-537,-980,-982,983,984]],"type":"Polygon","properties":{"CodIbge":"4128807","Cmun":"2880","Municipio":"Xambrê","CRegIdr":"09","RegIdr":"Umuarama","MesoIdr":"Noroeste","area":35925.163,"selec":"0","selec2":1,"selecBIDI":1,"OTTOPSH":"1"}},{"arcs":[[-701,985,986,-968]],"type":"Polygon","properties":{"CodIbge":"4106852","Cmun":"0685","Municipio":"Cruzmaltina","CRegIdr":"06","RegIdr":"Ivaiporã","MesoIdr":"Norte","area":30618.986,"selec":"0","selec2":1,"selecBIDI":0,"OTTOPSH":null}},{"arcs":[[-861,-942,-975,987,988,989]],"type":"Polygon","properties":{"CodIbge":"4125407","Cmun":"2540","Municipio":"São José da Boa Vista","CRegIdr":"14","RegIdr":"Santo Antonio da Platina","MesoIdr":"Norte","area":39913.836,"selec":"0","selec2":null,"selecBIDI":0,"OTTOPSH":null}},{"arcs":[[-328,990,-989,991,992]],"type":"Polygon","properties":{"CodIbge":"4124004","Cmun":"2400","Municipio":"Santana do Itararé","CRegIdr":"14","RegIdr":"Santo Antonio da Platina","MesoIdr":"Norte","area":25181.583,"selec":"0","selec2":null,"selecBIDI":0,"OTTOPSH":null}},{"arcs":[[-712,993,994,995,996,-714]],"type":"Polygon","properties":{"CodIbge":"4126207","Cmun":"2620","Municipio":"Sapopema","CRegIdr":"13","RegIdr":"Cornélio Procópio","MesoIdr":"Norte","area":67807.644,"selec":"0","selec2":null,"selecBIDI":0,"OTTOPSH":null}},{"arcs":[[-5,997,-17,-319,-761,-762]],"type":"Polygon","properties":{"CodIbge":"4105508","Cmun":"0550","Municipio":"Cianorte","CRegIdr":"22","RegIdr":"Cianorte","MesoIdr":"Noroeste","area":81074.768,"selec":"1","selec2":1,"selecBIDI":1,"OTTOPSH":"1"}},{"arcs":[[-644,998,-984,-981]],"type":"Polygon","properties":{"CodIbge":"4107520","Cmun":"0752","Municipio":"Esperança Nova","CRegIdr":"09","RegIdr":"Umuarama","MesoIdr":"Noroeste","area":14314.506,"selec":"0","selec2":null,"selecBIDI":1,"OTTOPSH":"1"}},{"arcs":[[-32,-336,-335,999,1000,-756,-317,-322]],"type":"Polygon","properties":{"CodIbge":"4127205","Cmun":"2720","Municipio":"Terra Boa","CRegIdr":"19","RegIdr":"Campo Mourão","MesoIdr":"Noroeste","area":32425.758,"selec":"1","selec2":1,"selecBIDI":1,"OTTOPSH":null}},{"arcs":[[-705,-959,-830,1001,1002]],"type":"Polygon","properties":{"CodIbge":"4113106","Cmun":"1310","Municipio":"Kaloré","CRegIdr":"20","RegIdr":"Apucarana","MesoIdr":"Norte","area":19308.824,"selec":"0","selec2":1,"selecBIDI":0,"OTTOPSH":null}},{"arcs":[[-562,-565,1003,-1002,-829,-832]],"type":"Polygon","properties":{"CodIbge":"4115507","Cmun":"1550","Municipio":"Marumbi","CRegIdr":"20","RegIdr":"Apucarana","MesoIdr":"Norte","area":20866.974,"selec":"0","selec2":1,"selecBIDI":0,"OTTOPSH":"1"}},{"arcs":[[-324,1004,1005,-973,1006,1007,-567,-633]],"type":"Polygon","properties":{"CodIbge":"4127809","Cmun":"2780","Municipio":"Tomazina","CRegIdr":"14","RegIdr":"Santo Antonio da Platina","MesoIdr":"Norte","area":59290.5,"selec":"0","selec2":1,"selecBIDI":0,"OTTOPSH":null}},{"arcs":[[-972,1008,1009,1010,-1007]],"type":"Polygon","properties":{"CodIbge":"4119202","Cmun":"1920","Municipio":"Pinhalão","CRegIdr":"14","RegIdr":"Santo Antonio da Platina","MesoIdr":"Norte","area":22026.265,"selec":"0","selec2":1,"selecBIDI":0,"OTTOPSH":null}},{"arcs":[[-549,-569,1011,-1010,1012]],"type":"Polygon","properties":{"CodIbge":"4112306","Cmun":"1230","Municipio":"Japira","CRegIdr":"14","RegIdr":"Santo Antonio da Platina","MesoIdr":"Norte","area":18748.555,"selec":"1","selec2":1,"selecBIDI":0,"OTTOPSH":null}},{"arcs":[[-339,1013,-833,-827,-815,1014,1015]],"type":"Polygon","properties":{"CodIbge":"4111100","Cmun":"1110","Municipio":"Itambé","CRegIdr":"11","RegIdr":"Maringá","MesoIdr":"Noroeste","area":24412.861,"selec":"0","selec2":1,"selecBIDI":0,"OTTOPSH":null}},{"arcs":[[-313,1016,1017,-707,1018]],"type":"Polygon","properties":{"CodIbge":"4122107","Cmun":"2210","Municipio":"Rio Bom","CRegIdr":"20","RegIdr":"Apucarana","MesoIdr":"Norte","area":17752.198,"selec":"0","selec2":1,"selecBIDI":0,"OTTOPSH":null}},{"arcs":[[-314,-1019,-706,-1003,-1004,-564]],"type":"Polygon","properties":{"CodIbge":"4117297","Cmun":"1729","Municipio":"Novo Itacolomi","CRegIdr":"20","RegIdr":"Apucarana","MesoIdr":"Norte","area":16106.597,"selec":"0","selec2":1,"selecBIDI":0,"OTTOPSH":"1"}},{"arcs":[[-538,-985,-999,-643,1019,1020]],"type":"Polygon","properties":{"CodIbge":"4128625","Cmun":"2862","Municipio":"Alto Paraíso","CRegIdr":"09","RegIdr":"Umuarama","MesoIdr":"Noroeste","area":104512.248,"selec":"0","selec2":null,"selecBIDI":1,"OTTOPSH":null}},{"arcs":[[-568,-1008,-1011,-1012]],"type":"Polygon","properties":{"CodIbge":"4111704","Cmun":"1170","Municipio":"Jaboti","CRegIdr":"14","RegIdr":"Santo Antonio da Platina","MesoIdr":"Norte","area":13896.307,"selec":"1","selec2":1,"selecBIDI":0,"OTTOPSH":null}},{"arcs":[[-573,1021,1022,1023,1024]],"type":"Polygon","properties":{"CodIbge":"4126678","Cmun":"2667","Municipio":"Tamarana","CRegIdr":"12","RegIdr":"Londrina","MesoIdr":"Norte","area":47332.412,"selec":"1","selec2":1,"selecBIDI":0,"OTTOPSH":null}},{"arcs":[[-42,-121,-111,1025,-65,1026,-1023,1027,-309]],"type":"Polygon","properties":{"CodIbge":"4113700","Cmun":"1370","Municipio":"Londrina","CRegIdr":"12","RegIdr":"Londrina","MesoIdr":"Norte","area":164985.531,"selec":"1","selec2":1,"selecBIDI":0,"OTTOPSH":"1"}},{"arcs":[[-51,-834,-1014,-338,-664,-631,-663,-516]],"type":"Polygon","properties":{"CodIbge":"4114807","Cmun":"1480","Municipio":"Marialva","CRegIdr":"11","RegIdr":"Maringá","MesoIdr":"Noroeste","area":47509.044,"selec":"1","selec2":1,"selecBIDI":0,"OTTOPSH":"1"}},{"arcs":[[-116,1028,-132,-130,1029]],"type":"Polygon","properties":{"CodIbge":"4121307","Cmun":"2130","Municipio":"Rancho Alegre","CRegIdr":"13","RegIdr":"Cornélio Procópio","MesoIdr":"Norte","area":16801.524,"selec":"0","selec2":1,"selecBIDI":0,"OTTOPSH":null}},{"arcs":[[-115,-629,1030,-349,-133,-1029]],"type":"Polygon","properties":{"CodIbge":"4126405","Cmun":"2640","Municipio":"Sertaneja","CRegIdr":"13","RegIdr":"Cornélio Procópio","MesoIdr":"Norte","area":44915.924,"selec":"0","selec2":1,"selecBIDI":0,"OTTOPSH":null}},{"arcs":[[-58,-1026,-117,-1030,-129]],"type":"Polygon","properties":{"CodIbge":"4109807","Cmun":"0980","Municipio":"Ibiporã","CRegIdr":"12","RegIdr":"Londrina","MesoIdr":"Norte","area":29849.389,"selec":"1","selec2":1,"selecBIDI":0,"OTTOPSH":"1"}},{"arcs":[[-351,1031,1032,1033,-530]],"type":"Polygon","properties":{"CodIbge":"4123907","Cmun":"2390","Municipio":"Santa Mariana","CRegIdr":"13","RegIdr":"Cornélio Procópio","MesoIdr":"Norte","area":42550.772,"selec":"1","selec2":1,"selecBIDI":0,"OTTOPSH":null}},{"arcs":[[-113,-120,-526,1034,-354,-627]],"type":"Polygon","properties":{"CodIbge":"4102802","Cmun":"0280","Municipio":"Bela Vista do Paraíso","CRegIdr":"12","RegIdr":"Londrina","MesoIdr":"Norte","area":24549.117,"selec":"0","selec2":1,"selecBIDI":1,"OTTOPSH":"1"}},{"arcs":[[-1033,1035,1036,1037]],"type":"Polygon","properties":{"CodIbge":"4111001","Cmun":"1100","Municipio":"Itambaracá","CRegIdr":"13","RegIdr":"Cornélio Procópio","MesoIdr":"Norte","area":20740.927,"selec":"0","selec2":1,"selecBIDI":0,"OTTOPSH":null}},{"arcs":[[-37,-70,-656,1038,-823,-804]],"type":"Polygon","properties":{"CodIbge":"4119707","Cmun":"1970","Municipio":"Planaltina do Paraná","CRegIdr":"10","RegIdr":"Paranavaí","MesoIdr":"Noroeste","area":35667.837,"selec":"0","selec2":null,"selecBIDI":1,"OTTOPSH":null}},{"arcs":[[-79,1039,1040,1041,1042,-824,-1039,-655,1043]],"type":"Polygon","properties":{"CodIbge":"4113502","Cmun":"1350","Municipio":"Loanda","CRegIdr":"10","RegIdr":"Paranavaí","MesoIdr":"Noroeste","area":72200.031,"selec":"0","selec2":null,"selecBIDI":1,"OTTOPSH":null}},{"arcs":[[-68,-233,-80,-1044,-654]],"type":"Polygon","properties":{"CodIbge":"4123709","Cmun":"2370","Municipio":"Santa Isabel do Ivaí","CRegIdr":"10","RegIdr":"Paranavaí","MesoIdr":"Noroeste","area":34858.528,"selec":"0","selec2":null,"selecBIDI":1,"OTTOPSH":null}},{"arcs":[[-155,1044,1045,-296,-294,-346]],"type":"Polygon","properties":{"CodIbge":"4124905","Cmun":"2490","Municipio":"São João do Caiuá","CRegIdr":"10","RegIdr":"Paranavaí","MesoIdr":"Noroeste","area":30537.933,"selec":"0","selec2":1,"selecBIDI":1,"OTTOPSH":null}},{"arcs":[[-355,-1035,-525,1046,1047,1048]],"type":"Polygon","properties":{"CodIbge":"4108007","Cmun":"0800","Municipio":"Florestópolis","CRegIdr":"12","RegIdr":"Londrina","MesoIdr":"Norte","area":24683.274,"selec":"0","selec2":null,"selecBIDI":1,"OTTOPSH":null}},{"arcs":[[-127,1049,-1047,-524]],"type":"Polygon","properties":{"CodIbge":"4116000","Cmun":"1600","Municipio":"Miraselva","CRegIdr":"12","RegIdr":"Londrina","MesoIdr":"Norte","area":8999.047,"selec":"0","selec2":null,"selecBIDI":1,"OTTOPSH":null}},{"arcs":[[-356,-1049,1050,1051]],"type":"Polygon","properties":{"CodIbge":"4120002","Cmun":"2000","Municipio":"Porecatu","CRegIdr":"12","RegIdr":"Londrina","MesoIdr":"Norte","area":29134.631,"selec":"0","selec2":null,"selecBIDI":1,"OTTOPSH":null}},{"arcs":[[-152,-826,-168,1052,1053]],"type":"Polygon","properties":{"CodIbge":"4127304","Cmun":"2730","Municipio":"Terra Rica","CRegIdr":"10","RegIdr":"Paranavaí","MesoIdr":"Noroeste","area":69846.588,"selec":"0","selec2":null,"selecBIDI":1,"OTTOPSH":null}},{"arcs":[[-54,1054,1055,-1040,-78]],"type":"Polygon","properties":{"CodIbge":"4120200","Cmun":"2020","Municipio":"Porto Rico","CRegIdr":"10","RegIdr":"Paranavaí","MesoIdr":"Noroeste","area":22642.948,"selec":"0","selec2":null,"selecBIDI":1,"OTTOPSH":null}},{"arcs":[[-1041,-1056,1056,1057]],"type":"Polygon","properties":{"CodIbge":"4125902","Cmun":"2590","Municipio":"São Pedro do Paraná","CRegIdr":"10","RegIdr":"Paranavaí","MesoIdr":"Noroeste","area":25492.361,"selec":"0","selec2":null,"selecBIDI":1,"OTTOPSH":null}},{"arcs":[[-154,1058,1059,-1045]],"type":"Polygon","properties":{"CodIbge":"4124202","Cmun":"2420","Municipio":"Santo Antônio do Caiuá","CRegIdr":"10","RegIdr":"Paranavaí","MesoIdr":"Noroeste","area":22221.402,"selec":"0","selec2":null,"selecBIDI":1,"OTTOPSH":null}},{"arcs":[[-1042,-1058,1060,1061]],"type":"Polygon","properties":{"CodIbge":"4115002","Cmun":"1500","Municipio":"Marilena","CRegIdr":"10","RegIdr":"Paranavaí","MesoIdr":"Noroeste","area":23198.648,"selec":"0","selec2":null,"selecBIDI":1,"OTTOPSH":null}},{"arcs":[[-169,-825,-1043,-1062,1062,1063]],"type":"Polygon","properties":{"CodIbge":"4117107","Cmun":"1710","Municipio":"Nova Londrina","CRegIdr":"10","RegIdr":"Paranavaí","MesoIdr":"Noroeste","area":27056.757,"selec":"0","selec2":null,"selecBIDI":1,"OTTOPSH":null}},{"arcs":[[-167,-1064,1064,-1053]],"type":"Polygon","properties":{"CodIbge":"4107108","Cmun":"0710","Municipio":"Diamante do Norte","CRegIdr":"10","RegIdr":"Paranavaí","MesoIdr":"Noroeste","area":24228.351,"selec":"0","selec2":null,"selecBIDI":1,"OTTOPSH":null}},{"arcs":[[-678,-800,1065]],"type":"Polygon","properties":{"CodIbge":"4112603","Cmun":"1260","Municipio":"Jardim Olinda","CRegIdr":"10","RegIdr":"Paranavaí","MesoIdr":"Noroeste","area":12898.253,"selec":"0","selec2":null,"selecBIDI":1,"OTTOPSH":null}},{"arcs":[[-684,-964,-933,-925,-909,-963]],"type":"Polygon","properties":{"CodIbge":"4117909","Cmun":"1790","Municipio":"Palotina","CRegIdr":"18","RegIdr":"Toledo","MesoIdr":"Oeste","area":65257.337,"selec":"1","selec2":1,"selecBIDI":0,"OTTOPSH":"1"}},{"arcs":[[-638,1066,1067,-960]],"type":"Polygon","properties":{"CodIbge":"4108809","Cmun":"0880","Municipio":"Guaíra","CRegIdr":"18","RegIdr":"Toledo","MesoIdr":"Oeste","area":56870.368,"selec":"0","selec2":1,"selecBIDI":1,"OTTOPSH":null}},{"arcs":[[-175,-782,-196,-369,-607,1068,1069,-724,-696,-730,-766]],"type":"Polygon","properties":{"CodIbge":"4101002","Cmun":"0100","Municipio":"Ampére","CRegIdr":"16","RegIdr":"Francisco Beltrão","MesoIdr":"Sudoeste","area":29815.494,"selec":"1","selec2":1,"selecBIDI":0,"OTTOPSH":null}},{"arcs":[[-199,-780,-652,-584,-370]],"type":"Polygon","properties":{"CodIbge":"4107405","Cmun":"0740","Municipio":"Enéas Marques","CRegIdr":"16","RegIdr":"Francisco Beltrão","MesoIdr":"Sudoeste","area":19432.571,"selec":"1","selec2":1,"selecBIDI":0,"OTTOPSH":null}},{"arcs":[[-361,1070,-725,-1070,1071,1072]],"type":"Polygon","properties":{"CodIbge":"4124400","Cmun":"2440","Municipio":"Santo Antônio do Sudoeste","CRegIdr":"16","RegIdr":"Francisco Beltrão","MesoIdr":"Sudoeste","area":32573.562,"selec":"0","selec2":1,"selecBIDI":0,"OTTOPSH":null}},{"arcs":[[-625,1073,1074,1075,1076,-735]],"type":"Polygon","properties":{"CodIbge":"4106456","Cmun":"0645","Municipio":"Coronel Domingos Soares","CRegIdr":"15","RegIdr":"Pato Branco","MesoIdr":"Sudoeste","area":155370.064,"selec":"0","selec2":null,"selecBIDI":0,"OTTOPSH":null}},{"arcs":[[-407,-794,-792,-736,-1077,1077,-769,1078]],"type":"Polygon","properties":{"CodIbge":"4119301","Cmun":"1930","Municipio":"Pinhão","CRegIdr":"05","RegIdr":"Guarapuava","MesoIdr":"Centro","area":200373.573,"selec":"0","selec2":1,"selecBIDI":0,"OTTOPSH":null}},{"arcs":[[-189,-362,-1073,1079,-605]],"type":"Polygon","properties":{"CodIbge":"4122800","Cmun":"2280","Municipio":"Salgado Filho","CRegIdr":"16","RegIdr":"Francisco Beltrão","MesoIdr":"Sudoeste","area":18764.037,"selec":"0","selec2":1,"selecBIDI":0,"OTTOPSH":null}},{"arcs":[[-606,-1080,-1072,-1069]],"type":"Polygon","properties":{"CodIbge":"4119251","Cmun":"1925","Municipio":"Pinhal de São Bento","CRegIdr":"16","RegIdr":"Francisco Beltrão","MesoIdr":"Sudoeste","area":9812.353,"selec":"0","selec2":1,"selecBIDI":0,"OTTOPSH":null}},{"arcs":[[-365,-753,-751,-742,1080,1081]],"type":"Polygon","properties":{"CodIbge":"4106506","Cmun":"0650","Municipio":"Coronel Vivida","CRegIdr":"15","RegIdr":"Pato Branco","MesoIdr":"Sudoeste","area":68203.31,"selec":"1","selec2":1,"selecBIDI":0,"OTTOPSH":null}},{"arcs":[[-741,-771,1082,-1075,1083,1084,-1081]],"type":"Polygon","properties":{"CodIbge":"4114401","Cmun":"1440","Municipio":"Mangueirinha","CRegIdr":"15","RegIdr":"Pato Branco","MesoIdr":"Sudoeste","area":105885.179,"selec":"0","selec2":1,"selecBIDI":0,"OTTOPSH":null}},{"arcs":[[1085,1086,1087,1088,1089]],"type":"Polygon","properties":{"CodIbge":"4100301","Cmun":"0030","Municipio":"Agudos do Sul","CRegIdr":"02","RegIdr":"Curitiba","MesoIdr":"Metropolitana e Litoral","area":19184.498,"selec":"0","selec2":null,"selecBIDI":0,"OTTOPSH":null}},{"arcs":[[-387,-392,1090,-1086,1091,-754]],"type":"Polygon","properties":{"CodIbge":"4114302","Cmun":"1430","Municipio":"Mandirituba","CRegIdr":"02","RegIdr":"Curitiba","MesoIdr":"Metropolitana e Litoral","area":37887.258,"selec":"0","selec2":1,"selecBIDI":0,"OTTOPSH":null}},{"arcs":[[-746,1092,1093,1094]],"type":"Polygon","properties":{"CodIbge":"4122305","Cmun":"2230","Municipio":"Rio Negro","CRegIdr":"02","RegIdr":"Curitiba","MesoIdr":"Metropolitana e Litoral","area":60472.553,"selec":"0","selec2":null,"selecBIDI":0,"OTTOPSH":null}},{"arcs":[[-745,1095,1096,-1093]],"type":"Polygon","properties":{"CodIbge":"4104105","Cmun":"0410","Municipio":"Campo do Tenente","CRegIdr":"02","RegIdr":"Curitiba","MesoIdr":"Metropolitana e Litoral","area":30463.69,"selec":"0","selec2":null,"selecBIDI":0,"OTTOPSH":null}},{"arcs":[[-1089,1097,-1094,-1097,1098]],"type":"Polygon","properties":{"CodIbge":"4119103","Cmun":"1910","Municipio":"Piên","CRegIdr":"02","RegIdr":"Curitiba","MesoIdr":"Metropolitana e Litoral","area":25633.775,"selec":"0","selec2":null,"selecBIDI":0,"OTTOPSH":null}},{"arcs":[[-221,-755,-1092,-1090,-1099,-1096,-744]],"type":"Polygon","properties":{"CodIbge":"4121208","Cmun":"2120","Municipio":"Quitandinha","CRegIdr":"02","RegIdr":"Curitiba","MesoIdr":"Metropolitana e Litoral","area":44674.901,"selec":"0","selec2":null,"selecBIDI":0,"OTTOPSH":null}},{"arcs":[[-758,1099,-949,-808,1100,1101,1102]],"type":"Polygon","properties":{"CodIbge":"4104303","Cmun":"0430","Municipio":"Campo Mourão","CRegIdr":"19","RegIdr":"Campo Mourão","MesoIdr":"Noroeste","area":74658.432,"selec":"1","selec2":1,"selecBIDI":1,"OTTOPSH":null}},{"arcs":[[-243,1103,-434,-658,-650]],"type":"Polygon","properties":{"CodIbge":"4106571","Cmun":"0657","Municipio":"Cruzeiro do Iguaçu","CRegIdr":"23","RegIdr":"Dois Vizinhos","MesoIdr":"Sudoeste","area":16013.077,"selec":"0","selec2":1,"selecBIDI":0,"OTTOPSH":null}},{"arcs":[[-242,1104,1105,-502,-600,-435,-1104]],"type":"Polygon","properties":{"CodIbge":"4127858","Cmun":"2785","Municipio":"Três Barras do Paraná","CRegIdr":"17","RegIdr":"Cascavel","MesoIdr":"Oeste","area":50969.354,"selec":"0","selec2":null,"selecBIDI":0,"OTTOPSH":null}},{"arcs":[[-173,1106,1107,-1105,-246,-779,-781]],"type":"Polygon","properties":{"CodIbge":"4117255","Cmun":"1725","Municipio":"Nova Prata do Iguaçu","CRegIdr":"23","RegIdr":"Dois Vizinhos","MesoIdr":"Sudoeste","area":34894.613,"selec":"0","selec2":1,"selecBIDI":0,"OTTOPSH":null}},{"arcs":[[-172,-667,-460,-489,-699,1108,-1107]],"type":"Polygon","properties":{"CodIbge":"4104600","Cmun":"0460","Municipio":"Capitão Leônidas Marques","CRegIdr":"17","RegIdr":"Cascavel","MesoIdr":"Oeste","area":27798.016,"selec":"1","selec2":1,"selecBIDI":0,"OTTOPSH":null}},{"arcs":[[-503,-1106,-1108,-1109,-698]],"type":"Polygon","properties":{"CodIbge":"4103057","Cmun":"0305","Municipio":"Boa Vista da Aparecida","CRegIdr":"17","RegIdr":"Cascavel","MesoIdr":"Oeste","area":26519.32,"selec":"0","selec2":1,"selecBIDI":0,"OTTOPSH":null}},{"arcs":[[-807,-924,-893,1109,-1101]],"type":"Polygon","properties":{"CodIbge":"4113734","Cmun":"1373","Municipio":"Luiziana","CRegIdr":"19","RegIdr":"Campo Mourão","MesoIdr":"Noroeste","area":91641.326,"selec":"1","selec2":1,"selecBIDI":1,"OTTOPSH":null}},{"arcs":[[-217,-447,-506,1110,-738]],"type":"Polygon","properties":{"CodIbge":"4120150","Cmun":"2015","Municipio":"Porto Barreiro","CRegIdr":"21","RegIdr":"Laranjeiras do Sul","MesoIdr":"Centro","area":36623.697,"selec":"0","selec2":1,"selecBIDI":0,"OTTOPSH":null}},{"arcs":[[-408,-1079,-768,-739,-1111,-505,-508]],"type":"Polygon","properties":{"CodIbge":"4104428","Cmun":"0442","Municipio":"Candói","CRegIdr":"05","RegIdr":"Guarapuava","MesoIdr":"Centro","area":150965.13,"selec":"1","selec2":1,"selecBIDI":0,"OTTOPSH":null}},{"arcs":[[-550,-1013,-1009,-971,-954,-708,-715,-997,1111,-669]],"type":"Polygon","properties":{"CodIbge":"4109708","Cmun":"0970","Municipio":"Ibaiti","CRegIdr":"14","RegIdr":"Santo Antonio da Platina","MesoIdr":"Norte","area":89893.524,"selec":"1","selec2":1,"selecBIDI":0,"OTTOPSH":null}},{"arcs":[[-341,-694,-670,-1112,-996,1112]],"type":"Polygon","properties":{"CodIbge":"4106001","Cmun":"0600","Municipio":"Congonhinhas","CRegIdr":"13","RegIdr":"Cornélio Procópio","MesoIdr":"Norte","area":53577.892,"selec":"0","selec2":null,"selecBIDI":0,"OTTOPSH":null}},{"arcs":[[-75,-531,-1034,-1038,1113,-146,-140,1114]],"type":"Polygon","properties":{"CodIbge":"4102406","Cmun":"0240","Municipio":"Bandeirantes","CRegIdr":"13","RegIdr":"Cornélio Procópio","MesoIdr":"Norte","area":44607.375,"selec":"1","selec2":1,"selecBIDI":0,"OTTOPSH":null}},{"arcs":[[-303,1115,1116,1117,1118]],"type":"Polygon","properties":{"CodIbge":"4116406","Cmun":"1640","Municipio":"Nossa Senhora das Graças","CRegIdr":"11","RegIdr":"Maringá","MesoIdr":"Noroeste","area":18624.888,"selec":"0","selec2":null,"selecBIDI":1,"OTTOPSH":null}},{"arcs":[[-299,-801,-681,-978,1119,-1116,-302,-308]],"type":"Polygon","properties":{"CodIbge":"4105904","Cmun":"0590","Municipio":"Colorado","CRegIdr":"11","RegIdr":"Maringá","MesoIdr":"Noroeste","area":40873.256,"selec":"0","selec2":null,"selecBIDI":1,"OTTOPSH":null}},{"arcs":[[-87,-331,-329,-993,1120,-1005,-323]],"type":"Polygon","properties":{"CodIbge":"4126603","Cmun":"2660","Municipio":"Siqueira Campos","CRegIdr":"14","RegIdr":"Santo Antonio da Platina","MesoIdr":"Norte","area":27850.136,"selec":"0","selec2":null,"selecBIDI":0,"OTTOPSH":null}},{"arcs":[[-974,-1006,-1121,-992,-988]],"type":"Polygon","properties":{"CodIbge":"4128500","Cmun":"2850","Municipio":"Wenceslau Braz","CRegIdr":"14","RegIdr":"Santo Antonio da Platina","MesoIdr":"Norte","area":39620.855,"selec":"0","selec2":null,"selecBIDI":0,"OTTOPSH":null}},{"arcs":[[-770,-1078,-1076,-1083]],"type":"Polygon","properties":{"CodIbge":"4121752","Cmun":"2175","Municipio":"Reserva do Iguaçu","CRegIdr":"05","RegIdr":"Guarapuava","MesoIdr":"Centro","area":83268.079,"selec":"0","selec2":1,"selecBIDI":0,"OTTOPSH":null}},{"arcs":[[-161,1121,-1087,-1091,-391]],"type":"Polygon","properties":{"CodIbge":"4127601","Cmun":"2760","Municipio":"Tijucas do Sul","CRegIdr":"02","RegIdr":"Curitiba","MesoIdr":"Metropolitana e Litoral","area":67146.503,"selec":"0","selec2":null,"selecBIDI":0,"OTTOPSH":null}},{"arcs":[[-334,-340,-1016,1122,1123,-1000]],"type":"Polygon","properties":{"CodIbge":"4107504","Cmun":"0750","Municipio":"Engenheiro Beltrão","CRegIdr":"19","RegIdr":"Campo Mourão","MesoIdr":"Noroeste","area":47020.931,"selec":"1","selec2":1,"selecBIDI":1,"OTTOPSH":null}},{"arcs":[[-571,1124,1125,-986,-700,-1018,1126]],"type":"Polygon","properties":{"CodIbge":"4107603","Cmun":"0760","Municipio":"Faxinal","CRegIdr":"06","RegIdr":"Ivaiporã","MesoIdr":"Norte","area":71557.591,"selec":"1","selec2":1,"selecBIDI":0,"OTTOPSH":null}},{"arcs":[[-312,-554,-310,-1028,-1022,-572,-1127,-1017]],"type":"Polygon","properties":{"CodIbge":"4114906","Cmun":"1490","Municipio":"Marilândia do Sul","CRegIdr":"20","RegIdr":"Apucarana","MesoIdr":"Norte","area":38479.973,"selec":"1","selec2":1,"selecBIDI":0,"OTTOPSH":null}},{"arcs":[[-144,-148,1127,1128]],"type":"Polygon","properties":{"CodIbge":"4103602","Cmun":"0360","Municipio":"Cambará","CRegIdr":"14","RegIdr":"Santo Antonio da Platina","MesoIdr":"Norte","area":37148.587,"selec":"1","selec2":1,"selecBIDI":0,"OTTOPSH":null}},{"arcs":[[-819,-875,-920,-937,1129]],"type":"Polygon","properties":{"CodIbge":"4122172","Cmun":"2217","Municipio":"Rio Branco do Ivaí","CRegIdr":"06","RegIdr":"Ivaiporã","MesoIdr":"Norte","area":38167.58,"selec":"0","selec2":null,"selecBIDI":0,"OTTOPSH":null}},{"arcs":[[-14,-20,1130,1131,1132,1133,-320]],"type":"Polygon","properties":{"CodIbge":"4124608","Cmun":"2460","Municipio":"São Carlos do Ivaí","CRegIdr":"10","RegIdr":"Paranavaí","MesoIdr":"Noroeste","area":22505.25,"selec":"0","selec2":1,"selecBIDI":1,"OTTOPSH":"1"}},{"arcs":[[-96,-321,-1134,1134,-521]],"type":"Polygon","properties":{"CodIbge":"4107801","Cmun":"0780","Municipio":"Floraí","CRegIdr":"11","RegIdr":"Maringá","MesoIdr":"Noroeste","area":18980.388,"selec":"0","selec2":1,"selecBIDI":1,"OTTOPSH":null}},{"arcs":[[-1118,1135,1136,1137,1138]],"type":"Polygon","properties":{"CodIbge":"4103404","Cmun":"0340","Municipio":"Cafeara","CRegIdr":"12","RegIdr":"Londrina","MesoIdr":"Norte","area":18490.408,"selec":"0","selec2":null,"selecBIDI":1,"OTTOPSH":null}},{"arcs":[[-1137,1139,1140,1141]],"type":"Polygon","properties":{"CodIbge":"4113809","Cmun":"1380","Municipio":"Lupionópolis","CRegIdr":"12","RegIdr":"Londrina","MesoIdr":"Norte","area":12160.631,"selec":"0","selec2":null,"selecBIDI":1,"OTTOPSH":null}},{"arcs":[[-343,1142,1143]],"type":"Polygon","properties":{"CodIbge":"4117214","Cmun":"1721","Municipio":"Nova Santa Bárbara","CRegIdr":"13","RegIdr":"Cornélio Procópio","MesoIdr":"Norte","area":8021.042,"selec":"0","selec2":null,"selecBIDI":0,"OTTOPSH":null}},{"arcs":[[-64,1144,-1143,-342,-1113,-995,1145,-1024,-1027]],"type":"Polygon","properties":{"CodIbge":"4124707","Cmun":"2470","Municipio":"São Jerônimo da Serra","CRegIdr":"13","RegIdr":"Cornélio Procópio","MesoIdr":"Norte","area":82485.08,"selec":"0","selec2":1,"selecBIDI":0,"OTTOPSH":null}},{"arcs":[[-63,-692,-1144,-1145]],"type":"Polygon","properties":{"CodIbge":"4123204","Cmun":"2320","Municipio":"Santa Cecília do Pavão","CRegIdr":"13","RegIdr":"Cornélio Procópio","MesoIdr":"Norte","area":10623.493,"selec":"0","selec2":null,"selecBIDI":0,"OTTOPSH":null}},{"arcs":[[-76,-1115,-139,-552,-668]],"type":"Polygon","properties":{"CodIbge":"4100103","Cmun":"0010","Municipio":"Abatiá","CRegIdr":"13","RegIdr":"Cornélio Procópio","MesoIdr":"Norte","area":22795.715,"selec":"0","selec2":1,"selecBIDI":0,"OTTOPSH":null}},{"arcs":[[-74,-157,-348,-522,-1135,-1133,1146]],"type":"Polygon","properties":{"CodIbge":"4126702","Cmun":"2670","Municipio":"Tamboara","CRegIdr":"10","RegIdr":"Paranavaí","MesoIdr":"Noroeste","area":19310.555,"selec":"1","selec2":1,"selecBIDI":1,"OTTOPSH":"1"}},{"arcs":[[-125,-304,-1119,-1139,1147]],"type":"Polygon","properties":{"CodIbge":"4109203","Cmun":"0920","Municipio":"Guaraci","CRegIdr":"12","RegIdr":"Londrina","MesoIdr":"Norte","area":21208.535,"selec":"0","selec2":null,"selecBIDI":1,"OTTOPSH":null}},{"arcs":[[-126,-1148,-1138,-1142,1148,-1051,-1048,-1050]],"type":"Polygon","properties":{"CodIbge":"4105102","Cmun":"0510","Municipio":"Centenário do Sul","CRegIdr":"12","RegIdr":"Londrina","MesoIdr":"Norte","area":37035.622,"selec":"0","selec2":null,"selecBIDI":1,"OTTOPSH":null}},{"arcs":[[-287,-876,-822,1149,-930,-717]],"type":"Polygon","properties":{"CodIbge":"4121703","Cmun":"2170","Municipio":"Reserva","CRegIdr":"04","RegIdr":"Ponta Grossa","MesoIdr":"Centro Sul","area":164424.063,"selec":"0","selec2":1,"selecBIDI":0,"OTTOPSH":null}},{"arcs":[[-570,-1025,-1146,-994,-711,-953,-931,-1150,-821,1150,-1125]],"type":"Polygon","properties":{"CodIbge":"4117305","Cmun":"1730","Municipio":"Ortigueira","CRegIdr":"04","RegIdr":"Ponta Grossa","MesoIdr":"Centro Sul","area":243209.556,"selec":"1","selec2":1,"selecBIDI":0,"OTTOPSH":null}},{"arcs":[[-181,1151,-889,-191,-363]],"type":"Polygon","properties":{"CodIbge":"4128708","Cmun":"2870","Municipio":"Vitorino","CRegIdr":"15","RegIdr":"Pato Branco","MesoIdr":"Sudoeste","area":30739.15,"selec":"1","selec2":1,"selecBIDI":0,"OTTOPSH":null}},{"arcs":[[-380,1152,-442,-622,-465,-484,-485]],"type":"Polygon","properties":{"CodIbge":"4104006","Cmun":"0400","Municipio":"Campina Grande do Sul","CRegIdr":"02","RegIdr":"Curitiba","MesoIdr":"Metropolitana e Litoral","area":54213.121,"selec":"1","selec2":1,"selecBIDI":0,"OTTOPSH":null}},{"arcs":[[-398,-493,1153,-749,1154,-772]],"type":"Polygon","properties":{"CodIbge":"4125100","Cmun":"2510","Municipio":"São João do Triunfo","CRegIdr":"04","RegIdr":"Ponta Grossa","MesoIdr":"Centro Sul","area":71891.806,"selec":"0","selec2":1,"selecBIDI":0,"OTTOPSH":null}},{"arcs":[[-225,-431,-750,-1154,-492,-619,-258,-473]],"type":"Polygon","properties":{"CodIbge":"4117701","Cmun":"1770","Municipio":"Palmeira","CRegIdr":"04","RegIdr":"Ponta Grossa","MesoIdr":"Centro Sul","area":147241.026,"selec":"1","selec2":1,"selecBIDI":0,"OTTOPSH":null}},{"arcs":[[-147,-1114,-1037,1155,-1128]],"type":"Polygon","properties":{"CodIbge":"4101101","Cmun":"0110","Municipio":"Andirá","CRegIdr":"13","RegIdr":"Cornélio Procópio","MesoIdr":"Norte","area":23371.682,"selec":"1","selec2":1,"selecBIDI":0,"OTTOPSH":null}},{"arcs":[[-977,1156,-1140,-1136,-1117,-1120]],"type":"Polygon","properties":{"CodIbge":"4124509","Cmun":"2450","Municipio":"Santo Inácio","CRegIdr":"11","RegIdr":"Maringá","MesoIdr":"Noroeste","area":28076.473,"selec":"0","selec2":null,"selecBIDI":1,"OTTOPSH":null}},{"arcs":[[-578,1157,-796,1158,1159]],"type":"Polygon","properties":{"CodIbge":"4116059","Cmun":"1605","Municipio":"Missal","CRegIdr":"17","RegIdr":"Cascavel","MesoIdr":"Oeste","area":32378.344,"selec":"1","selec2":1,"selecBIDI":0,"OTTOPSH":null}},{"arcs":[[-455,-797,-1158,-583,-597,-857,-855]],"type":"Polygon","properties":{"CodIbge":"4107157","Cmun":"0715","Municipio":"Diamante d'Oeste","CRegIdr":"17","RegIdr":"Cascavel","MesoIdr":"Oeste","area":30802.228,"selec":"0","selec2":1,"selecBIDI":0,"OTTOPSH":null}},{"arcs":[[-4,-546,1160,-18,-12,-998]],"type":"Polygon","properties":{"CodIbge":"4110409","Cmun":"1040","Municipio":"Indianópolis","CRegIdr":"22","RegIdr":"Cianorte","MesoIdr":"Noroeste","area":12386.941,"selec":"1","selec2":1,"selecBIDI":1,"OTTOPSH":"1"}},{"arcs":[[-19,-1161,-545,1161,-1131]],"type":"Polygon","properties":{"CodIbge":"4125555","Cmun":"2555","Municipio":"São Manoel do Paraná","CRegIdr":"22","RegIdr":"Cianorte","MesoIdr":"Noroeste","area":9441.027,"selec":"0","selec2":1,"selecBIDI":1,"OTTOPSH":"1"}},{"arcs":[[-57,-235,-539,-1021,1162]],"type":"Polygon","properties":{"CodIbge":"4109906","Cmun":"0990","Municipio":"Icaraíma","CRegIdr":"09","RegIdr":"Umuarama","MesoIdr":"Noroeste","area":69450.308,"selec":"0","selec2":null,"selecBIDI":1,"OTTOPSH":null}},{"arcs":[[-646,-983,-965,-961,-1068,1163]],"type":"Polygon","properties":{"CodIbge":"4100509","Cmun":"0050","Municipio":"Altônia","CRegIdr":"09","RegIdr":"Umuarama","MesoIdr":"Noroeste","area":72833.001,"selec":"0","selec2":1,"selecBIDI":1,"OTTOPSH":"1"}},{"arcs":[[-581,1164,-636,-880,-593]],"type":"Polygon","properties":{"CodIbge":"4107538","Cmun":"0753","Municipio":"Entre Rios do Oeste","CRegIdr":"18","RegIdr":"Toledo","MesoIdr":"Oeste","area":12013.006,"selec":"1","selec2":1,"selecBIDI":0,"OTTOPSH":null}},{"arcs":[[-248,1165,1166,-450,1167,-250,-598]],"type":"Polygon","properties":{"CodIbge":"4125704","Cmun":"2570","Municipio":"São Miguel do Iguaçu","CRegIdr":"17","RegIdr":"Cascavel","MesoIdr":"Oeste","area":85252.471,"selec":"1","selec2":1,"selecBIDI":0,"OTTOPSH":null}},{"arcs":[[-297,-1046,-1060,1168,-798]],"type":"Polygon","properties":{"CodIbge":"4110300","Cmun":"1030","Municipio":"Inajá","CRegIdr":"10","RegIdr":"Paranavaí","MesoIdr":"Noroeste","area":19385.276,"selec":"0","selec2":null,"selecBIDI":1,"OTTOPSH":null}},{"arcs":[[-183,-367,1169,-1084,-1074,-624,1170]],"type":"Polygon","properties":{"CodIbge":"4105706","Cmun":"0570","Municipio":"Clevelândia","CRegIdr":"15","RegIdr":"Pato Branco","MesoIdr":"Sudoeste","area":70196.878,"selec":"0","selec2":1,"selecBIDI":0,"OTTOPSH":null}},{"arcs":[[-366,-1082,-1085,-1170]],"type":"Polygon","properties":{"CodIbge":"4109658","Cmun":"0965","Municipio":"Honório Serpa","CRegIdr":"15","RegIdr":"Pato Branco","MesoIdr":"Sudoeste","area":50302.421,"selec":"0","selec2":1,"selecBIDI":0,"OTTOPSH":null}},{"arcs":[[-869,-907,-946,1171,-1102,-1110,-878]],"type":"Polygon","properties":{"CodIbge":"4114005","Cmun":"1400","Municipio":"Mamborê","CRegIdr":"19","RegIdr":"Campo Mourão","MesoIdr":"Noroeste","area":78790.246,"selec":"1","selec2":1,"selecBIDI":1,"OTTOPSH":null}},{"arcs":[[-559,-763,-759,-1103,-1172,-945]],"type":"Polygon","properties":{"CodIbge":"4107553","Cmun":"0755","Municipio":"Farol","CRegIdr":"19","RegIdr":"Campo Mourão","MesoIdr":"Noroeste","area":28944.582,"selec":"0","selec2":1,"selecBIDI":1,"OTTOPSH":null}},{"arcs":[[-820,-1130,-936,1172,-969,-987,-1126,-1151]],"type":"Polygon","properties":{"CodIbge":"4108700","Cmun":"0870","Municipio":"Grandes Rios","CRegIdr":"06","RegIdr":"Ivaiporã","MesoIdr":"Norte","area":30859.068,"selec":"0","selec2":null,"selecBIDI":0,"OTTOPSH":null}},{"arcs":[[-748,1173,-773,-1155]],"type":"Polygon","properties":{"CodIbge":"4101309","Cmun":"0130","Municipio":"Antônio Olinto","CRegIdr":"03","RegIdr":"União da Vitória","MesoIdr":"Centro Sul","area":46664.705,"selec":"0","selec2":null,"selecBIDI":0,"OTTOPSH":null}},{"arcs":[[-757,-1001,-1124,1174,-813,-810,-950,-1100]],"type":"Polygon","properties":{"CodIbge":"4118808","Cmun":"1880","Municipio":"Peabiru","CRegIdr":"19","RegIdr":"Campo Mourão","MesoIdr":"Noroeste","area":46891.324,"selec":"1","selec2":1,"selecBIDI":1,"OTTOPSH":"1"}},{"arcs":[[-814,-1175,-1123,-1015]],"type":"Polygon","properties":{"CodIbge":"4121109","Cmun":"2110","Municipio":"Quinta do Sol","CRegIdr":"19","RegIdr":"Campo Mourão","MesoIdr":"Noroeste","area":32588.646,"selec":"0","selec2":1,"selecBIDI":0,"OTTOPSH":null}},{"arcs":[[-71,-1147,-1132,-1162,-544,-689,-802]],"type":"Polygon","properties":{"CodIbge":"4118006","Cmun":"1800","Municipio":"Paraíso do Norte","CRegIdr":"10","RegIdr":"Paranavaí","MesoIdr":"Noroeste","area":20416.535,"selec":"1","selec2":1,"selecBIDI":1,"OTTOPSH":"1"}},{"arcs":[[-383,-486,-471,1175,1176]],"type":"Polygon","properties":{"CodIbge":"4100400","Cmun":"0040","Municipio":"Almirante Tamandaré","CRegIdr":"02","RegIdr":"Curitiba","MesoIdr":"Metropolitana e Litoral","area":19397.888,"selec":"0","selec2":1,"selecBIDI":0,"OTTOPSH":null}},{"arcs":[[-470,-476,1177,-1176]],"type":"Polygon","properties":{"CodIbge":"4104253","Cmun":"0425","Municipio":"Campo Magro","CRegIdr":"02","RegIdr":"Curitiba","MesoIdr":"Metropolitana e Litoral","area":27458.5,"selec":"0","selec2":1,"selecBIDI":0,"OTTOPSH":null}},{"arcs":[[-614,1178,1179]],"type":"Polygon","properties":{"CodIbge":"4118600","Cmun":"1860","Municipio":"Paula Freitas","CRegIdr":"03","RegIdr":"União da Vitória","MesoIdr":"Centro Sul","area":42552.881,"selec":"0","selec2":null,"selecBIDI":0,"OTTOPSH":null}},{"arcs":[[-613,-790,-775,1180,-1179]],"type":"Polygon","properties":{"CodIbge":"4118709","Cmun":"1870","Municipio":"Paulo Frontin","CRegIdr":"03","RegIdr":"União da Vitória","MesoIdr":"Centro Sul","area":37018.811,"selec":"0","selec2":null,"selecBIDI":0,"OTTOPSH":null}},{"arcs":[[-384,-1177,-1178,-475,-852]],"type":"Polygon","properties":{"CodIbge":"4111258","Cmun":"1125","Municipio":"Itaperuçu","CRegIdr":"02","RegIdr":"Curitiba","MesoIdr":"Metropolitana e Litoral","area":32285.15,"selec":"0","selec2":1,"selecBIDI":0,"OTTOPSH":null}},{"arcs":[[-247,1181,-579,-1160,1182,-1166]],"type":"Polygon","properties":{"CodIbge":"4110953","Cmun":"1095","Municipio":"Itaipulândia","CRegIdr":"17","RegIdr":"Cascavel","MesoIdr":"Oeste","area":32882.444,"selec":"1","selec2":1,"selecBIDI":0,"OTTOPSH":null}},{"arcs":[[-451,-1167,-1183,-1159,-795,-453]],"type":"Polygon","properties":{"CodIbge":"4115804","Cmun":"1580","Municipio":"Medianeira","CRegIdr":"17","RegIdr":"Cascavel","MesoIdr":"Oeste","area":32843.1,"selec":"1","selec2":1,"selecBIDI":0,"OTTOPSH":null}},{"arcs":[[-662,-922,-923,-672,-958,-970,-1173,-935]],"type":"Polygon","properties":{"CodIbge":"4112504","Cmun":"1250","Municipio":"Jardim Alegre","CRegIdr":"06","RegIdr":"Ivaiporã","MesoIdr":"Norte","area":41555.194,"selec":"0","selec2":1,"selecBIDI":0,"OTTOPSH":null}}]}}}